solid "Y329W4_Flat_top_RAS"
  facet normal -1.17893682727e-06 0.999999523163 -0.00100022577681
    outer loop
      vertex -3.33109378815 3.52473902702 4.7768368721
      vertex -2.81897497177 2.45174074173 4.77791070938
      vertex -2.22899603844 3.60853409767 4.77675437927
    endloop
  endfacet
  facet normal -4.26508995588e-06 0.999999523163 -0.000991403008811
    outer loop
      vertex -7.99236297607 8.4256477356 4.77193689346
      vertex -8.67007827759 8.70618057251 4.77165555954
      vertex -8.01037120819 8.3941411972 4.77196788788
    endloop
  endfacet
  facet normal 6.77552691286e-07 0.999999523163 -0.000999859184958
    outer loop
      vertex -3.33109378815 3.52473902702 4.7768368721
      vertex -3.65798449516 4.55625009537 4.77580547333
      vertex -4.23843669891 3.13349843025 4.77722883224
    endloop
  endfacet
  facet normal -1.00654506241e-06 0.999999523163 -0.00100041541737
    outer loop
      vertex -11.4886474609 4.47946453094 4.77588319778
      vertex -10.6166696548 4.84140968323 4.77552175522
      vertex -11.498167038 5.22466230392 4.77513742447
    endloop
  endfacet
  facet normal 5.42945485904e-07 0.999999523163 -0.000999813084491
    outer loop
      vertex -9.42982578278 5.3653793335 4.77499723434
      vertex -10.6166696548 4.84140968323 4.77552175522
      vertex -9.85466480255 4.10803699493 4.77625465393
    endloop
  endfacet
  facet normal 3.7052993207e-07 0.999999523163 -0.000999977113679
    outer loop
      vertex 1.48628938198 6.26350688934 4.77409887314
      vertex 0.536169946194 5.34579086304 4.77501678467
      vertex 1.58040046692 5.01822280884 4.77534389496
    endloop
  endfacet
  facet normal -1.74583271928e-06 0.999999523163 -0.000999629613943
    outer loop
      vertex 0.109873525798 5.76700782776 4.77459526062
      vertex 0.536169946194 5.34579086304 4.77501678467
      vertex 0.185106992722 5.95243310928 4.77440977097
    endloop
  endfacet
  facet normal 3.03917636302e-06 0.999999523163 -0.00100274896249
    outer loop
      vertex 0.651594102383 10.2582893372 4.77010393143
      vertex 0.238814234734 10.910367012 4.76945161819
      vertex -0.277552723885 11.3953046799 4.7689666748
    endloop
  endfacet
  facet normal 3.98418876557e-07 0.999999523163 -0.000999500858597
    outer loop
      vertex 0.170439869165 1.09274089336 4.77927017212
      vertex -0.470163017511 -0.128021687269 4.78049039841
      vertex 0.553694248199 -0.275067448616 4.78063726425
    endloop
  endfacet
  facet normal 1.14333555956e-08 0.999999523163 -0.000999766634777
    outer loop
      vertex -6.29038953781 5.09093427658 4.77527141571
      vertex -7.45138597488 4.86816358566 4.77549409866
      vertex -6.80365943909 3.98856449127 4.77637338638
    endloop
  endfacet
  facet normal -8.90953458565e-07 0.999999523163 -0.000999197363853
    outer loop
      vertex -1.28468573093 10.8487176895 4.76951360703
      vertex -0.985745489597 9.81527996063 4.77054691315
      vertex -0.4891102314 10.349899292 4.77001285553
    endloop
  endfacet
  facet normal -5.43673593256e-07 0.999999523163 -0.000999472104013
    outer loop
      vertex -3.33109378815 3.52473902702 4.7768368721
      vertex -3.41203665733 4.55811595917 4.77580404282
      vertex -3.65798449516 4.55625009537 4.77580547333
    endloop
  endfacet
  facet normal 1.26510514065e-07 0.999999523163 -0.000999199226499
    outer loop
      vertex 1.58040046692 5.01822280884 4.77534389496
      vertex 0.536169946194 5.34579086304 4.77501678467
      vertex 1.57970523834 4.55507802963 4.77580690384
    endloop
  endfacet
  facet normal 4.16669053038e-07 0.999999523163 -0.00100006512366
    outer loop
      vertex -6.80365943909 3.98856449127 4.77637338638
      vertex -7.45138597488 4.86816358566 4.77549409866
      vertex -7.64823055267 3.82216691971 4.77654027939
    endloop
  endfacet
  facet normal 3.37101482728e-07 0.999999523163 -0.00099985639099
    outer loop
      vertex -0.470163017511 -0.128021687269 4.78049039841
      vertex -1.8189303875 0.0334462299943 4.78032970428
      vertex -1.0526406765 -1.18970441818 4.78155231476
    endloop
  endfacet
  facet normal 5.95001154124e-07 0.999999523163 -0.000999817508273
    outer loop
      vertex 0.536169946194 5.34579086304 4.77501678467
      vertex 0.601735651493 4.3375043869 4.77602481842
      vertex 1.57970523834 4.55507802963 4.77580690384
    endloop
  endfacet
  facet normal -6.75868363942e-07 0.999999523163 -0.000999653479084
    outer loop
      vertex -10.3518009186 2.90237092972 4.7774605751
      vertex -11.4404201508 2.57781147957 4.77778434753
      vertex -11.3739080429 2.12069392204 4.77824115753
    endloop
  endfacet
  facet normal -3.63514658375e-07 0.999999523163 -0.000999701325782
    outer loop
      vertex -10.038110733 11.0031814575 4.76935911179
      vertex -9.7540178299 9.86909103394 4.77049303055
      vertex -8.85542583466 10.6740312576 4.76968860626
    endloop
  endfacet
  facet normal 5.29803912741e-07 0.999999523163 -0.00099960830994
    outer loop
      vertex -1.28468573093 10.8487176895 4.76951360703
      vertex -1.47822213173 10.0112285614 4.77035093307
      vertex -0.985745489597 9.81527996063 4.77054691315
    endloop
  endfacet
  facet normal -5.52162418899e-07 0.999999523163 -0.000999902957119
    outer loop
      vertex -11.4061288834 7.17666339874 4.77318525314
      vertex -10.0118103027 7.13934612274 4.77322340012
      vertex -11.3512516022 7.89112043381 4.77247095108
    endloop
  endfacet
  facet normal 1.19777951113e-07 0.999999523163 -0.0010002135532
    outer loop
      vertex -10.3518009186 2.90237092972 4.7774605751
      vertex -9.09384346008 3.2656686306 4.77709722519
      vertex -9.85466480255 4.10803699493 4.77625465393
    endloop
  endfacet
  facet normal -7.30186471287e-08 0.999999523163 -0.00100000586826
    outer loop
      vertex -2.81110072136 1.20802509785 4.77915430069
      vertex -3.60299086571 1.50397956371 4.77885818481
      vertex -3.84968328476 0.585342645645 4.77977657318
    endloop
  endfacet
  facet normal 2.92337603014e-07 0.999999523163 -0.000999980373308
    outer loop
      vertex 1.51290297508 3.3199224472 4.77704238892
      vertex 0.601735651493 4.3375043869 4.77602481842
      vertex 0.0883669182658 3.52460980415 4.77683782578
    endloop
  endfacet
  facet normal 3.39830393159e-07 0.999999523163 -0.0010004300857
    outer loop
      vertex -2.22342729568 11.5400161743 4.76882266998
      vertex -1.28468573093 10.8487176895 4.76951360703
      vertex -1.43898785114 12.2382268906 4.76812362671
    endloop
  endfacet
  facet normal -2.72580056304e-08 0.999999523163 -0.00099945475813
    outer loop
      vertex -1.86111271381 10.2303714752 4.77013158798
      vertex -1.28468573093 10.8487176895 4.76951360703
      vertex -2.17554926872 10.2990655899 4.77006292343
    endloop
  endfacet
  facet normal -1.87347239944e-07 0.999999523163 -0.000999714247882
    outer loop
      vertex -2.22342729568 11.5400161743 4.76882266998
      vertex -2.17554926872 10.2990655899 4.77006292343
      vertex -1.28468573093 10.8487176895 4.76951360703
    endloop
  endfacet
  facet normal -4.95897211295e-07 0.999999523163 -0.000999810523354
    outer loop
      vertex -1.34932792187 1.33398842812 4.77902889252
      vertex -2.14345622063 1.93092894554 4.7784318924
      vertex -2.81110072136 1.20802509785 4.77915430069
    endloop
  endfacet
  facet normal 5.22336904396e-07 0.999999523163 -0.00099978398066
    outer loop
      vertex -7.21110343933 -1.96967566013 4.78233146667
      vertex -8.06168365479 -1.3591837883 4.78172159195
      vertex -8.43006801605 -2.68297338486 4.78304481506
    endloop
  endfacet
  facet normal 1.28623071305e-07 0.999999523163 -0.00100032228511
    outer loop
      vertex -3.42062926292 11.7149524689 4.76864767075
      vertex -2.22342729568 11.5400161743 4.76882266998
      vertex -2.66640043259 12.7675876617 4.7675948143
    endloop
  endfacet
  facet normal -2.21492015839e-07 0.999999523163 -0.000999712850899
    outer loop
      vertex -2.17554926872 10.2990655899 4.77006292343
      vertex -2.22342729568 11.5400161743 4.76882266998
      vertex -2.94807815552 10.4974489212 4.76986455917
    endloop
  endfacet
  facet normal 1.55047690242e-08 0.999999523163 -0.000999548123218
    outer loop
      vertex -3.42062926292 11.7149524689 4.76864767075
      vertex -2.94807815552 10.4974489212 4.76986455917
      vertex -2.22342729568 11.5400161743 4.76882266998
    endloop
  endfacet
  facet normal -4.96714960718e-07 0.999999523163 -0.00100046768785
    outer loop
      vertex -10.3518009186 2.90237092972 4.7774605751
      vertex -9.85466480255 4.10803699493 4.77625465393
      vertex -10.7137737274 3.82961416245 4.77653264999
    endloop
  endfacet
  facet normal 3.26957660945e-07 0.999999523163 -0.000999669078737
    outer loop
      vertex -2.94807815552 10.4974489212 4.76986455917
      vertex -3.42062926292 11.7149524689 4.76864767075
      vertex -3.31616806984 10.5610628128 4.76980113983
    endloop
  endfacet
  facet normal 5.70755048557e-07 0.999999523163 -0.0010004718788
    outer loop
      vertex -8.36596107483 11.4068050385 4.76895523071
      vertex -9.26894187927 11.7954750061 4.76856708527
      vertex -8.85542583466 10.6740312576 4.76968860626
    endloop
  endfacet
  facet normal 1.31488349098e-07 0.999999523163 -0.000999888405204
    outer loop
      vertex -1.94847750664 -2.72529244423 4.78308773041
      vertex -1.30302619934 -2.3248770237 4.78268718719
      vertex -2.725253582 -1.98766970634 4.78235054016
    endloop
  endfacet
  facet normal -8.35191599435e-07 0.999999523163 -0.00100009271409
    outer loop
      vertex -11.3512516022 7.89112043381 4.77247095108
      vertex -10.0108270645 8.50786876678 4.77185535431
      vertex -11.0910778046 9.02739524841 4.77133512497
    endloop
  endfacet
  facet normal -1.12184136469e-06 0.999999523163 -0.00099953787867
    outer loop
      vertex -3.31616806984 10.5610628128 4.76980113983
      vertex -3.42062926292 11.7149524689 4.76864767075
      vertex -3.55084896088 10.5838909149 4.76977825165
    endloop
  endfacet
  facet normal 1.63156869348e-07 0.999999523163 -0.00100001972169
    outer loop
      vertex -9.74039936066 0.24388833344 4.78011846542
      vertex -9.68784046173 1.33443617821 4.77902793884
      vertex -11.0767889023 0.511840879917 4.77985048294
    endloop
  endfacet
  facet normal -6.46936086923e-08 0.999999523163 -0.00100011180621
    outer loop
      vertex -1.17526960373 3.8164703846 4.77654600143
      vertex 0.0883669182658 3.52460980415 4.77683782578
      vertex -0.656056404114 5.12274312973 4.77523946762
    endloop
  endfacet
  facet normal -7.34649518108e-07 0.999999523163 -0.00100153556559
    outer loop
      vertex -11.0767889023 0.511840879917 4.77985048294
      vertex -9.68784046173 1.33443617821 4.77902793884
      vertex -11.1578464508 0.767011702061 4.77959489822
    endloop
  endfacet
  facet normal -6.86457326537e-07 0.999999523163 -0.00100017909426
    outer loop
      vertex -8.47161769867 12.3459615707 4.76801586151
      vertex -8.36596107483 11.4068050385 4.76895523071
      vertex -7.50562095642 11.8839330673 4.76847839355
    endloop
  endfacet
  facet normal 6.57937221149e-07 0.999999523163 -0.000999843236059
    outer loop
      vertex -10.0118103027 7.13934612274 4.77322340012
      vertex -10.6258440018 5.9774389267 4.77438545227
      vertex -9.76829147339 6.29890489578 4.77406358719
    endloop
  endfacet
  facet normal 2.99308084095e-07 0.999999523163 -0.00100001308601
    outer loop
      vertex -9.74039936066 0.24388833344 4.78011846542
      vertex -8.81086826324 1.21184587479 4.77915000916
      vertex -9.68784046173 1.33443617821 4.77902793884
    endloop
  endfacet
  facet normal 3.08928065351e-07 0.999999523163 -0.000999063951895
    outer loop
      vertex -9.39586544037 2.3653011322 4.77799797058
      vertex -9.68784046173 1.33443617821 4.77902793884
      vertex -8.90401363373 1.80375492573 4.77855873108
    endloop
  endfacet
  facet normal 5.45080354186e-07 0.999999523163 -0.00100023509003
    outer loop
      vertex -0.517414212227 2.40273213387 4.77795982361
      vertex -1.17526960373 3.8164703846 4.77654600143
      vertex -1.70051920414 2.59894227982 4.77776432037
    endloop
  endfacet
  facet normal -5.88837849591e-08 0.999999523163 -0.000999881071039
    outer loop
      vertex -5.76130008698 10.3309144974 4.77003145218
      vertex -6.7194185257 11.0268335342 4.76933526993
      vertex -7.01592350006 9.5950460434 4.77076721191
    endloop
  endfacet
  facet normal 3.49143789435e-07 0.999999523163 -0.000999656622298
    outer loop
      vertex -10.3684244156 -0.902835547924 4.78126478195
      vertex -9.74039936066 0.24388833344 4.78011846542
      vertex -10.6114521027 -0.512547552586 4.78087472916
    endloop
  endfacet
  facet normal -3.95963667188e-07 0.999999523163 -0.000999455223791
    outer loop
      vertex -8.36273002625 9.56827068329 4.77079439163
      vertex -9.7540178299 9.86909103394 4.77049303055
      vertex -8.67007827759 8.70618057251 4.77165555954
    endloop
  endfacet
  facet normal -2.7747168474e-07 0.999999523163 -0.00100037432276
    outer loop
      vertex -7.50562095642 11.8839330673 4.76847839355
      vertex -6.69793367386 12.1016139984 4.76826095581
      vertex -7.05484819412 13.0336399078 4.76732873917
    endloop
  endfacet
  facet normal 5.14791111073e-07 0.999999523163 -0.00100005243439
    outer loop
      vertex -0.517414212227 2.40273213387 4.77795982361
      vertex -1.70051920414 2.59894227982 4.77776432037
      vertex -1.34932792187 1.33398842812 4.77902889252
    endloop
  endfacet
  facet normal -9.21577679946e-07 0.999999523163 -0.00100118550472
    outer loop
      vertex -8.81086826324 1.21184587479 4.77915000916
      vertex -9.74039936066 0.24388833344 4.78011846542
      vertex -8.67188072205 1.00506711006 4.77935743332
    endloop
  endfacet
  facet normal 7.08315894826e-08 0.999999523163 -0.00100026931614
    outer loop
      vertex -10.100353241 -1.28762674332 4.78164958954
      vertex -9.03857898712 -0.725830614567 4.78108787537
      vertex -10.3684244156 -0.902835547924 4.78126478195
    endloop
  endfacet
  facet normal -3.77164553811e-07 0.999999523163 -0.000999815878458
    outer loop
      vertex -2.81110072136 1.20802509785 4.77915430069
      vertex -2.81897497177 2.45174074173 4.77791070938
      vertex -3.64664697647 1.8085039854 4.77855348587
    endloop
  endfacet
  facet normal 3.15652073368e-07 0.999999523163 -0.000999710639007
    outer loop
      vertex -8.2376832962 7.47298002243 4.77288961411
      vertex -10.0108270645 8.50786876678 4.77185535431
      vertex -10.0118103027 7.13934612274 4.77322340012
    endloop
  endfacet
  facet normal 7.9662116903e-09 0.999999523163 -0.000999611802399
    outer loop
      vertex -11.1578464508 0.767011702061 4.77959489822
      vertex -9.68784046173 1.33443617821 4.77902793884
      vertex -10.4438180923 1.9301636219 4.77843236923
    endloop
  endfacet
  facet normal -2.5503948109e-07 0.999999523163 -0.0010004005162
    outer loop
      vertex -4.05791807175 -1.1709227562 4.78153371811
      vertex -3.0828666687 -1.03858828545 4.78140163422
      vertex -3.2778866291 -0.109999164939 4.78047275543
    endloop
  endfacet
  facet normal -5.007638606e-07 0.999999523163 -0.000999815063551
    outer loop
      vertex -2.81897497177 2.45174074173 4.77791070938
      vertex -2.81110072136 1.20802509785 4.77915430069
      vertex -2.14345622063 1.93092894554 4.7784318924
    endloop
  endfacet
  facet normal 1.66874747265e-06 0.999999523163 -0.00100025499705
    outer loop
      vertex -8.89056777954 2.2127392292 4.7781496048
      vertex -9.39586544037 2.3653011322 4.77799797058
      vertex -8.90401363373 1.80375492573 4.77855873108
    endloop
  endfacet
  facet normal 8.32440392173e-08 0.999999523163 -0.000999733922072
    outer loop
      vertex -9.03857898712 -0.725830614567 4.78108787537
      vertex -8.38997459412 0.460795164108 4.77990150452
      vertex -9.74039936066 0.24388833344 4.78011846542
    endloop
  endfacet
  facet normal -5.63055721159e-07 0.999999523163 -0.00100052030757
    outer loop
      vertex -8.90155792236 1.72359144688 4.77863883972
      vertex -8.90401363373 1.80375492573 4.77855873108
      vertex -9.68784046173 1.33443617821 4.77902793884
    endloop
  endfacet
  facet normal -2.90010945037e-07 0.999999523163 -0.000999233569019
    outer loop
      vertex -9.68784046173 1.33443617821 4.77902793884
      vertex -9.39586544037 2.3653011322 4.77799797058
      vertex -10.4438180923 1.9301636219 4.77843236923
    endloop
  endfacet
  facet normal -8.88495037543e-07 0.999999523163 -0.00100026512519
    outer loop
      vertex -8.38997459412 0.460795164108 4.77990150452
      vertex -9.03857898712 -0.725830614567 4.78108787537
      vertex -8.11356258392 0.238367930055 4.78012418747
    endloop
  endfacet
  facet normal -4.26078827331e-07 0.999999523163 -0.000999481300823
    outer loop
      vertex -3.41203665733 4.55811595917 4.77580404282
      vertex -3.33109378815 3.52473902702 4.7768368721
      vertex -2.43921017647 4.55968523026 4.7758026123
    endloop
  endfacet
  facet normal -9.6045063458e-08 0.999999523163 -0.00100046070293
    outer loop
      vertex -4.65099287033 12.1093378067 4.76825284958
      vertex -3.42062926292 11.7149524689 4.76864767075
      vertex -3.84999966621 13.0881757736 4.76727390289
    endloop
  endfacet
  facet normal 5.15917690791e-07 0.999999523163 -0.00100057013333
    outer loop
      vertex -8.36273002625 9.56827068329 4.77079439163
      vertex -7.20321798325 9.48866558075 4.77087306976
      vertex -7.65522623062 10.3908519745 4.76997089386
    endloop
  endfacet
  facet normal -8.22626361696e-07 0.999999523163 -0.00100011890754
    outer loop
      vertex -10.0108270645 8.50786876678 4.77185535431
      vertex -10.8561925888 9.56819629669 4.77079439163
      vertex -11.0910778046 9.02739524841 4.77133512497
    endloop
  endfacet
  facet normal -7.13391656859e-08 0.999999523163 -0.00100023834966
    outer loop
      vertex -9.03857898712 -0.725830614567 4.78108787537
      vertex -9.16330432892 -2.21709442139 4.782579422
      vertex -8.06168365479 -1.3591837883 4.78172159195
    endloop
  endfacet
  facet normal -8.67837428586e-08 0.999999523163 -0.000999666750431
    outer loop
      vertex -7.50562095642 11.8839330673 4.76847839355
      vertex -6.7194185257 11.0268335342 4.76933526993
      vertex -6.69793367386 12.1016139984 4.76826095581
    endloop
  endfacet
  facet normal 4.62301045445e-07 0.999999523163 -0.00100019376259
    outer loop
      vertex -9.03857898712 -0.725830614567 4.78108787537
      vertex -9.86120700836 -1.56024432182 4.78192281723
      vertex -9.16330432892 -2.21709442139 4.782579422
    endloop
  endfacet
  facet normal 3.05695834868e-07 0.999999523163 -0.000999119482003
    outer loop
      vertex -8.11356258392 0.238367930055 4.78012418747
      vertex -9.03857898712 -0.725830614567 4.78108787537
      vertex -7.69761562347 -0.127915814519 4.78048992157
    endloop
  endfacet
  facet normal -1.59328223504e-07 0.999999523163 -0.00100042053964
    outer loop
      vertex -2.21253657341 -1.05459964275 4.78141784668
      vertex -3.2778866291 -0.109999164939 4.78047275543
      vertex -3.0828666687 -1.03858828545 4.78140163422
    endloop
  endfacet
  facet normal 2.16223426719e-07 0.999999523163 -0.000999869196676
    outer loop
      vertex -9.16330432892 -2.21709442139 4.782579422
      vertex -8.43006801605 -2.68297338486 4.78304481506
      vertex -8.06168365479 -1.3591837883 4.78172159195
    endloop
  endfacet
  facet normal 3.16585101245e-07 0.999999523163 -0.000999135663733
    outer loop
      vertex -0.436397790909 9.36462593079 4.77099752426
      vertex 0.651594102383 10.2582893372 4.77010393143
      vertex -0.4891102314 10.349899292 4.77001285553
    endloop
  endfacet
  facet normal -2.64830987362e-07 0.999999523163 -0.00100030156318
    outer loop
      vertex -1.8189303875 0.0334462299943 4.78032970428
      vertex -3.2778866291 -0.109999164939 4.78047275543
      vertex -2.21253657341 -1.05459964275 4.78141784668
    endloop
  endfacet
  facet normal -4.10005299045e-07 0.999999523163 -0.000999534153379
    outer loop
      vertex -7.21110343933 -1.96967566013 4.78233146667
      vertex -6.08548641205 -1.31975793839 4.78168201447
      vertex -6.62538051605 -0.493871212006 4.78085660934
    endloop
  endfacet
  facet normal 4.91696255267e-07 0.999999523163 -0.00100028666202
    outer loop
      vertex -9.42982578278 5.3653793335 4.77499723434
      vertex -9.76829147339 6.29890489578 4.77406358719
      vertex -10.6258440018 5.9774389267 4.77438545227
    endloop
  endfacet
  facet normal 7.89658614053e-08 0.999999523163 -0.00100051052868
    outer loop
      vertex -4.65099287033 12.1093378067 4.76825284958
      vertex -4.91144132614 13.2097606659 4.76715183258
      vertex -5.54939556122 13.2236528397 4.7671380043
    endloop
  endfacet
  facet normal 5.36585503141e-07 0.999999523163 -0.000999737298116
    outer loop
      vertex -1.0526406765 -1.18970441818 4.78155231476
      vertex -2.21253657341 -1.05459964275 4.78141784668
      vertex -1.30302619934 -2.3248770237 4.78268718719
    endloop
  endfacet
  facet normal -1.3978629454e-07 0.999999523163 -0.00100031576585
    outer loop
      vertex -3.2778866291 -0.109999164939 4.78047275543
      vertex -4.39891815186 -0.0490104407072 4.78041172028
      vertex -4.05791807175 -1.1709227562 4.78153371811
    endloop
  endfacet
  facet normal -5.69940425521e-07 0.999999523163 -0.00100078154355
    outer loop
      vertex -5.91513204575 -2.49938631058 4.78286218643
      vertex -7.21110343933 -1.96967566013 4.78233146667
      vertex -7.16116285324 -3.16027402878 4.7835226059
    endloop
  endfacet
  facet normal 6.69394694341e-07 0.999999523163 -0.00099969166331
    outer loop
      vertex 0.662132918835 2.29876661301 4.77806425095
      vertex 0.170439869165 1.09274089336 4.77927017212
      vertex 1.23368024826 1.31194341183 4.77905035019
    endloop
  endfacet
  facet normal 8.88126862719e-07 0.999999523163 -0.00100011203904
    outer loop
      vertex -9.09384346008 3.2656686306 4.77709722519
      vertex -9.39586544037 2.3653011322 4.77799797058
      vertex -8.71077156067 2.73740935326 4.77762508392
    endloop
  endfacet
  facet normal -1.76690200249e-08 0.999999523163 -0.00100038282108
    outer loop
      vertex -8.2376832962 7.47298002243 4.77288961411
      vertex -8.01037120819 8.3941411972 4.77196788788
      vertex -8.67007827759 8.70618057251 4.77165555954
    endloop
  endfacet
  facet normal -1.3909331642e-07 0.999999523163 -0.00100094114896
    outer loop
      vertex -7.53137397766 -3.02871918678 4.78339147568
      vertex -7.21110343933 -1.96967566013 4.78233146667
      vertex -8.327876091 -2.72905874252 4.78309106827
    endloop
  endfacet
  facet normal 2.38521149498e-08 0.999999523163 -0.00100007746369
    outer loop
      vertex -6.80065965652 -0.435467869043 4.78079748154
      vertex -7.69761562347 -0.127915814519 4.78048992157
      vertex -8.06168365479 -1.3591837883 4.78172159195
    endloop
  endfacet
  facet normal 4.07588800044e-07 0.999999523163 -0.000999778741971
    outer loop
      vertex -5.69096660614 11.6162958145 4.76874637604
      vertex -4.93674612045 10.5176668167 4.76984453201
      vertex -4.65099287033 12.1093378067 4.76825284958
    endloop
  endfacet
  facet normal 8.6544062583e-08 0.999999523163 -0.00100020109676
    outer loop
      vertex -4.93674612045 10.5176668167 4.76984453201
      vertex -3.55084896088 10.5838909149 4.76977825165
      vertex -4.10260105133 11.2214231491 4.76914024353
    endloop
  endfacet
  facet normal -1.0407175921e-07 0.999999523163 -0.00100046722218
    outer loop
      vertex -4.91144132614 13.2097606659 4.76715183258
      vertex -4.65099287033 12.1093378067 4.76825284958
      vertex -3.84999966621 13.0881757736 4.76727390289
    endloop
  endfacet
  facet normal 2.96095350905e-07 0.999999523163 -0.000999702257104
    outer loop
      vertex -4.93674612045 10.5176668167 4.76984453201
      vertex -5.69096660614 11.6162958145 4.76874637604
      vertex -5.11804389954 10.4651956558 4.7698969841
    endloop
  endfacet
  facet normal 2.6638252848e-07 0.999999523163 -0.00100042868871
    outer loop
      vertex -1.17526960373 3.8164703846 4.77654600143
      vertex -1.85857868195 4.71988677979 4.77564239502
      vertex -2.22899603844 3.60853409767 4.77675437927
    endloop
  endfacet
  facet normal 5.14510759331e-07 0.999999523163 -0.00100017932709
    outer loop
      vertex 1.51290297508 3.3199224472 4.77704238892
      vertex 1.57970523834 4.55507802963 4.77580690384
      vertex 0.601735651493 4.3375043869 4.77602481842
    endloop
  endfacet
  facet normal 5.72428149326e-08 0.999999523163 -0.00100050249603
    outer loop
      vertex -6.23943662643 13.1714324951 4.76719093323
      vertex -7.05484819412 13.0336399078 4.76732873917
      vertex -6.69793367386 12.1016139984 4.76826095581
    endloop
  endfacet
  facet normal -8.02194335847e-07 0.999999523163 -0.00100021332037
    outer loop
      vertex -7.21110343933 -1.96967566013 4.78233146667
      vertex -5.91513204575 -2.49938631058 4.78286218643
      vertex -6.08548641205 -1.31975793839 4.78168201447
    endloop
  endfacet
  facet normal -6.69686812671e-07 0.999999523163 -0.00100021413527
    outer loop
      vertex -8.47161769867 12.3459615707 4.76801586151
      vertex -7.50562095642 11.8839330673 4.76847839355
      vertex -7.66805553436 12.8045597076 4.767557621
    endloop
  endfacet
  facet normal 3.18113791309e-07 0.999999523163 -0.000999713200144
    outer loop
      vertex -5.11804389954 10.4651956558 4.7698969841
      vertex -5.69096660614 11.6162958145 4.76874637604
      vertex -5.76130008698 10.3309144974 4.77003145218
    endloop
  endfacet
  facet normal 3.83193963671e-07 0.999999523163 -0.0010004718788
    outer loop
      vertex -6.23943662643 13.1714324951 4.76719093323
      vertex -5.69096660614 11.6162958145 4.76874637604
      vertex -5.54939556122 13.2236528397 4.7671380043
    endloop
  endfacet
  facet normal 5.50340075733e-07 0.999999523163 -0.000999802257866
    outer loop
      vertex -5.91513204575 -2.49938631058 4.78286218643
      vertex -5.53361701965 -3.40397381783 4.78376626968
      vertex -5.12580633163 -3.40996980667 4.78377199173
    endloop
  endfacet
  facet normal -9.83916152109e-07 0.999999523163 -0.00100018375088
    outer loop
      vertex -11.4754428864 5.85314226151 4.77450895309
      vertex -10.6258440018 5.9774389267 4.77438545227
      vertex -11.4061288834 7.17666339874 4.77318525314
    endloop
  endfacet
  facet normal 1.59098494379e-08 0.999999523163 -0.00100038037635
    outer loop
      vertex -5.25831460953 -1.21190834045 4.78157424927
      vertex -5.46249866486 -0.460326999426 4.78082227707
      vertex -6.08548641205 -1.31975793839 4.78168201447
    endloop
  endfacet
  facet normal 3.37593029087e-08 0.999999523163 -0.00100013578776
    outer loop
      vertex -9.09384346008 3.2656686306 4.77709722519
      vertex -8.51156806946 4.22741937637 4.7761349678
      vertex -9.85466480255 4.10803699493 4.77625465393
    endloop
  endfacet
  facet normal 5.49806600247e-09 0.999999523163 -0.000999357085675
    outer loop
      vertex -2.725253582 -1.98766970634 4.78235054016
      vertex -1.30302619934 -2.3248770237 4.78268718719
      vertex -2.21253657341 -1.05459964275 4.78141784668
    endloop
  endfacet
  facet normal -7.6233237678e-07 0.999999523163 -0.000999077921733
    outer loop
      vertex -0.436397790909 9.36462593079 4.77099752426
      vertex -0.4891102314 10.349899292 4.77001285553
      vertex -0.985745489597 9.81527996063 4.77054691315
    endloop
  endfacet
  facet normal 4.06960680266e-07 0.999999523163 -0.00100012111943
    outer loop
      vertex -10.6166696548 4.84140968323 4.77552175522
      vertex -9.42982578278 5.3653793335 4.77499723434
      vertex -10.6258440018 5.9774389267 4.77438545227
    endloop
  endfacet
  facet normal -1.83899530271e-07 0.999999523163 -0.0010007006349
    outer loop
      vertex -3.33109378815 3.52473902702 4.7768368721
      vertex -3.75179767609 2.42043185234 4.7779417038
      vertex -2.81897497177 2.45174074173 4.77791070938
    endloop
  endfacet
  facet normal 2.43986050918e-07 0.999999523163 -0.00100043613929
    outer loop
      vertex -1.85857868195 4.71988677979 4.77564239502
      vertex -2.43921017647 4.55968523026 4.7758026123
      vertex -2.22899603844 3.60853409767 4.77675437927
    endloop
  endfacet
  facet normal 8.94670904472e-07 0.999999523163 -0.00100070273038
    outer loop
      vertex -8.2376832962 7.47298002243 4.77288961411
      vertex -8.67007827759 8.70618057251 4.77165555954
      vertex -10.0108270645 8.50786876678 4.77185535431
    endloop
  endfacet
  facet normal -3.64572088074e-07 0.999999523163 -0.00100049225148
    outer loop
      vertex -3.84968328476 0.585342645645 4.77977657318
      vertex -3.2778866291 -0.109999164939 4.78047275543
      vertex -2.81110072136 1.20802509785 4.77915430069
    endloop
  endfacet
  facet normal -7.37753111935e-07 0.999999523163 -0.00100002170075
    outer loop
      vertex -6.7194185257 11.0268335342 4.76933526993
      vertex -7.65522623062 10.3908519745 4.76997089386
      vertex -7.01592350006 9.5950460434 4.77076721191
    endloop
  endfacet
  facet normal 2.5441931939e-07 0.999999523163 -0.00100009562448
    outer loop
      vertex -7.64823055267 3.82216691971 4.77654027939
      vertex -7.45138597488 4.86816358566 4.77549409866
      vertex -8.51156806946 4.22741937637 4.7761349678
    endloop
  endfacet
  facet normal -3.95870046077e-07 0.999999523163 -0.00100008840673
    outer loop
      vertex 0.662132918835 2.29876661301 4.77806425095
      vertex 0.0883669182658 3.52460980415 4.77683782578
      vertex -0.517414212227 2.40273213387 4.77795982361
    endloop
  endfacet
  facet normal 1.02843705463e-06 0.999999523163 -0.00100010284223
    outer loop
      vertex -8.1765165329 3.39912867546 4.77696323395
      vertex -8.51156806946 4.22741937637 4.7761349678
      vertex -8.29658699036 3.31328439713 4.77704906464
    endloop
  endfacet
  facet normal 6.9143931114e-07 0.999999523163 -0.000999704468995
    outer loop
      vertex 1.45122408867 2.18105006218 4.77818107605
      vertex 0.662132918835 2.29876661301 4.77806425095
      vertex 1.23368024826 1.31194341183 4.77905035019
    endloop
  endfacet
  facet normal -1.06231723862e-07 0.999999523163 -0.00099993206095
    outer loop
      vertex -0.517414212227 2.40273213387 4.77795982361
      vertex 0.0883669182658 3.52460980415 4.77683782578
      vertex -1.17526960373 3.8164703846 4.77654600143
    endloop
  endfacet
  facet normal -2.31397009998e-07 0.999999523163 -0.00100017606746
    outer loop
      vertex -10.038110733 11.0031814575 4.76935911179
      vertex -8.85542583466 10.6740312576 4.76968860626
      vertex -9.26894187927 11.7954750061 4.76856708527
    endloop
  endfacet
  facet normal 1.08498639406e-07 0.999999523163 -0.00100049155299
    outer loop
      vertex -3.60299086571 1.50397956371 4.77885818481
      vertex -2.81110072136 1.20802509785 4.77915430069
      vertex -3.64664697647 1.8085039854 4.77855348587
    endloop
  endfacet
  facet normal -5.32660124009e-07 0.999999523163 -0.000999761628918
    outer loop
      vertex -1.34932792187 1.33398842812 4.77902889252
      vertex -1.70051920414 2.59894227982 4.77776432037
      vertex -2.14345622063 1.93092894554 4.7784318924
    endloop
  endfacet
  facet normal -1.13990495265e-06 0.999999523163 -0.00100010866299
    outer loop
      vertex -10.6166696548 4.84140968323 4.77552175522
      vertex -10.6258440018 5.9774389267 4.77438545227
      vertex -11.498167038 5.22466230392 4.77513742447
    endloop
  endfacet
  facet normal 9.20956063055e-06 0.999999523163 -0.000987701234408
    outer loop
      vertex -8.62572956085 12.2550935745 4.76810693741
      vertex -9.26894187927 11.7954750061 4.76856708527
      vertex -8.47161769867 12.3459615707 4.76801586151
    endloop
  endfacet
  facet normal 2.26528712233e-07 0.999999523163 -0.00100014184136
    outer loop
      vertex -7.45138597488 4.86816358566 4.77549409866
      vertex -8.14391422272 5.56872987747 4.77479362488
      vertex -8.51156806946 4.22741937637 4.7761349678
    endloop
  endfacet
  facet normal 3.51288548472e-07 0.999999523163 -0.000999943586066
    outer loop
      vertex -9.09384346008 3.2656686306 4.77709722519
      vertex -8.29658699036 3.31328439713 4.77704906464
      vertex -8.51156806946 4.22741937637 4.7761349678
    endloop
  endfacet
  facet normal -7.61091740742e-08 0.999999523163 -0.000999169889838
    outer loop
      vertex -10.6166696548 4.84140968323 4.77552175522
      vertex -10.7137737274 3.82961416245 4.77653264999
      vertex -9.85466480255 4.10803699493 4.77625465393
    endloop
  endfacet
  facet normal -1.61781031238e-07 0.999999523163 -0.000999739510007
    outer loop
      vertex -5.69096660614 11.6162958145 4.76874637604
      vertex -6.7194185257 11.0268335342 4.76933526993
      vertex -5.76130008698 10.3309144974 4.77003145218
    endloop
  endfacet
  facet normal -3.92673854321e-07 0.999999523163 -0.00100012461189
    outer loop
      vertex 0.662132918835 2.29876661301 4.77806425095
      vertex -0.517414212227 2.40273213387 4.77795982361
      vertex 0.170439869165 1.09274089336 4.77927017212
    endloop
  endfacet
  facet normal -1.61670286047e-07 0.999999523163 -0.00099957967177
    outer loop
      vertex -1.94847750664 -2.72529244423 4.78308773041
      vertex -2.725253582 -1.98766970634 4.78235054016
      vertex -2.72292208672 -3.04695606232 4.78340911865
    endloop
  endfacet
  facet normal 2.09574029242e-08 0.999999523163 -0.00100015173666
    outer loop
      vertex 0.601735651493 4.3375043869 4.77602481842
      vertex -0.656056404114 5.12274312973 4.77523946762
      vertex 0.0883669182658 3.52460980415 4.77683782578
    endloop
  endfacet
  facet normal 7.71765584773e-08 0.999999523163 -0.000999718089588
    outer loop
      vertex -7.64823055267 3.82216691971 4.77654027939
      vertex -8.51156806946 4.22741937637 4.7761349678
      vertex -8.1765165329 3.39912867546 4.77696323395
    endloop
  endfacet
  facet normal 5.09086106604e-08 0.999999523163 -0.00100069958717
    outer loop
      vertex -1.28468573093 10.8487176895 4.76951360703
      vertex -0.4891102314 10.349899292 4.77001285553
      vertex -0.277552723885 11.3953046799 4.7689666748
    endloop
  endfacet
  facet normal 2.4214071459e-07 0.999999523163 -0.00100013753399
    outer loop
      vertex -9.42982578278 5.3653793335 4.77499723434
      vertex -8.51156806946 4.22741937637 4.7761349678
      vertex -8.14391422272 5.56872987747 4.77479362488
    endloop
  endfacet
  facet normal -4.1234770265e-07 0.999999523163 -0.000999528216198
    outer loop
      vertex -10.3518009186 2.90237092972 4.7774605751
      vertex -10.4438180923 1.9301636219 4.77843236923
      vertex -9.39586544037 2.3653011322 4.77799797058
    endloop
  endfacet
  facet normal 2.21047017135e-07 0.999999523163 -0.00100023113191
    outer loop
      vertex -10.8561925888 9.56819629669 4.77079439163
      vertex -9.7540178299 9.86909103394 4.77049303055
      vertex -10.5387811661 10.2742424011 4.77008771896
    endloop
  endfacet
  facet normal -7.87313638284e-06 0.999999463558 -0.00100759475026
    outer loop
      vertex -9.26894187927 11.7954750061 4.76856708527
      vertex -9.83059692383 11.2390270233 4.76912307739
      vertex -10.038110733 11.0031814575 4.76935911179
    endloop
  endfacet
  facet normal -5.09632343437e-07 0.999999523163 -0.00100043870043
    outer loop
      vertex -5.25831460953 -1.21190834045 4.78157424927
      vertex -4.05791807175 -1.1709227562 4.78153371811
      vertex -5.10390043259 -0.363397657871 4.78072547913
    endloop
  endfacet
  facet normal 2.21693525759e-08 0.999999523163 -0.00100033241324
    outer loop
      vertex -5.25831460953 -1.21190834045 4.78157424927
      vertex -6.08548641205 -1.31975793839 4.78168201447
      vertex -5.91513204575 -2.49938631058 4.78286218643
    endloop
  endfacet
  facet normal -4.93336244745e-07 0.999999523163 -0.000998847419396
    outer loop
      vertex -10.5387811661 10.2742424011 4.77008771896
      vertex -9.7540178299 9.86909103394 4.77049303055
      vertex -10.4713745117 10.3921251297 4.76997041702
    endloop
  endfacet
  facet normal -5.17310354553e-07 0.999999523163 -0.000999443000183
    outer loop
      vertex -3.65180039406 -2.59502840042 4.7829580307
      vertex -4.72525262833 -2.38312029839 4.78274536133
      vertex -4.16382074356 -3.39549612999 4.78375768661
    endloop
  endfacet
  facet normal 1.11118765744e-06 0.999999523163 -0.00100014382042
    outer loop
      vertex -5.25006961823 -0.447468847036 4.7808098793
      vertex -5.25831460953 -1.21190834045 4.78157424927
      vertex -5.10390043259 -0.363397657871 4.78072547913
    endloop
  endfacet
  facet normal -1.66541191948e-09 0.999999523163 -0.000999813433737
    outer loop
      vertex -11.4404201508 2.57781147957 4.77778434753
      vertex -10.7137737274 3.82961416245 4.77653264999
      vertex -11.4886474609 4.47946453094 4.77588319778
    endloop
  endfacet
  facet normal 7.52450546315e-07 0.999999523163 -0.00100011343602
    outer loop
      vertex 1.51290297508 3.3199224472 4.77704238892
      vertex 0.662132918835 2.29876661301 4.77806425095
      vertex 1.45122408867 2.18105006218 4.77818107605
    endloop
  endfacet
  facet normal 9.01169016743e-07 0.999999523163 -0.00100023869891
    outer loop
      vertex -8.36273002625 9.56827068329 4.77079439163
      vertex -7.65522623062 10.3908519745 4.76997089386
      vertex -8.85542583466 10.6740312576 4.76968860626
    endloop
  endfacet
  facet normal -5.13988197781e-07 0.999999523163 -0.000999932177365
    outer loop
      vertex -11.1578464508 0.767011702061 4.77959489822
      vertex -10.4438180923 1.9301636219 4.77843236923
      vertex -11.3739080429 2.12069392204 4.77824115753
    endloop
  endfacet
  facet normal -4.91373384648e-07 0.999999523163 -0.000999904004857
    outer loop
      vertex -4.05791807175 -1.1709227562 4.78153371811
      vertex -5.25831460953 -1.21190834045 4.78157424927
      vertex -4.72525262833 -2.38312029839 4.78274536133
    endloop
  endfacet
  facet normal -1.17527029886e-07 0.999999523163 -0.0010003115749
    outer loop
      vertex -7.05484819412 13.0336399078 4.76732873917
      vertex -7.66805553436 12.8045597076 4.767557621
      vertex -7.50562095642 11.8839330673 4.76847839355
    endloop
  endfacet
  facet normal 1.55041618655e-06 0.999999523163 -0.00100059225224
    outer loop
      vertex -8.62923336029 2.8779938221 4.77748441696
      vertex -9.09384346008 3.2656686306 4.77709722519
      vertex -8.71077156067 2.73740935326 4.77762508392
    endloop
  endfacet
  facet normal -8.74653892424e-07 0.999999523163 -0.00100032018963
    outer loop
      vertex -11.4404201508 2.57781147957 4.77778434753
      vertex -10.3518009186 2.90237092972 4.7774605751
      vertex -10.7137737274 3.82961416245 4.77653264999
    endloop
  endfacet
  facet normal 2.39431670934e-07 0.999999523163 -0.000999852432869
    outer loop
      vertex -10.4713745117 10.3921251297 4.76997041702
      vertex -9.7540178299 9.86909103394 4.77049303055
      vertex -10.038110733 11.0031814575 4.76935911179
    endloop
  endfacet
  facet normal 4.80715186768e-07 0.999999523163 -0.00100005732384
    outer loop
      vertex -7.99236297607 8.4256477356 4.77193689346
      vertex -7.20321798325 9.48866558075 4.77087306976
      vertex -8.36273002625 9.56827068329 4.77079439163
    endloop
  endfacet
  facet normal -8.45902434321e-07 0.999999523163 -0.00100042240229
    outer loop
      vertex -1.17526960373 3.8164703846 4.77654600143
      vertex -0.656056404114 5.12274312973 4.77523946762
      vertex -1.33000469208 4.80378961563 4.77555799484
    endloop
  endfacet
  facet normal -7.47074011542e-07 0.999999523163 -0.00100013113115
    outer loop
      vertex -4.39891815186 -0.0490104407072 4.78041172028
      vertex -5.10390043259 -0.363397657871 4.78072547913
      vertex -4.05791807175 -1.1709227562 4.78153371811
    endloop
  endfacet
  facet normal -8.6303379021e-07 0.999999523163 -0.000999621814117
    outer loop
      vertex -8.36273002625 9.56827068329 4.77079439163
      vertex -8.67007827759 8.70618057251 4.77165555954
      vertex -7.99236297607 8.4256477356 4.77193689346
    endloop
  endfacet
  facet normal 4.391357038e-07 0.999999523163 -0.00100016326178
    outer loop
      vertex -8.07310581207 6.60716199875 4.77375507355
      vertex -8.24743270874 7.28051710129 4.77308177948
      vertex -8.77939605713 6.52266311646 4.77383995056
    endloop
  endfacet
  facet normal -1.20503173662e-07 0.999999523163 -0.000999667448923
    outer loop
      vertex -5.69096660614 11.6162958145 4.76874637604
      vertex -6.69793367386 12.1016139984 4.76826095581
      vertex -6.7194185257 11.0268335342 4.76933526993
    endloop
  endfacet
  facet normal 9.00451766483e-07 0.999999523163 -0.00100066361483
    outer loop
      vertex -9.7540178299 9.86909103394 4.77049303055
      vertex -10.0108270645 8.50786876678 4.77185535431
      vertex -8.67007827759 8.70618057251 4.77165555954
    endloop
  endfacet
  facet normal -1.1711587149e-06 0.999999523163 -0.00100012344774
    outer loop
      vertex -3.33109378815 3.52473902702 4.7768368721
      vertex -2.22899603844 3.60853409767 4.77675437927
      vertex -2.43921017647 4.55968523026 4.7758026123
    endloop
  endfacet
  facet normal 5.43200542324e-07 0.999999523163 -0.000999581301585
    outer loop
      vertex -3.65180039406 -2.59502840042 4.7829580307
      vertex -2.72292208672 -3.04695606232 4.78340911865
      vertex -2.725253582 -1.98766970634 4.78235054016
    endloop
  endfacet
  facet normal -1.29468460841e-07 0.999999523163 -0.000999475247227
    outer loop
      vertex -4.05791807175 -1.1709227562 4.78153371811
      vertex -2.725253582 -1.98766970634 4.78235054016
      vertex -3.0828666687 -1.03858828545 4.78140163422
    endloop
  endfacet
  facet normal -4.32695344443e-07 0.999999523163 -0.000999871641397
    outer loop
      vertex -4.05791807175 -1.1709227562 4.78153371811
      vertex -4.72525262833 -2.38312029839 4.78274536133
      vertex -3.65180039406 -2.59502840042 4.7829580307
    endloop
  endfacet
  facet normal 2.7346322895e-07 0.999999523163 -0.00100154813845
    outer loop
      vertex -8.07310581207 6.60716199875 4.77375507355
      vertex -8.77939605713 6.52266311646 4.77383995056
      vertex -8.01137065887 6.41125965118 4.77395105362
    endloop
  endfacet
  facet normal 2.29126698059e-07 0.999999523163 -0.00100006035063
    outer loop
      vertex -3.65180039406 -2.59502840042 4.7829580307
      vertex -2.725253582 -1.98766970634 4.78235054016
      vertex -4.05791807175 -1.1709227562 4.78153371811
    endloop
  endfacet
  facet normal 9.6530754945e-08 0.999999523163 -0.00100014347117
    outer loop
      vertex -9.42982578278 5.3653793335 4.77499723434
      vertex -8.77939605713 6.52266311646 4.77383995056
      vertex -9.76829147339 6.29890489578 4.77406358719
    endloop
  endfacet
  facet normal 2.43481565576e-07 0.999999523163 -0.00100042263512
    outer loop
      vertex -6.23943662643 13.1714324951 4.76719093323
      vertex -6.69793367386 12.1016139984 4.76826095581
      vertex -5.69096660614 11.6162958145 4.76874637604
    endloop
  endfacet
  facet normal 3.22447976941e-06 0.999999523163 -0.000998208182864
    outer loop
      vertex -8.2376832962 7.47298002243 4.77288961411
      vertex -8.77939605713 6.52266311646 4.77383995056
      vertex -8.24743270874 7.28051710129 4.77308177948
    endloop
  endfacet
  facet normal -1.53687210513e-07 0.999999523163 -0.00100006023422
    outer loop
      vertex -4.0808968544 0.356662809849 4.78000593185
      vertex -4.39891815186 -0.0490104407072 4.78041172028
      vertex -3.2778866291 -0.109999164939 4.78047275543
    endloop
  endfacet
  facet normal -5.5763769069e-07 0.999999523163 -0.0009999088943
    outer loop
      vertex -2.22899603844 3.60853409767 4.77675437927
      vertex -2.81897497177 2.45174074173 4.77791070938
      vertex -1.70051920414 2.59894227982 4.77776432037
    endloop
  endfacet
  facet normal 3.58603017503e-07 0.999999523163 -0.0010004414944
    outer loop
      vertex 1.51290297508 3.3199224472 4.77704238892
      vertex 0.0883669182658 3.52460980415 4.77683782578
      vertex 0.662132918835 2.29876661301 4.77806425095
    endloop
  endfacet
  facet normal 2.8785240147e-07 0.999999523163 -0.000999574782327
    outer loop
      vertex -5.12580633163 -3.40996980667 4.78377199173
      vertex -4.72525262833 -2.38312029839 4.78274536133
      vertex -5.91513204575 -2.49938631058 4.78286218643
    endloop
  endfacet
  facet normal 5.20133539794e-07 0.999999523163 -0.00100121973082
    outer loop
      vertex -3.84968328476 0.585342645645 4.77977657318
      vertex -4.0808968544 0.356662809849 4.78000593185
      vertex -3.2778866291 -0.109999164939 4.78047275543
    endloop
  endfacet
  facet normal -1.15808695966e-08 0.999999523163 -0.000999716110528
    outer loop
      vertex 0.170439869165 1.09274089336 4.77927017212
      vertex -1.34932792187 1.33398842812 4.77902889252
      vertex -0.470163017511 -0.128021687269 4.78049039841
    endloop
  endfacet
  facet normal 1.20954900922e-05 0.999999523163 -0.000996738206595
    outer loop
      vertex -3.68167877197 1.29884123802 4.77906370163
      vertex -3.84968328476 0.585342645645 4.77977657318
      vertex -3.60299086571 1.50397956371 4.77885818481
    endloop
  endfacet
  facet normal 1.48143200818e-07 0.999999523163 -0.000999430776574
    outer loop
      vertex 0.968318283558 0.636512994766 4.77972602844
      vertex 0.170439869165 1.09274089336 4.77927017212
      vertex 0.553694248199 -0.275067448616 4.78063726425
    endloop
  endfacet
  facet normal 1.32986542667e-07 0.999999523163 -0.00099989247974
    outer loop
      vertex -8.01137065887 6.41125965118 4.77395105362
      vertex -8.14391422272 5.56872987747 4.77479362488
      vertex -7.35688447952 5.72039937973 4.77464199066
    endloop
  endfacet
  facet normal -2.80648777107e-07 0.999999523163 -0.00100046244916
    outer loop
      vertex -1.8189303875 0.0334462299943 4.78032970428
      vertex -2.81110072136 1.20802509785 4.77915430069
      vertex -3.2778866291 -0.109999164939 4.78047275543
    endloop
  endfacet
  facet normal 5.67254687667e-07 0.999999523163 -0.00100000062957
    outer loop
      vertex -1.0526406765 -1.18970441818 4.78155231476
      vertex -1.8189303875 0.0334462299943 4.78032970428
      vertex -2.21253657341 -1.05459964275 4.78141784668
    endloop
  endfacet
  facet normal 2.55314432707e-07 0.999999523163 -0.00100005418062
    outer loop
      vertex -9.42982578278 5.3653793335 4.77499723434
      vertex -8.14391422272 5.56872987747 4.77479362488
      vertex -8.77939605713 6.52266311646 4.77383995056
    endloop
  endfacet
  facet normal 2.82216717551e-07 0.999999523163 -0.00100034847856
    outer loop
      vertex -2.22899603844 3.60853409767 4.77675437927
      vertex -1.70051920414 2.59894227982 4.77776432037
      vertex -1.17526960373 3.8164703846 4.77654600143
    endloop
  endfacet
  facet normal 3.82049591963e-07 0.999999523163 -0.000999588519335
    outer loop
      vertex -6.80065965652 -0.435467869043 4.78079748154
      vertex -8.06168365479 -1.3591837883 4.78172159195
      vertex -7.21110343933 -1.96967566013 4.78233146667
    endloop
  endfacet
  facet normal -5.3879779216e-07 0.999999523163 -0.000999765703455
    outer loop
      vertex -2.81897497177 2.45174074173 4.77791070938
      vertex -2.14345622063 1.93092894554 4.7784318924
      vertex -1.70051920414 2.59894227982 4.77776432037
    endloop
  endfacet
  facet normal 9.65769345385e-07 0.999999523163 -0.000999642652459
    outer loop
      vertex -0.850139021873 -1.96916270256 4.78233146667
      vertex -1.0526406765 -1.18970441818 4.78155231476
      vertex -1.30302619934 -2.3248770237 4.78268718719
    endloop
  endfacet
  facet normal -5.06716162363e-07 0.999999523163 -0.000999211217277
    outer loop
      vertex -10.6166696548 4.84140968323 4.77552175522
      vertex -11.4886474609 4.47946453094 4.77588319778
      vertex -10.7137737274 3.82961416245 4.77653264999
    endloop
  endfacet
  facet normal -5.33659203938e-07 0.999999523163 -0.00100024871062
    outer loop
      vertex -1.8189303875 0.0334462299943 4.78032970428
      vertex -1.34932792187 1.33398842812 4.77902889252
      vertex -2.81110072136 1.20802509785 4.77915430069
    endloop
  endfacet
  facet normal 9.3831438619e-08 0.999999523163 -0.00100038014352
    outer loop
      vertex -1.34932792187 1.33398842812 4.77902889252
      vertex 0.170439869165 1.09274089336 4.77927017212
      vertex -0.517414212227 2.40273213387 4.77795982361
    endloop
  endfacet
  facet normal -2.40775007114e-05 0.999999463558 -0.00101777666714
    outer loop
      vertex 0.523761034012 -0.323399096727 4.7806854248
      vertex 0.553694248199 -0.275067448616 4.78063726425
      vertex 0.399122327566 -0.497565627098 4.7808599472
    endloop
  endfacet
  facet normal 3.46045965216e-07 0.999999523163 -0.000999931129627
    outer loop
      vertex -1.8189303875 0.0334462299943 4.78032970428
      vertex -0.470163017511 -0.128021687269 4.78049039841
      vertex -1.34932792187 1.33398842812 4.77902889252
    endloop
  endfacet
  facet normal 2.46471954597e-05 0.999999523163 -0.000989746768028
    outer loop
      vertex 0.968318283558 0.636512994766 4.77972602844
      vertex 1.17201125622 1.08734893799 4.77927494049
      vertex 1.17868280411 1.10817086697 4.77925395966
    endloop
  endfacet
  facet normal 5.64545587167e-07 0.999999523163 -0.00100065767765
    outer loop
      vertex 0.399122327566 -0.497565627098 4.7808599472
      vertex 0.553694248199 -0.275067448616 4.78063726425
      vertex -0.470163017511 -0.128021687269 4.78049039841
    endloop
  endfacet
  facet normal -4.53510757836e-08 0.999999523163 -0.000999704701826
    outer loop
      vertex -5.12580633163 -3.40996980667 4.78377199173
      vertex -4.16382074356 -3.39549612999 4.78375768661
      vertex -4.72525262833 -2.38312029839 4.78274536133
    endloop
  endfacet
  facet normal -1.72959047973e-07 0.999999523163 -0.00100053974893
    outer loop
      vertex 1.48628938198 6.26350688934 4.77409887314
      vertex 0.185106992722 5.95243310928 4.77440977097
      vertex 0.536169946194 5.34579086304 4.77501678467
    endloop
  endfacet
  facet normal 4.90598672798e-08 0.999999523163 -0.0010004772339
    outer loop
      vertex 1.48628938198 6.26350688934 4.77409887314
      vertex 1.35450947285 7.27109575272 4.77309083939
      vertex 0.56856995821 6.52020597458 4.77384185791
    endloop
  endfacet
  facet normal 6.50196852803e-06 0.999999523163 -0.00099783972837
    outer loop
      vertex 0.968318283558 0.636512994766 4.77972602844
      vertex 1.17868280411 1.10817086697 4.77925395966
      vertex 1.23368024826 1.31194341183 4.77905035019
    endloop
  endfacet
  facet normal 4.71404035807e-07 0.999999523163 -0.000999617157504
    outer loop
      vertex 1.35450947285 7.27109575272 4.77309083939
      vertex 1.26703178883 8.26342391968 4.7720990181
      vertex 0.583025038242 7.71363019943 4.77264881134
    endloop
  endfacet
  facet normal 1.34759297055e-08 0.999999523163 -0.0010004703654
    outer loop
      vertex 1.26703178883 8.26342391968 4.7720990181
      vertex 1.06837451458 9.10491085052 4.77125692368
      vertex 0.250743657351 8.56334972382 4.77179861069
    endloop
  endfacet
  facet normal 1.40376144486e-07 0.999999523163 -0.000999869196676
    outer loop
      vertex 1.06837451458 9.10491085052 4.77125692368
      vertex 0.865200936794 9.88229370117 4.77047967911
      vertex -0.0713295415044 8.93771076202 4.77142429352
    endloop
  endfacet
  facet normal 5.14272812779e-07 0.999999523163 -0.000999355572276
    outer loop
      vertex 0.865200936794 9.88229370117 4.77047967911
      vertex 0.651594102383 10.2582893372 4.77010393143
      vertex -0.23205973208 9.18882656097 4.77117347717
    endloop
  endfacet
  facet normal 2.23878728889e-07 0.999999523163 -0.0010002295021
    outer loop
      vertex -5.25831460953 -1.21190834045 4.78157424927
      vertex -5.91513204575 -2.49938631058 4.78286218643
      vertex -4.72525262833 -2.38312029839 4.78274536133
    endloop
  endfacet
  facet normal 2.6983391308e-06 0.999999523163 -0.00100238609593
    outer loop
      vertex 0.238814234734 10.910367012 4.76945161819
      vertex 0.139774993062 11.0119485855 4.76935005188
      vertex -0.277552723885 11.3953046799 4.7689666748
    endloop
  endfacet
  facet normal 1.00304390571e-07 0.999999523163 -0.00100060855038
    outer loop
      vertex -0.277552723885 11.3953046799 4.7689666748
      vertex -0.730766534805 11.7759552002 4.76858615875
      vertex -1.28468573093 10.8487176895 4.76951360703
    endloop
  endfacet
  facet normal -4.29974392091e-07 0.999999523163 -0.000999830197543
    outer loop
      vertex -1.86111271381 10.2303714752 4.77013158798
      vertex -1.47822213173 10.0112285614 4.77035093307
      vertex -1.28468573093 10.8487176895 4.76951360703
    endloop
  endfacet
  facet normal 2.828643062e-07 0.999999523163 -0.000999885029159
    outer loop
      vertex -8.2376832962 7.47298002243 4.77288961411
      vertex -10.0118103027 7.13934612274 4.77322340012
      vertex -8.77939605713 6.52266311646 4.77383995056
    endloop
  endfacet
  facet normal 4.0431348225e-07 0.999999523163 -0.00100042182021
    outer loop
      vertex -1.62875056267 12.3247766495 4.76803731918
      vertex -2.66640043259 12.7675876617 4.7675948143
      vertex -2.22342729568 11.5400161743 4.76882266998
    endloop
  endfacet
  facet normal -5.06141986989e-07 0.999999523163 -0.000999181298539
    outer loop
      vertex -3.42062926292 11.7149524689 4.76864767075
      vertex -4.65099287033 12.1093378067 4.76825284958
      vertex -4.10260105133 11.2214231491 4.76914024353
    endloop
  endfacet
  facet normal 3.11341977977e-07 0.999999523163 -0.00100058806129
    outer loop
      vertex -3.54282188416 13.0217618942 4.76734018326
      vertex -3.84999966621 13.0881757736 4.76727390289
      vertex -3.42062926292 11.7149524689 4.76864767075
    endloop
  endfacet
  facet normal 1.94819293142e-07 0.999999523163 -0.000999709009193
    outer loop
      vertex -10.0118103027 7.13934612274 4.77322340012
      vertex -9.76829147339 6.29890489578 4.77406358719
      vertex -8.77939605713 6.52266311646 4.77383995056
    endloop
  endfacet
  facet normal 1.19603714666e-06 0.999999523163 -0.000997073366307
    outer loop
      vertex -7.14409065247 13.0117549896 4.76735067368
      vertex -7.52883481979 12.8686943054 4.76749372482
      vertex -7.05484819412 13.0336399078 4.76732873917
    endloop
  endfacet
  facet normal 2.60842102762e-06 0.999999523163 -0.000993014662527
    outer loop
      vertex -7.52883481979 12.8686943054 4.76749372482
      vertex -7.66805553436 12.8045597076 4.767557621
      vertex -7.05484819412 13.0336399078 4.76732873917
    endloop
  endfacet
  facet normal 5.02306193084e-07 0.999999523163 -0.00100031285547
    outer loop
      vertex -8.47161769867 12.3459615707 4.76801586151
      vertex -9.26894187927 11.7954750061 4.76856708527
      vertex -8.36596107483 11.4068050385 4.76895523071
    endloop
  endfacet
  facet normal -3.46791921402e-07 0.999999523163 -0.00099968269933
    outer loop
      vertex -8.36273002625 9.56827068329 4.77079439163
      vertex -8.85542583466 10.6740312576 4.76968860626
      vertex -9.7540178299 9.86909103394 4.77049303055
    endloop
  endfacet
  facet normal -0.000197481611394 0.999999165535 -0.00127695442643
    outer loop
      vertex -8.62572956085 12.2550935745 4.76810693741
      vertex -9.21416854858 11.8364810944 4.7685251236
      vertex -9.26894187927 11.7954750061 4.76856708527
    endloop
  endfacet
  facet normal 1.67957480812e-07 0.999999523163 -0.00100004358683
    outer loop
      vertex -9.74039936066 0.24388833344 4.78011846542
      vertex -11.0767889023 0.511840879917 4.77985048294
      vertex -10.8724565506 -0.0501916110516 4.78041267395
    endloop
  endfacet
  facet normal 6.5716626807e-08 0.999999523163 -0.00100049993489
    outer loop
      vertex -4.65099287033 12.1093378067 4.76825284958
      vertex -5.54939556122 13.2236528397 4.7671380043
      vertex -5.69096660614 11.6162958145 4.76874637604
    endloop
  endfacet
  facet normal -2.20829207365e-07 0.999999523163 -0.000999764422886
    outer loop
      vertex 0.601735651493 4.3375043869 4.77602481842
      vertex 0.536169946194 5.34579086304 4.77501678467
      vertex -0.656056404114 5.12274312973 4.77523946762
    endloop
  endfacet
  facet normal -5.93224797285e-07 0.999999523163 -0.00099954532925
    outer loop
      vertex -10.3518009186 2.90237092972 4.7774605751
      vertex -11.3739080429 2.12069392204 4.77824115753
      vertex -10.4438180923 1.9301636219 4.77843236923
    endloop
  endfacet
  facet normal 9.03698264665e-07 0.999999523163 -0.00100024940912
    outer loop
      vertex -8.36596107483 11.4068050385 4.76895523071
      vertex -8.85542583466 10.6740312576 4.76968860626
      vertex -7.65522623062 10.3908519745 4.76997089386
    endloop
  endfacet
  facet normal -6.59720512886e-07 0.999999523163 -0.000999711337499
    outer loop
      vertex -10.0108270645 8.50786876678 4.77185535431
      vertex -11.3512516022 7.89112043381 4.77247095108
      vertex -10.0118103027 7.13934612274 4.77322340012
    endloop
  endfacet
  facet normal 2.48041378654e-05 0.999999523163 -0.000997955328785
    outer loop
      vertex -11.3512516022 7.89112043381 4.77247095108
      vertex -11.3604431152 7.84451389313 4.77251768112
      vertex -11.4061288834 7.17666339874 4.77318525314
    endloop
  endfacet
  facet normal 5.96615876702e-08 0.999999523163 -0.00100082228892
    outer loop
      vertex -10.0108270645 8.50786876678 4.77185535431
      vertex -9.7540178299 9.86909103394 4.77049303055
      vertex -10.8561925888 9.56819629669 4.77079439163
    endloop
  endfacet
  facet normal 4.27833754202e-07 0.999999523163 -0.00100008177105
    outer loop
      vertex -6.62538051605 -0.493871212006 4.78085660934
      vertex -6.08548641205 -1.31975793839 4.78168201447
      vertex -5.46249866486 -0.460326999426 4.78082227707
    endloop
  endfacet
  facet normal 3.55320963763e-08 0.999999523163 -0.000999907730147
    outer loop
      vertex -8.01137065887 6.41125965118 4.77395105362
      vertex -8.77939605713 6.52266311646 4.77383995056
      vertex -8.14391422272 5.56872987747 4.77479362488
    endloop
  endfacet
  facet normal 1.3291077039e-06 0.999999523163 -0.000999130075797
    outer loop
      vertex -8.89056777954 2.2127392292 4.7781496048
      vertex -8.76645469666 2.53887724876 4.77782344818
      vertex -9.39586544037 2.3653011322 4.77799797058
    endloop
  endfacet
  facet normal 4.8300267963e-07 0.999999523163 -0.000999776413664
    outer loop
      vertex -0.470163017511 -0.128021687269 4.78049039841
      vertex -1.0526406765 -1.18970441818 4.78155231476
      vertex -0.334028810263 -1.4624683857 4.78182458878
    endloop
  endfacet
  facet normal 2.16344631099e-07 0.999999523163 -0.000999419600703
    outer loop
      vertex -8.81086826324 1.21184587479 4.77915000916
      vertex -8.83423900604 1.46184802055 4.77890014648
      vertex -9.68784046173 1.33443617821 4.77902793884
    endloop
  endfacet
  facet normal -5.36862444278e-07 0.999999523163 -0.00100047467276
    outer loop
      vertex -10.6258440018 5.9774389267 4.77438545227
      vertex -10.0118103027 7.13934612274 4.77322340012
      vertex -11.4061288834 7.17666339874 4.77318525314
    endloop
  endfacet
  facet normal 1.36914124482e-07 0.999999523163 -0.000999772804789
    outer loop
      vertex -9.74039936066 0.24388833344 4.78011846542
      vertex -10.3684244156 -0.902835547924 4.78126478195
      vertex -9.03857898712 -0.725830614567 4.78108787537
    endloop
  endfacet
  facet normal -2.72526875733e-07 0.999999523163 -0.00100091821514
    outer loop
      vertex -10.100353241 -1.28762674332 4.78164958954
      vertex -9.86120700836 -1.56024432182 4.78192281723
      vertex -9.03857898712 -0.725830614567 4.78108787537
    endloop
  endfacet
  facet normal -9.28869155814e-07 0.999999523163 -0.000998715637252
    outer loop
      vertex -9.19485187531 -2.1951687336 4.78255748749
      vertex -9.16330432892 -2.21709442139 4.782579422
      vertex -9.86120700836 -1.56024432182 4.78192281723
    endloop
  endfacet
  facet normal 1.5740561139e-05 0.999999463558 -0.00102269998752
    outer loop
      vertex -9.19485187531 -2.1951687336 4.78255748749
      vertex -9.18761730194 -2.20092225075 4.78256320953
      vertex -9.16330432892 -2.21709442139 4.782579422
    endloop
  endfacet
  facet normal 7.47334141238e-08 0.999999523163 -0.000999786891043
    outer loop
      vertex -8.38997459412 0.460795164108 4.77990150452
      vertex -8.67188072205 1.00506711006 4.77935743332
      vertex -9.74039936066 0.24388833344 4.78011846542
    endloop
  endfacet
  facet normal -1.77048903538e-07 0.999999523163 -0.000999457319267
    outer loop
      vertex -2.21253657341 -1.05459964275 4.78141784668
      vertex -3.0828666687 -1.03858828545 4.78140163422
      vertex -2.725253582 -1.98766970634 4.78235054016
    endloop
  endfacet
  facet normal -2.51675970731e-07 0.999999523163 -0.00100110669155
    outer loop
      vertex -8.43006801605 -2.68297338486 4.78304481506
      vertex -8.327876091 -2.72905874252 4.78309106827
      vertex -7.21110343933 -1.96967566013 4.78233146667
    endloop
  endfacet
  facet normal 2.71751474656e-07 0.999999523163 -0.0010008168174
    outer loop
      vertex -7.53137397766 -3.02871918678 4.78339147568
      vertex -7.16116285324 -3.16027402878 4.7835226059
      vertex -7.21110343933 -1.96967566013 4.78233146667
    endloop
  endfacet
  facet normal 2.68211579169e-07 0.999999523163 -0.000999201321974
    outer loop
      vertex -7.16116285324 -3.16027402878 4.7835226059
      vertex -6.06448793411 -3.33612418175 4.78369808197
      vertex -5.91513204575 -2.49938631058 4.78286218643
    endloop
  endfacet
  facet normal -4.70715605161e-07 0.999999523163 -0.00099941319786
    outer loop
      vertex -4.16382074356 -3.39549612999 4.78375768661
      vertex -3.6979227066 -3.31386852264 4.78367614746
      vertex -3.65180039406 -2.59502840042 4.7829580307
    endloop
  endfacet
  facet normal 1.20015457128e-07 0.999999523163 -0.000999375362881
    outer loop
      vertex -3.6979227066 -3.31386852264 4.78367614746
      vertex -3.16191601753 -3.21635460854 4.78357887268
      vertex -3.65180039406 -2.59502840042 4.7829580307
    endloop
  endfacet
  facet normal 6.44011493023e-07 0.999999523163 -0.000999788404442
    outer loop
      vertex -3.16191601753 -3.21635460854 4.78357887268
      vertex -2.72292208672 -3.04695606232 4.78340911865
      vertex -3.65180039406 -2.59502840042 4.7829580307
    endloop
  endfacet
  facet normal -7.31690931843e-07 0.999999523163 -0.000999492942356
    outer loop
      vertex -3.42062926292 11.7149524689 4.76864767075
      vertex -4.10260105133 11.2214231491 4.76914024353
      vertex -3.55084896088 10.5838909149 4.76977825165
    endloop
  endfacet
  facet normal 4.49159756499e-07 0.999999523163 -0.00099977129139
    outer loop
      vertex -4.93674612045 10.5176668167 4.76984453201
      vertex -4.10260105133 11.2214231491 4.76914024353
      vertex -4.65099287033 12.1093378067 4.76825284958
    endloop
  endfacet
  facet normal -7.3830447036e-06 0.999999463558 -0.00101027218625
    outer loop
      vertex -1.11613166332 -2.19785642624 4.78256034851
      vertex -0.850139021873 -1.96916270256 4.78233146667
      vertex -1.30302619934 -2.3248770237 4.78268718719
    endloop
  endfacet
  facet normal 2.72319368833e-07 0.999999523163 -0.000999738345854
    outer loop
      vertex 0.865200936794 9.88229370117 4.77047967911
      vertex -0.23205973208 9.18882656097 4.77117347717
      vertex -0.0713295415044 8.93771076202 4.77142429352
    endloop
  endfacet
  facet normal 1.79817316592e-08 0.999999523163 -0.000999396434054
    outer loop
      vertex -0.850139021873 -1.96916270256 4.78233146667
      vertex -0.445995748043 -1.569627285 4.78193187714
      vertex -1.0526406765 -1.18970441818 4.78155231476
    endloop
  endfacet
  facet normal 3.17662880889e-07 0.999999523163 -0.000998740782961
    outer loop
      vertex -8.83423900604 1.46184802055 4.77890014648
      vertex -8.90155792236 1.72359144688 4.77863883972
      vertex -9.68784046173 1.33443617821 4.77902793884
    endloop
  endfacet
  facet normal -9.38835057696e-07 0.999999523163 -0.000999875599518
    outer loop
      vertex -11.4754428864 5.85314226151 4.77450895309
      vertex -11.498167038 5.22466230392 4.77513742447
      vertex -10.6258440018 5.9774389267 4.77438545227
    endloop
  endfacet
  facet normal 4.35929308651e-07 0.999999523163 -0.00100062170532
    outer loop
      vertex 0.651594102383 10.2582893372 4.77010393143
      vertex -0.277552723885 11.3953046799 4.7689666748
      vertex -0.4891102314 10.349899292 4.77001285553
    endloop
  endfacet
  facet normal 2.34085362649e-07 0.999999523163 -0.000999789102934
    outer loop
      vertex -10.8724565506 -0.0501916110516 4.78041267395
      vertex -10.6114521027 -0.512547552586 4.78087472916
      vertex -9.74039936066 0.24388833344 4.78011846542
    endloop
  endfacet
  facet normal 0.000117341231089 0.999999523163 -0.000979705713689
    outer loop
      vertex -11.3512516022 7.89112043381 4.77247095108
      vertex -11.3564825058 7.86877679825 4.77249336243
      vertex -11.3604431152 7.84451389313 4.77251768112
    endloop
  endfacet
  facet normal -6.1895360659e-07 0.999999523163 -0.00100006023422
    outer loop
      vertex -6.80365943909 3.98856449127 4.77637338638
      vertex -6.6588177681 4.03942918777 4.77632284164
      vertex -6.29038953781 5.09093427658 4.77527141571
    endloop
  endfacet
  facet normal -1.07056780507e-06 0.999999523163 -0.00100021844264
    outer loop
      vertex -6.6588177681 4.03942918777 4.77632284164
      vertex -6.36524581909 3.99416828156 4.77636814117
      vertex -6.29038953781 5.09093427658 4.77527141571
    endloop
  endfacet
  facet normal -2.66627075973e-08 0.999999523163 -0.000999965239316
    outer loop
      vertex -6.29038953781 5.09093427658 4.77527141571
      vertex -7.33983755112 5.70545959473 4.77465677261
      vertex -7.45138597488 4.86816358566 4.77549409866
    endloop
  endfacet
  facet normal 4.17182491219e-07 0.999999523163 -0.00100011692848
    outer loop
      vertex -6.36524581909 3.99416828156 4.77636814117
      vertex -5.5342130661 3.95285773277 4.77640914917
      vertex -6.29038953781 5.09093427658 4.77527141571
    endloop
  endfacet
  facet normal -3.03788027622e-07 0.999999523163 -0.00100017827936
    outer loop
      vertex -5.5342130661 3.95285773277 4.77640914917
      vertex -4.97769451141 3.64610409737 4.7767162323
      vertex -5.13207244873 4.74220991135 4.77561998367
    endloop
  endfacet
  facet normal 1.77035678917e-06 0.999999523163 -0.000999671523459
    outer loop
      vertex -4.97769451141 3.64610409737 4.7767162323
      vertex -4.79340171814 3.54072451591 4.77682113647
      vertex -4.74770545959 4.70604038239 4.7756562233
    endloop
  endfacet
  facet normal -1.36761002523e-07 0.999999523163 -0.00100019131787
    outer loop
      vertex -4.79340171814 3.54072451591 4.77682113647
      vertex -4.23843669891 3.13349843025 4.77722883224
      vertex -3.65798449516 4.55625009537 4.77580547333
    endloop
  endfacet
  facet normal 3.35824353215e-07 0.999999523163 -0.00100065162405
    outer loop
      vertex -4.23843669891 3.13349843025 4.77722883224
      vertex -4.04568004608 2.76437807083 4.77759790421
      vertex -3.33109378815 3.52473902702 4.7768368721
    endloop
  endfacet
  facet normal 1.36030007525e-06 0.999999523163 -0.000999330542982
    outer loop
      vertex -5.5342130661 3.95285773277 4.77640914917
      vertex -5.13207244873 4.74220991135 4.77561998367
      vertex -5.28615474701 4.79785108566 4.77556467056
    endloop
  endfacet
  facet normal 6.02487773449e-07 0.999999523163 -0.00100040109828
    outer loop
      vertex -4.04568004608 2.76437807083 4.77759790421
      vertex -3.75179767609 2.42043185234 4.7779417038
      vertex -3.33109378815 3.52473902702 4.7768368721
    endloop
  endfacet
  facet normal -1.44138113001e-07 0.999999523163 -0.000999515992589
    outer loop
      vertex -3.75179767609 2.42043185234 4.7779417038
      vertex -3.64664697647 1.8085039854 4.77855348587
      vertex -2.81897497177 2.45174074173 4.77791070938
    endloop
  endfacet
  facet normal -2.70088349907e-07 0.999999523163 -0.000999428331852
    outer loop
      vertex -7.50562095642 11.8839330673 4.76847839355
      vertex -8.36596107483 11.4068050385 4.76895523071
      vertex -7.65522623062 10.3908519745 4.76997089386
    endloop
  endfacet
  facet normal -1.78704297582e-07 0.999999523163 -0.000999819138087
    outer loop
      vertex 1.26703178883 8.26342391968 4.7720990181
      vertex 0.250743657351 8.56334972382 4.77179861069
      vertex 0.544968426228 7.75830602646 4.77260398865
    endloop
  endfacet
  facet normal -3.39185788789e-07 0.999999523163 -0.000999435200356
    outer loop
      vertex -6.7194185257 11.0268335342 4.76933526993
      vertex -7.50562095642 11.8839330673 4.76847839355
      vertex -7.65522623062 10.3908519745 4.76997089386
    endloop
  endfacet
  facet normal 5.70791144128e-07 0.999999523163 -0.00100016989745
    outer loop
      vertex 0.968318283558 0.636512994766 4.77972602844
      vertex 1.23368024826 1.31194341183 4.77905035019
      vertex 0.170439869165 1.09274089336 4.77927017212
    endloop
  endfacet
  facet normal -1.12399739294e-07 0.999999523163 -0.00100147724152
    outer loop
      vertex 0.0643326416612 5.70527029037 4.77465677261
      vertex -0.203548327088 5.50761270523 4.77485466003
      vertex 0.536169946194 5.34579086304 4.77501678467
    endloop
  endfacet
  facet normal -5.34774585503e-07 0.999999523163 -0.000999344629236
    outer loop
      vertex -6.06448793411 -3.33612418175 4.78369808197
      vertex -5.53361701965 -3.40397381783 4.78376626968
      vertex -5.91513204575 -2.49938631058 4.78286218643
    endloop
  endfacet
  facet normal -1.89496734038e-06 0.999999523163 -0.00100263906643
    outer loop
      vertex -0.862291157246 5.05616998672 4.77530574799
      vertex -1.33000469208 4.80378961563 4.77555799484
      vertex -0.656056404114 5.12274312973 4.77523946762
    endloop
  endfacet
  facet normal -7.59664487759e-07 0.999999523163 -0.0010006276425
    outer loop
      vertex 0.109873525798 5.76700782776 4.77459526062
      vertex 0.0643326416612 5.70527029037 4.77465677261
      vertex 0.536169946194 5.34579086304 4.77501678467
    endloop
  endfacet
  facet normal -3.43565545791e-07 0.999999523163 -0.00100042053964
    outer loop
      vertex -0.203548327088 5.50761270523 4.77485466003
      vertex -0.656056404114 5.12274312973 4.77523946762
      vertex 0.536169946194 5.34579086304 4.77501678467
    endloop
  endfacet
  facet normal -2.46871582021e-06 0.999999523163 -0.00100035115611
    outer loop
      vertex -6.62538051605 -0.493871212006 4.78085660934
      vertex -6.80065965652 -0.435467869043 4.78079748154
      vertex -7.21110343933 -1.96967566013 4.78233146667
    endloop
  endfacet
  facet normal -7.8004467241e-07 0.999999523163 -0.0010001641931
    outer loop
      vertex -5.25006961823 -0.447468847036 4.7808098793
      vertex -5.46249866486 -0.460326999426 4.78082227707
      vertex -5.25831460953 -1.21190834045 4.78157424927
    endloop
  endfacet
  facet normal 1.76618883074e-07 0.999999523163 -0.000999745097943
    outer loop
      vertex -0.334028810263 -1.4624683857 4.78182458878
      vertex 0.399122327566 -0.497565627098 4.7808599472
      vertex -0.470163017511 -0.128021687269 4.78049039841
    endloop
  endfacet
  facet normal -1.58956227096e-05 0.999999523163 -0.00100207934156
    outer loop
      vertex -7.33983755112 5.70545959473 4.77465677261
      vertex -7.35412025452 5.71559762955 4.7746462822
      vertex -7.45138597488 4.86816358566 4.77549409866
    endloop
  endfacet
  facet normal -4.6210510618e-07 0.999999523163 -0.00100015592761
    outer loop
      vertex -4.97769451141 3.64610409737 4.7767162323
      vertex -4.74770545959 4.70604038239 4.7756562233
      vertex -5.13207244873 4.74220991135 4.77561998367
    endloop
  endfacet
  facet normal 4.75664592159e-08 0.999999523163 -0.000999980489723
    outer loop
      vertex -9.42982578278 5.3653793335 4.77499723434
      vertex -9.85466480255 4.10803699493 4.77625465393
      vertex -8.51156806946 4.22741937637 4.7761349678
    endloop
  endfacet
  facet normal -1.43560413335e-07 0.999999523163 -0.00100012705661
    outer loop
      vertex -9.03857898712 -0.725830614567 4.78108787537
      vertex -8.06168365479 -1.3591837883 4.78172159195
      vertex -7.69761562347 -0.127915814519 4.78048992157
    endloop
  endfacet
  facet normal 2.75725739129e-07 0.999999523163 -0.000999730196781
    outer loop
      vertex -4.79340171814 3.54072451591 4.77682113647
      vertex -3.65798449516 4.55625009537 4.77580547333
      vertex -4.74770545959 4.70604038239 4.7756562233
    endloop
  endfacet
  facet normal 6.98286939382e-08 0.999999523163 -0.00100038642995
    outer loop
      vertex -9.39586544037 2.3653011322 4.77799797058
      vertex -9.09384346008 3.2656686306 4.77709722519
      vertex -10.3518009186 2.90237092972 4.7774605751
    endloop
  endfacet
  facet normal 1.23388713291e-06 0.999999523163 -0.000999475363642
    outer loop
      vertex -8.76645469666 2.53887724876 4.77782344818
      vertex -8.71077156067 2.73740935326 4.77762508392
      vertex -9.39586544037 2.3653011322 4.77799797058
    endloop
  endfacet
  facet normal 3.95232092387e-07 0.999999523163 -0.000999207841232
    outer loop
      vertex -8.62923336029 2.8779938221 4.77748441696
      vertex -8.29658699036 3.31328439713 4.77704906464
      vertex -9.09384346008 3.2656686306 4.77709722519
    endloop
  endfacet
  facet normal 2.28902180766e-07 0.999999523163 -0.00100055476651
    outer loop
      vertex -1.43898785114 12.2382268906 4.76812362671
      vertex -1.62875056267 12.3247766495 4.76803731918
      vertex -2.22342729568 11.5400161743 4.76882266998
    endloop
  endfacet
  facet normal -1.11702206596e-06 0.999999523163 -0.000999751966447
    outer loop
      vertex -7.20321798325 9.48866558075 4.77087306976
      vertex -7.12175559998 9.54531860352 4.77081680298
      vertex -7.65522623062 10.3908519745 4.76997089386
    endloop
  endfacet
  facet normal -9.14300699151e-07 0.999999523163 -0.000999879906885
    outer loop
      vertex -7.12175559998 9.54531860352 4.77081680298
      vertex -7.01592350006 9.5950460434 4.77076721191
      vertex -7.65522623062 10.3908519745 4.76997089386
    endloop
  endfacet
  facet normal 4.54088052493e-07 0.999999523163 -0.0010000532493
    outer loop
      vertex 1.35450947285 7.27109575272 4.77309083939
      vertex 0.57435464859 7.53859853745 4.77282381058
      vertex 0.56856995821 6.52020597458 4.77384185791
    endloop
  endfacet
  facet normal -1.29125965032e-06 0.999999523163 -0.000996544258669
    outer loop
      vertex 1.35450947285 7.27109575272 4.77309083939
      vertex 0.583025038242 7.71363019943 4.77264881134
      vertex 0.60717356205 7.58511781693 4.77277708054
    endloop
  endfacet
  facet normal 3.89776261045e-07 0.999999523163 -0.00100043567363
    outer loop
      vertex -0.730766534805 11.7759552002 4.76858615875
      vertex -1.43898785114 12.2382268906 4.76812362671
      vertex -1.28468573093 10.8487176895 4.76951360703
    endloop
  endfacet
  facet normal -1.78367471904e-07 0.999999523163 -0.00100054231007
    outer loop
      vertex -2.66640043259 12.7675876617 4.7675948143
      vertex -3.54282188416 13.0217618942 4.76734018326
      vertex -3.42062926292 11.7149524689 4.76864767075
    endloop
  endfacet
  facet normal -6.25827709655e-08 0.999999523163 -0.00100007804576
    outer loop
      vertex 1.48628938198 6.26350688934 4.77409887314
      vertex 0.56856995821 6.52020597458 4.77384185791
      vertex 0.185106992722 5.95243310928 4.77440977097
    endloop
  endfacet
  facet normal -3.45208013641e-06 0.999999523163 -0.00100449845195
    outer loop
      vertex 1.26703178883 8.26342391968 4.7720990181
      vertex 0.544968426228 7.75830602646 4.77260398865
      vertex 0.583025038242 7.71363019943 4.77264881134
    endloop
  endfacet
  facet normal -6.63093146613e-07 0.999999523163 -0.00100032833871
    outer loop
      vertex 0.651594102383 10.2582893372 4.77010393143
      vertex -0.436397790909 9.36462593079 4.77099752426
      vertex -0.23205973208 9.18882656097 4.77117347717
    endloop
  endfacet
  facet normal 6.31950243246e-08 0.999999523163 -0.00100039527752
    outer loop
      vertex 1.06837451458 9.10491085052 4.77125692368
      vertex -0.0713295415044 8.93771076202 4.77142429352
      vertex 0.250743657351 8.56334972382 4.77179861069
    endloop
  endfacet
  facet normal 1.65559663401e-06 0.999999523163 -0.0010035574669
    outer loop
      vertex 1.35450947285 7.27109575272 4.77309083939
      vertex 0.60717356205 7.58511781693 4.77277708054
      vertex 0.57435464859 7.53859853745 4.77282381058
    endloop
  endfacet
  facet normal 5.46482283426e-07 0.999999523163 -0.0010006405646
    outer loop
      vertex -1.17526960373 3.8164703846 4.77654600143
      vertex -1.33000469208 4.80378961563 4.77555799484
      vertex -1.85857868195 4.71988677979 4.77564239502
    endloop
  endfacet
  facet normal 3.05510553744e-07 0.999999523163 -0.00100021983963
    outer loop
      vertex -7.45138597488 4.86816358566 4.77549409866
      vertex -7.35412025452 5.71559762955 4.7746462822
      vertex -8.14391422272 5.56872987747 4.77479362488
    endloop
  endfacet
  facet normal 8.32360626646e-07 0.999999523163 -0.0010006967932
    outer loop
      vertex -0.445995748043 -1.569627285 4.78193187714
      vertex -0.334028810263 -1.4624683857 4.78182458878
      vertex -1.0526406765 -1.18970441818 4.78155231476
    endloop
  endfacet
  facet normal 6.79293634676e-06 0.999999523163 -0.00096533325268
    outer loop
      vertex -7.35688447952 5.72039937973 4.77464199066
      vertex -8.14391422272 5.56872987747 4.77479362488
      vertex -7.35412025452 5.71559762955 4.7746462822
    endloop
  endfacet
  facet normal -1.14699680864e-07 0.999999523163 -0.000999763491563
    outer loop
      vertex -5.5342130661 3.95285773277 4.77640914917
      vertex -5.28615474701 4.79785108566 4.77556467056
      vertex -6.29038953781 5.09093427658 4.77527141571
    endloop
  endfacet
  facet normal -0.466987103224 -0.0313223265111 -0.883709192276
    outer loop
      vertex -7.70127010345 13.0068778992 2.80069828033
      vertex -8.96835231781 12.3546628952 3.29053139687
      vertex -7.99190425873 12.8973608017 4.0439491272
    endloop
  endfacet
  facet normal -0.379702359438 -0.00727350218222 -0.925080120564
    outer loop
      vertex -7.70127010345 13.0068778992 2.80069828033
      vertex -7.99190425873 12.8973608017 4.0439491272
      vertex -7.06305456161 13.2767982483 3.81349539757
    endloop
  endfacet
  facet normal -0.507665872574 0.0379596911371 -0.86071741581
    outer loop
      vertex -7.99190425873 12.8973608017 4.0439491272
      vertex -8.96835231781 12.3546628952 3.29053139687
      vertex -8.78030967712 12.432302475 4.04493331909
    endloop
  endfacet
  facet normal -0.621136844158 0.0745352506638 -0.780149698257
    outer loop
      vertex -8.78030967712 12.432302475 4.04493331909
      vertex -8.96835231781 12.3546628952 3.29053139687
      vertex -9.77340602875 11.6904850006 3.53349423409
    endloop
  endfacet
  facet normal -0.86400616169 0.0793616324663 -0.497187137604
    outer loop
      vertex -10.5220394135 10.8037424088 3.74099445343
      vertex -10.9096870422 10.2140388489 3.21508669853
      vertex -10.8767566681 10.1221170425 4.14947843552
    endloop
  endfacet
  facet normal -0.412428826094 0.102482765913 0.905207037926
    outer loop
      vertex -2.77330183983 10.2439870834 2.75624465942
      vertex -1.73022449017 9.84833717346 3.45929169655
      vertex -2.24691104889 10.1598529816 4.13150215149
    endloop
  endfacet
  facet normal -0.198627144098 0.0160763636231 0.979943275452
    outer loop
      vertex -3.42306470871 10.3771495819 2.84526538849
      vertex -2.77330183983 10.2439870834 2.75624465942
      vertex -2.24691104889 10.1598529816 4.13150215149
    endloop
  endfacet
  facet normal -0.145688384771 -0.0338198021054 0.988752305508
    outer loop
      vertex -3.89546298981 10.4235124588 3.52481174469
      vertex -3.42306470871 10.3771495819 2.84526538849
      vertex -2.24691104889 10.1598529816 4.13150215149
    endloop
  endfacet
  facet normal 0.0617699995637 0.0623429343104 0.99614149332
    outer loop
      vertex -5.04450559616 10.3157186508 2.94093298912
      vertex -3.89546298981 10.4235124588 3.52481174469
      vertex -4.54462957382 10.4189949036 4.09582948685
    endloop
  endfacet
  facet normal 0.257105380297 -0.0248941853642 0.966062664986
    outer loop
      vertex -5.79560422897 10.1138029099 3.01933217049
      vertex -5.04450559616 10.3157186508 2.94093298912
      vertex -4.54462957382 10.4189949036 4.09582948685
    endloop
  endfacet
  facet normal -0.912003457546 0.071869790554 -0.403837174177
    outer loop
      vertex -11.2284269333 9.33982467651 4.08259820938
      vertex -10.8767566681 10.1221170425 4.14947843552
      vertex -10.9096870422 10.2140388489 3.21508669853
    endloop
  endfacet
  facet normal -0.8902156353 0.132077634335 0.435972094536
    outer loop
      vertex -0.509373366833 8.72580623627 2.53496861458
      vertex -0.0472672842443 8.11286067963 3.6263487339
      vertex -0.329255074263 8.90383338928 4.33662939072
    endloop
  endfacet
  facet normal -0.699050247669 0.139193311334 0.701394319534
    outer loop
      vertex -0.329255074263 8.90383338928 4.33662939072
      vertex -1.03829729557 9.34986209869 3.02324652672
      vertex -0.509373366833 8.72580623627 2.53496861458
    endloop
  endfacet
  facet normal -0.939822018147 0.219066053629 -0.262191951275
    outer loop
      vertex 0.0281326547265 7.00929450989 3.34363555908
      vertex -0.0836657732725 6.69522094727 3.23990821838
      vertex 0.0963919013739 6.63817644119 4.08065366745
    endloop
  endfacet
  facet normal -0.861535549164 0.215694010258 -0.459600508213
    outer loop
      vertex -0.0836657732725 6.69522094727 3.23990821838
      vertex -0.341455727816 6.2870349884 3.07999372482
      vertex 0.0963919013739 6.63817644119 4.08065366745
    endloop
  endfacet
  facet normal -0.632496714592 0.279438465834 -0.722400188446
    outer loop
      vertex -0.974973320961 5.71213531494 3.1322760582
      vertex -0.463041931391 5.7557926178 4.17814779282
      vertex -0.341455727816 6.2870349884 3.07999372482
    endloop
  endfacet
  facet normal -0.48895150423 0.203927576542 -0.848139107227
    outer loop
      vertex -0.974973320961 5.71213531494 3.1322760582
      vertex -1.41643047333 5.22442388535 4.10220909119
      vertex -0.463041931391 5.7557926178 4.17814779282
    endloop
  endfacet
  facet normal -0.362852871418 0.281517028809 -0.888305127621
    outer loop
      vertex -0.974973320961 5.71213531494 3.1322760582
      vertex -1.9983856678 5.30081701279 3.11106324196
      vertex -1.41643047333 5.22442388535 4.10220909119
    endloop
  endfacet
  facet normal -0.270738422871 0.230994313955 -0.934527873993
    outer loop
      vertex -1.9983856678 5.30081701279 3.11106324196
      vertex -2.56182861328 4.79932641983 4.47954463959
      vertex -1.41643047333 5.22442388535 4.10220909119
    endloop
  endfacet
  facet normal -0.03609437868 0.330722421408 -0.943037569523
    outer loop
      vertex -1.9983856678 5.30081701279 3.11106324196
      vertex -3.48840332031 5.09891843796 3.52414894104
      vertex -2.56182861328 4.79932641983 4.47954463959
    endloop
  endfacet
  facet normal 0.208710536361 0.509971737862 0.834487080574
    outer loop
      vertex -6.78941917419 3.3765194416 3.96018338203
      vertex -7.46815109253 3.49685382843 4.43486833572
      vertex -7.5099158287 2.8606877327 3.41097736359
    endloop
  endfacet
  facet normal 0.609715461731 0.40021365881 0.684160888195
    outer loop
      vertex -7.46815109253 3.49685382843 4.43486833572
      vertex -8.00089836121 2.74870371819 3.96754050255
      vertex -7.5099158287 2.8606877327 3.41097736359
    endloop
  endfacet
  facet normal 0.0172733440995 0.272992491722 0.961861073971
    outer loop
      vertex -6.02668190002 3.40311169624 4.00561666489
      vertex -6.78941917419 3.3765194416 3.96018338203
      vertex -6.14688777924 3.06148576736 2.80953907967
    endloop
  endfacet
  facet normal 0.165761098266 0.345455765724 0.923679351807
    outer loop
      vertex -7.15958356857 2.71136236191 2.35930395126
      vertex -6.14688777924 3.06148576736 2.80953907967
      vertex -6.78941917419 3.3765194416 3.96018338203
    endloop
  endfacet
  facet normal 0.42072224617 0.263411521912 0.868105471134
    outer loop
      vertex -7.5099158287 2.8606877327 3.41097736359
      vertex -7.15958356857 2.71136236191 2.35930395126
      vertex -6.78941917419 3.3765194416 3.96018338203
    endloop
  endfacet
  facet normal 0.965128481388 0.252285689116 -0.0698493942618
    outer loop
      vertex -8.17966365814 2.11339044571 3.77813243866
      vertex -8.1525812149 1.30786180496 3.89755129814
      vertex -7.8556470871 1.64037168026 2.66955852509
    endloop
  endfacet
  facet normal 0.877413809299 0.366302102804 0.309786617756
    outer loop
      vertex 1.33387672901 0.593866467476 4.26519727707
      vertex 1.89166891575 0.894337296486 3.18321418762
      vertex 1.62999880314 1.29715132713 4.1506652832
    endloop
  endfacet
  facet normal 0.869912207127 0.352733701468 0.344719797373
    outer loop
      vertex 1.31309103966 -0.332989543676 3.41066050529
      vertex 1.89166891575 0.894337296486 3.18321418762
      vertex 1.33387672901 0.593866467476 4.26519727707
    endloop
  endfacet
  facet normal 0.807465434074 0.199059963226 -0.555314898491
    outer loop
      vertex -7.59370803833 0.533780217171 3.78998684883
      vertex -7.59881925583 0.911794364452 2.75617933273
      vertex -8.1525812149 1.30786180496 3.89755129814
    endloop
  endfacet
  facet normal 0.885053217411 0.308416634798 -0.348654508591
    outer loop
      vertex -7.59881925583 0.911794364452 2.75617933273
      vertex -7.8556470871 1.64037168026 2.66955852509
      vertex -8.1525812149 1.30786180496 3.89755129814
    endloop
  endfacet
  facet normal 0.72249341011 0.357828587294 0.591575801373
    outer loop
      vertex 0.709317445755 -1.04974627495 3.80955672264
      vertex 0.139759421349 -1.52076995373 4.18083953857
      vertex 0.729980766773 -1.54753875732 2.944865942
    endloop
  endfacet
  facet normal 0.64154535532 0.330364882946 0.692299485207
    outer loop
      vertex 0.177307918668 -2.28881239891 2.71614813805
      vertex -0.284010231495 -2.13275575638 3.93902158737
      vertex -0.683431982994 -2.62040257454 3.69277763367
    endloop
  endfacet
  facet normal 0.70259398222 0.34450507164 0.622637867928
    outer loop
      vertex 0.177307918668 -2.28881239891 2.71614813805
      vertex 0.139759421349 -1.52076995373 4.18083953857
      vertex -0.284010231495 -2.13275575638 3.93902158737
    endloop
  endfacet
  facet normal 0.697567820549 0.346694231033 0.627058386803
    outer loop
      vertex 0.177307918668 -2.28881239891 2.71614813805
      vertex 0.729980766773 -1.54753875732 2.944865942
      vertex 0.139759421349 -1.52076995373 4.18083953857
    endloop
  endfacet
  facet normal 0.186923876405 0.302447021008 -0.934657812119
    outer loop
      vertex -3.63511538506 13.1020689011 4.69133996964
      vertex -2.93762993813 13.0602989197 4.38935089111
      vertex -4.19722986221 13.4174594879 4.06409072876
    endloop
  endfacet
  facet normal 0.111749023199 0.364662647247 -0.924409687519
    outer loop
      vertex -3.63511538506 13.1020689011 4.69133996964
      vertex -4.19722986221 13.4174594879 4.06409072876
      vertex -5.14026451111 13.3177967072 4.60572099686
    endloop
  endfacet
  facet normal 0.010628381744 0.198825865984 -0.979977190495
    outer loop
      vertex -6.01417589188 13.4732656479 3.88615965843
      vertex -5.14026451111 13.3177967072 4.60572099686
      vertex -4.19722986221 13.4174594879 4.06409072876
    endloop
  endfacet
  facet normal -0.0589414797723 0.278693556786 -0.958569645882
    outer loop
      vertex -6.01417589188 13.4732656479 3.88615965843
      vertex -6.59093427658 13.2878627777 4.40187358856
      vertex -5.14026451111 13.3177967072 4.60572099686
    endloop
  endfacet
  facet normal -0.238991558552 0.173804044724 -0.955340325832
    outer loop
      vertex -7.22134304047 13.1273088455 4.41753339767
      vertex -6.59093427658 13.2878627777 4.40187358856
      vertex -7.06305456161 13.2767982483 3.81349539757
    endloop
  endfacet
  facet normal -0.191466376185 0.135353788733 -0.972121357918
    outer loop
      vertex -7.06305456161 13.2767982483 3.81349539757
      vertex -6.59093427658 13.2878627777 4.40187358856
      vertex -6.01417589188 13.4732656479 3.88615965843
    endloop
  endfacet
  facet normal 0.356808334589 0.394153416157 -0.846953868866
    outer loop
      vertex -2.15285181999 12.9128513336 4.03219461441
      vertex -2.60990667343 12.7863912582 4.71767997742
      vertex -1.26509857178 12.3962440491 4.33863592148
    endloop
  endfacet
  facet normal 0.335881263018 0.382725328207 -0.860642254353
    outer loop
      vertex -2.15285181999 12.9128513336 4.03219461441
      vertex -2.93762993813 13.0602989197 4.38935089111
      vertex -2.60990667343 12.7863912582 4.71767997742
    endloop
  endfacet
  facet normal 0.250389814377 0.460518181324 -0.851603150368
    outer loop
      vertex -3.63511538506 13.1020689011 4.69133996964
      vertex -2.60990667343 12.7863912582 4.71767997742
      vertex -2.93762993813 13.0602989197 4.38935089111
    endloop
  endfacet
  facet normal -0.344628602266 0.139436110854 -0.928325772285
    outer loop
      vertex -7.06305456161 13.2767982483 3.81349539757
      vertex -7.99190425873 12.8973608017 4.0439491272
      vertex -7.22134304047 13.1273088455 4.41753339767
    endloop
  endfacet
  facet normal -0.573892354965 0.287350654602 -0.766861915588
    outer loop
      vertex -8.78030967712 12.432302475 4.04493331909
      vertex -9.26894187927 11.7954750061 4.76856708527
      vertex -9.21416854858 11.8364810944 4.7685251236
    endloop
  endfacet
  facet normal -0.573895275593 0.287347733974 -0.7668607831
    outer loop
      vertex -8.78030967712 12.432302475 4.04493331909
      vertex -9.6039276123 11.7278118134 4.28010559082
      vertex -9.26894187927 11.7954750061 4.76856708527
    endloop
  endfacet
  facet normal -0.629101157188 0.104293718934 -0.770295083523
    outer loop
      vertex -8.78030967712 12.432302475 4.04493331909
      vertex -9.77340602875 11.6904850006 3.53349423409
      vertex -9.6039276123 11.7278118134 4.28010559082
    endloop
  endfacet
  facet normal 0.652150392532 0.376246899366 -0.658132314682
    outer loop
      vertex -0.217976272106 11.7774477005 4.14348888397
      vertex -0.353310406208 11.6517038345 4.59801530838
      vertex 0.525442481041 10.8610963821 4.45780181885
    endloop
  endfacet
  facet normal 0.662002682686 0.356427162886 -0.659327030182
    outer loop
      vertex 0.604306876659 11.0261449814 4.00601434708
      vertex -0.217976272106 11.7774477005 4.14348888397
      vertex 0.525442481041 10.8610963821 4.45780181885
    endloop
  endfacet
  facet normal 0.522905886173 0.368350714445 -0.768691837788
    outer loop
      vertex -1.26509857178 12.3962440491 4.33863592148
      vertex -0.353310406208 11.6517038345 4.59801530838
      vertex -0.217976272106 11.7774477005 4.14348888397
    endloop
  endfacet
  facet normal 0.478636831045 0.461514532566 -0.746934473515
    outer loop
      vertex -1.48684489727 12.2954158783 4.73179292679
      vertex -0.353310406208 11.6517038345 4.59801530838
      vertex -1.26509857178 12.3962440491 4.33863592148
    endloop
  endfacet
  facet normal -0.741225540638 0.135386586189 -0.657461166382
    outer loop
      vertex -9.77340602875 11.6904850006 3.53349423409
      vertex -10.5220394135 10.8037424088 3.74099445343
      vertex -9.6039276123 11.7278118134 4.28010559082
    endloop
  endfacet
  facet normal 0.767974495888 0.333759903908 -0.546643853188
    outer loop
      vertex 1.08291733265 10.3154449463 4.06875133514
      vertex 0.604306876659 11.0261449814 4.00601434708
      vertex 0.525442481041 10.8610963821 4.45780181885
    endloop
  endfacet
  facet normal -0.656827569008 0.358563870192 -0.663332104683
    outer loop
      vertex -9.6039276123 11.7278118134 4.28010559082
      vertex -9.83059692383 11.2390270233 4.76912307739
      vertex -9.26894187927 11.7954750061 4.76856708527
    endloop
  endfacet
  facet normal -0.751733779907 0.38779297471 -0.533397555351
    outer loop
      vertex -10.4448957443 10.7480792999 4.33169460297
      vertex -10.4713745117 10.3921251297 4.76997041702
      vertex -10.038110733 11.0031814575 4.76935911179
    endloop
  endfacet
  facet normal -0.716435909271 0.298287391663 -0.630669653416
    outer loop
      vertex -9.6039276123 11.7278118134 4.28010559082
      vertex -10.038110733 11.0031814575 4.76935911179
      vertex -9.83059692383 11.2390270233 4.76912307739
    endloop
  endfacet
  facet normal -0.716435432434 0.298288166523 -0.63066983223
    outer loop
      vertex -9.6039276123 11.7278118134 4.28010559082
      vertex -10.4448957443 10.7480792999 4.33169460297
      vertex -10.038110733 11.0031814575 4.76935911179
    endloop
  endfacet
  facet normal -0.745086789131 0.158359289169 -0.647895038128
    outer loop
      vertex -10.5220394135 10.8037424088 3.74099445343
      vertex -10.4448957443 10.7480792999 4.33169460297
      vertex -9.6039276123 11.7278118134 4.28010559082
    endloop
  endfacet
  facet normal -0.833672165871 0.158720865846 -0.528959691525
    outer loop
      vertex -10.5220394135 10.8037424088 3.74099445343
      vertex -10.8767566681 10.1221170425 4.14947843552
      vertex -10.4448957443 10.7480792999 4.33169460297
    endloop
  endfacet
  facet normal 0.81400424242 0.431027382612 -0.389374434948
    outer loop
      vertex 1.08291733265 10.3154449463 4.06875133514
      vertex 1.14389848709 9.59563922882 4.60383367538
      vertex 1.50682914257 9.42004299164 4.07705879211
    endloop
  endfacet
  facet normal 0.760105967522 0.489010334015 -0.427911013365
    outer loop
      vertex 0.525442481041 10.8610963821 4.45780181885
      vertex 1.14389848709 9.59563922882 4.60383367538
      vertex 1.08291733265 10.3154449463 4.06875133514
    endloop
  endfacet
  facet normal -0.422841787338 0.092736043036 0.90144598484
    outer loop
      vertex -1.73022449017 9.84833717346 3.45929169655
      vertex -0.973017454147 9.60069274902 4.50462675095
      vertex -2.24691104889 10.1598529816 4.13150215149
    endloop
  endfacet
  facet normal -0.505598783493 0.165647983551 0.846717536449
    outer loop
      vertex -1.03829729557 9.34986209869 3.02324652672
      vertex -0.973017454147 9.60069274902 4.50462675095
      vertex -1.73022449017 9.84833717346 3.45929169655
    endloop
  endfacet
  facet normal -0.228335961699 0.207026466727 0.951316297054
    outer loop
      vertex -3.89546298981 10.4235124588 3.52481174469
      vertex -2.24691104889 10.1598529816 4.13150215149
      vertex -2.73917365074 10.3708267212 4.55802297592
    endloop
  endfacet
  facet normal -0.192552760243 0.166175141931 0.967113852501
    outer loop
      vertex -3.39103627205 10.5121049881 4.62490606308
      vertex -3.89546298981 10.4235124588 3.52481174469
      vertex -2.73917365074 10.3708267212 4.55802297592
    endloop
  endfacet
  facet normal 0.055268406868 0.0549450702965 0.996958613396
    outer loop
      vertex -3.39103627205 10.5121049881 4.62490606308
      vertex -4.54462957382 10.4189949036 4.09582948685
      vertex -3.89546298981 10.4235124588 3.52481174469
    endloop
  endfacet
  facet normal 0.214997902513 0.0269242636859 0.976243317127
    outer loop
      vertex -5.79560422897 10.1138029099 3.01933217049
      vertex -4.54462957382 10.4189949036 4.09582948685
      vertex -5.85517787933 10.139090538 4.41192388535
    endloop
  endfacet
  facet normal 0.483832269907 0.0365753993392 0.874396145344
    outer loop
      vertex -6.60782718658 9.6932592392 3.70988583565
      vertex -5.79560422897 10.1138029099 3.01933217049
      vertex -5.85517787933 10.139090538 4.41192388535
    endloop
  endfacet
  facet normal -0.847854435444 0.36820718646 -0.381531596184
    outer loop
      vertex -10.8767566681 10.1221170425 4.14947843552
      vertex -10.8561925888 9.56819629669 4.77079439163
      vertex -10.5387811661 10.2742424011 4.77008771896
    endloop
  endfacet
  facet normal -0.847854316235 0.368207275867 -0.381531685591
    outer loop
      vertex -10.8767566681 10.1221170425 4.14947843552
      vertex -11.1654119492 8.96841335297 4.68025827408
      vertex -10.8561925888 9.56819629669 4.77079439163
    endloop
  endfacet
  facet normal -0.818981528282 0.331131845713 -0.468637377024
    outer loop
      vertex -10.5387811661 10.2742424011 4.77008771896
      vertex -10.4713745117 10.3921251297 4.76997041702
      vertex -10.8767566681 10.1221170425 4.14947843552
    endloop
  endfacet
  facet normal -0.818981945515 0.331132650375 -0.468636065722
    outer loop
      vertex -10.4448957443 10.7480792999 4.33169460297
      vertex -10.8767566681 10.1221170425 4.14947843552
      vertex -10.4713745117 10.3921251297 4.76997041702
    endloop
  endfacet
  facet normal -0.752492189407 0.333616793156 0.567851483822
    outer loop
      vertex -0.0472672842443 8.11286067963 3.6263487339
      vertex 0.132404074073 8.44693279266 4.60023355484
      vertex -0.329255074263 8.90383338928 4.33662939072
    endloop
  endfacet
  facet normal -0.708392381668 0.148067906499 0.690113127232
    outer loop
      vertex -0.973017454147 9.60069274902 4.50462675095
      vertex -1.03829729557 9.34986209869 3.02324652672
      vertex -0.329255074263 8.90383338928 4.33662939072
    endloop
  endfacet
  facet normal 0.455995112658 0.0743421465158 0.886871874332
    outer loop
      vertex -6.60782718658 9.6932592392 3.70988583565
      vertex -5.85517787933 10.139090538 4.41192388535
      vertex -7.16195297241 9.49387836456 4.73021411896
    endloop
  endfacet
  facet normal 0.781208574772 0.193032443523 0.593676328659
    outer loop
      vertex -7.95040941238 8.20467948914 3.95616102219
      vertex -7.16195297241 9.49387836456 4.73021411896
      vertex -7.99905252457 8.40211582184 4.76024103165
    endloop
  endfacet
  facet normal 0.85105317831 0.00754878902808 0.525025308132
    outer loop
      vertex -7.55707502365 8.83795166016 3.6560857296
      vertex -7.16195297241 9.49387836456 4.73021411896
      vertex -7.95040941238 8.20467948914 3.95616102219
    endloop
  endfacet
  facet normal 0.648070514202 0.208843424916 0.732385873795
    outer loop
      vertex -7.55707502365 8.83795166016 3.6560857296
      vertex -6.60782718658 9.6932592392 3.70988583565
      vertex -7.16195297241 9.49387836456 4.73021411896
    endloop
  endfacet
  facet normal -0.874209821224 0.319426059723 -0.365683227777
    outer loop
      vertex -11.2284269333 9.33982467651 4.08259820938
      vertex -11.1654119492 8.96841335297 4.68025827408
      vertex -10.8767566681 10.1221170425 4.14947843552
    endloop
  endfacet
  facet normal -0.953117847443 0.239349767566 0.185143366456
    outer loop
      vertex -0.0472672842443 8.11286067963 3.6263487339
      vertex 0.194360747933 7.34908246994 3.99773621559
      vertex 0.132404074073 8.44693279266 4.60023355484
    endloop
  endfacet
  facet normal 0.971765100956 0.110037095845 0.208720982075
    outer loop
      vertex -8.10002422333 7.58404302597 4.10020971298
      vertex -7.95040941238 8.20467948914 3.95616102219
      vertex -7.99905252457 8.40211582184 4.76024103165
    endloop
  endfacet
  facet normal 0.976974070072 0.0901957526803 0.193355679512
    outer loop
      vertex -8.201171875 7.34735393524 4.6884098053
      vertex -8.10002422333 7.58404302597 4.10020971298
      vertex -7.99905252457 8.40211582184 4.76024103165
    endloop
  endfacet
  facet normal -0.928821265697 0.261230975389 -0.262772530317
    outer loop
      vertex -11.6391763687 7.8617105484 4.10899305344
      vertex -11.1654119492 8.96841335297 4.68025827408
      vertex -11.2284269333 9.33982467651 4.08259820938
    endloop
  endfacet
  facet normal -0.91450637579 0.343099206686 -0.214385181665
    outer loop
      vertex -11.5039901733 7.80212020874 4.50655841827
      vertex -11.1654119492 8.96841335297 4.68025827408
      vertex -11.6391763687 7.8617105484 4.10899305344
    endloop
  endfacet
  facet normal 0.888467669487 0.451360613108 -0.0830592438579
    outer loop
      vertex 1.76577401161 8.06298351288 4.27818393707
      vertex 1.88822114468 6.06054639816 4.40564441681
      vertex 2.3320889473 6.4581990242 3.45875000954
    endloop
  endfacet
  facet normal -0.973791956902 0.167605161667 -0.153745606542
    outer loop
      vertex 0.194360747933 7.34908246994 3.99773621559
      vertex 0.0281326547265 7.00929450989 3.34363555908
      vertex 0.0963919013739 6.63817644119 4.08065366745
    endloop
  endfacet
  facet normal -0.851725280285 0.493908077478 -0.17498254776
    outer loop
      vertex 0.194360747933 7.34908246994 3.99773621559
      vertex 0.0963919013739 6.63817644119 4.08065366745
      vertex 0.42601403594 6.76928710938 4.60262393951
    endloop
  endfacet
  facet normal 0.965383768082 0.221459642053 -0.137803316116
    outer loop
      vertex -7.96092700958 6.70791244507 4.03903150558
      vertex -8.10002422333 7.58404302597 4.10020971298
      vertex -8.201171875 7.34735393524 4.6884098053
    endloop
  endfacet
  facet normal 0.958965718746 0.0900531262159 -0.268840491772
    outer loop
      vertex -7.95047330856 6.46243619919 4.66054439545
      vertex -7.96092700958 6.70791244507 4.03903150558
      vertex -8.201171875 7.34735393524 4.6884098053
    endloop
  endfacet
  facet normal -0.936012923717 0.334630697966 -0.10909653455
    outer loop
      vertex -11.5039901733 7.80212020874 4.50655841827
      vertex -11.6391763687 7.8617105484 4.10899305344
      vertex -11.6574068069 6.73635482788 4.42488861084
    endloop
  endfacet
  facet normal -0.955759584904 0.278810113668 -0.0937471687794
    outer loop
      vertex -11.6574068069 6.73635482788 4.42488861084
      vertex -11.6391763687 7.8617105484 4.10899305344
      vertex -11.9307832718 5.81490468979 3.79758691788
    endloop
  endfacet
  facet normal -0.823565006256 0.170521602035 -0.540983438492
    outer loop
      vertex -0.463041931391 5.7557926178 4.17814779282
      vertex 0.0963919013739 6.63817644119 4.08065366745
      vertex -0.341455727816 6.2870349884 3.07999372482
    endloop
  endfacet
  facet normal -0.639962315559 0.605826497078 -0.472675859928
    outer loop
      vertex 0.0963919013739 6.63817644119 4.08065366745
      vertex 0.0643326416612 5.70527029037 4.77465677261
      vertex 0.109873525798 5.76700782776 4.77459526062
    endloop
  endfacet
  facet normal -0.639962673187 0.605826258659 -0.472675681114
    outer loop
      vertex 0.0963919013739 6.63817644119 4.08065366745
      vertex -0.463041931391 5.7557926178 4.17814779282
      vertex 0.0643326416612 5.70527029037 4.77465677261
    endloop
  endfacet
  facet normal -0.831785142422 0.440387010574 -0.337924212217
    outer loop
      vertex 0.109873525798 5.76700782776 4.77459526062
      vertex 0.185106992722 5.95243310928 4.77440977097
      vertex 0.0963919013739 6.63817644119 4.08065366745
    endloop
  endfacet
  facet normal -0.831784784794 0.4403873384 -0.337924599648
    outer loop
      vertex 0.42601403594 6.76928710938 4.60262393951
      vertex 0.0963919013739 6.63817644119 4.08065366745
      vertex 0.185106992722 5.95243310928 4.77440977097
    endloop
  endfacet
  facet normal 0.393101513386 0.314103215933 -0.864181935787
    outer loop
      vertex -5.92456150055 5.2225561142 4.34450626373
      vertex -7.36467885971 5.9627866745 4.11024665833
      vertex -7.34976863861 5.71541881561 4.77216243744
    endloop
  endfacet
  facet normal 0.412688523531 0.491532742977 -0.766866147518
    outer loop
      vertex -6.14612865448 5.10267114639 4.71757173538
      vertex -5.92456150055 5.2225561142 4.34450626373
      vertex -7.34976863861 5.71541881561 4.77216243744
    endloop
  endfacet
  facet normal 0.744113147259 0.219092234969 -0.631105542183
    outer loop
      vertex -7.95047330856 6.46243619919 4.66054439545
      vertex -7.34976863861 5.71541881561 4.77216243744
      vertex -7.36467885971 5.9627866745 4.11024665833
    endloop
  endfacet
  facet normal 0.748383045197 0.232724398375 -0.621097564697
    outer loop
      vertex -7.95047330856 6.46243619919 4.66054439545
      vertex -7.36467885971 5.9627866745 4.11024665833
      vertex -7.96092700958 6.70791244507 4.03903150558
    endloop
  endfacet
  facet normal -0.931305348873 0.363072872162 -0.0291279461235
    outer loop
      vertex -11.6574068069 6.73635482788 4.42488861084
      vertex -11.9307832718 5.81490468979 3.79758691788
      vertex -11.6979436874 4.86776304245 4.47082090378
    endloop
  endfacet
  facet normal 0.901467442513 0.432235091925 -0.0230068210512
    outer loop
      vertex 2.3320889473 6.4581990242 3.45875000954
      vertex 1.88822114468 6.06054639816 4.40564441681
      vertex 2.37470293045 4.8107843399 3.45756244659
    endloop
  endfacet
  facet normal 0.883054971695 0.469112575054 0.012136016041
    outer loop
      vertex 1.88822114468 6.06054639816 4.40564441681
      vertex 1.80957603455 3.93100476265 4.49859380722
      vertex 2.37470293045 4.8107843399 3.45756244659
    endloop
  endfacet
  facet normal -0.510480880737 0.509957075119 -0.692353248596
    outer loop
      vertex -0.463041931391 5.7557926178 4.17814779282
      vertex -0.203548327088 5.50761270523 4.77485466003
      vertex 0.0643326416612 5.70527029037 4.77465677261
    endloop
  endfacet
  facet normal -0.510480999947 0.509957075119 -0.692353188992
    outer loop
      vertex -0.463041931391 5.7557926178 4.17814779282
      vertex -0.705816209316 5.19901800156 4.6910405159
      vertex -0.203548327088 5.50761270523 4.77485466003
    endloop
  endfacet
  facet normal -0.437394052744 0.558274388313 -0.704993724823
    outer loop
      vertex -0.463041931391 5.7557926178 4.17814779282
      vertex -1.41643047333 5.22442388535 4.10220909119
      vertex -0.705816209316 5.19901800156 4.6910405159
    endloop
  endfacet
  facet normal -0.405050933361 0.521234035492 -0.751164972782
    outer loop
      vertex -1.33000469208 4.80378961563 4.77555799484
      vertex -0.862291157246 5.05616998672 4.77530574799
      vertex -1.41643047333 5.22442388535 4.10220909119
    endloop
  endfacet
  facet normal -0.405050724745 0.521233916283 -0.751165151596
    outer loop
      vertex -0.705816209316 5.19901800156 4.6910405159
      vertex -1.41643047333 5.22442388535 4.10220909119
      vertex -0.862291157246 5.05616998672 4.77530574799
    endloop
  endfacet
  facet normal -0.132135823369 0.537308037281 -0.832970738411
    outer loop
      vertex -1.41643047333 5.22442388535 4.10220909119
      vertex -1.85857868195 4.71988677979 4.77564239502
      vertex -1.33000469208 4.80378961563 4.77555799484
    endloop
  endfacet
  facet normal -0.132136270404 0.537307798862 -0.832970798016
    outer loop
      vertex -1.41643047333 5.22442388535 4.10220909119
      vertex -2.56182861328 4.79932641983 4.47954463959
      vertex -1.85857868195 4.71988677979 4.77564239502
    endloop
  endfacet
  facet normal 0.0302389524877 0.272257685661 -0.961749136448
    outer loop
      vertex -3.48840332031 5.09891843796 3.52414894104
      vertex -4.3172826767 4.89259195328 4.34505701065
      vertex -2.56182861328 4.79932641983 4.47954463959
    endloop
  endfacet
  facet normal 0.198640242219 0.154305994511 -0.96784901619
    outer loop
      vertex -5.92456150055 5.2225561142 4.34450626373
      vertex -4.3172826767 4.89259195328 4.34505701065
      vertex -5.13294744492 5.23207139969 3.26576828957
    endloop
  endfacet
  facet normal 0.0343846976757 0.276130914688 -0.960504770279
    outer loop
      vertex -4.3172826767 4.89259195328 4.34505701065
      vertex -3.48840332031 5.09891843796 3.52414894104
      vertex -5.13294744492 5.23207139969 3.26576828957
    endloop
  endfacet
  facet normal 0.891257226467 0.45192489028 0.0377426967025
    outer loop
      vertex 2.37470293045 4.8107843399 3.45756244659
      vertex 1.80957603455 3.93100476265 4.49859380722
      vertex 2.0553855896 2.89015984535 3.92689776421
    endloop
  endfacet
  facet normal 0.00512618897483 0.439636230469 0.898161292076
    outer loop
      vertex -6.02668190002 3.40311169624 4.00561666489
      vertex -5.53703832626 3.66597247124 4.53692293167
      vertex -6.78941917419 3.3765194416 3.96018338203
    endloop
  endfacet
  facet normal -0.117508620024 0.63736987114 0.761545360088
    outer loop
      vertex -6.78941917419 3.3765194416 3.96018338203
      vertex -6.36524581909 3.99416828156 4.77636814117
      vertex -6.6588177681 4.03942918777 4.77632284164
    endloop
  endfacet
  facet normal -0.117507845163 0.637369692326 0.761545658112
    outer loop
      vertex -6.78941917419 3.3765194416 3.96018338203
      vertex -5.53703832626 3.66597247124 4.53692293167
      vertex -6.36524581909 3.99416828156 4.77636814117
    endloop
  endfacet
  facet normal 0.269933819771 0.580678522587 0.768080830574
    outer loop
      vertex -6.6588177681 4.03942918777 4.77632284164
      vertex -6.80365943909 3.98856449127 4.77637338638
      vertex -6.78941917419 3.3765194416 3.96018338203
    endloop
  endfacet
  facet normal 0.269934028387 0.580678462982 0.768080830574
    outer loop
      vertex -7.46815109253 3.49685382843 4.43486833572
      vertex -6.78941917419 3.3765194416 3.96018338203
      vertex -6.80365943909 3.98856449127 4.77637338638
    endloop
  endfacet
  facet normal 0.674088537693 0.554007649422 0.488549053669
    outer loop
      vertex -8.00089836121 2.74870371819 3.96754050255
      vertex -8.24179077148 3.27491116524 4.7246799469
      vertex -8.61307907104 2.73292899132 4.69850063324
    endloop
  endfacet
  facet normal 0.420510411263 0.604194104671 0.67684596777
    outer loop
      vertex -8.00089836121 2.74870371819 3.96754050255
      vertex -7.46815109253 3.49685382843 4.43486833572
      vertex -8.24179077148 3.27491116524 4.7246799469
    endloop
  endfacet
  facet normal -0.94205147028 0.335399180651 -0.00681554153562
    outer loop
      vertex -11.9307832718 5.81490468979 3.79758691788
      vertex -11.9161863327 2.98445320129 3.89610123634
      vertex -11.6979436874 4.86776304245 4.47082090378
    endloop
  endfacet
  facet normal -0.922783851624 0.385171949863 0.0106061352417
    outer loop
      vertex -11.6979436874 4.86776304245 4.47082090378
      vertex -11.9161863327 2.98445320129 3.89610123634
      vertex -11.6756696701 2.74421858788 4.46570968628
    endloop
  endfacet
  facet normal 0.853572487831 0.514625787735 0.0810816511512
    outer loop
      vertex 1.80957603455 3.93100476265 4.49859380722
      vertex 1.51965928078 2.20469117165 4.70746898651
      vertex 2.0553855896 2.89015984535 3.92689776421
    endloop
  endfacet
  facet normal -0.75094127655 0.292324393988 0.592143237591
    outer loop
      vertex -4.54885530472 2.62846565247 3.47609639168
      vertex -4.00883865356 2.40906000137 4.41888952255
      vertex -4.47659015656 3.0616106987 4.53913164139
    endloop
  endfacet
  facet normal -0.716449975967 0.259684503078 0.647505521774
    outer loop
      vertex -4.05310249329 2.14834833145 3.64670205116
      vertex -4.00883865356 2.40906000137 4.41888952255
      vertex -4.54885530472 2.62846565247 3.47609639168
    endloop
  endfacet
  facet normal -0.11947093904 0.526537001133 0.841715812683
    outer loop
      vertex -5.53703832626 3.66597247124 4.53692293167
      vertex -6.02668190002 3.40311169624 4.00561666489
      vertex -5.29761171341 3.1266913414 3.72916030884
    endloop
  endfacet
  facet normal -0.455033779144 0.397205144167 0.796976983547
    outer loop
      vertex -5.53703832626 3.66597247124 4.53692293167
      vertex -5.29761171341 3.1266913414 3.72916030884
      vertex -4.47659015656 3.0616106987 4.53913164139
    endloop
  endfacet
  facet normal -0.426631242037 0.365997821093 0.827061891556
    outer loop
      vertex -4.47659015656 3.0616106987 4.53913164139
      vertex -5.29761171341 3.1266913414 3.72916030884
      vertex -4.54885530472 2.62846565247 3.47609639168
    endloop
  endfacet
  facet normal 0.834714114666 0.518307983875 0.18603540957
    outer loop
      vertex -8.61307907104 2.73292899132 4.69850063324
      vertex -8.5905456543 1.99170672894 4.39616632462
      vertex -8.17966365814 2.11339044571 3.77813243866
    endloop
  endfacet
  facet normal 0.714120686054 0.589945852757 0.376822978258
    outer loop
      vertex -8.00089836121 2.74870371819 3.96754050255
      vertex -8.61307907104 2.73292899132 4.69850063324
      vertex -8.17966365814 2.11339044571 3.77813243866
    endloop
  endfacet
  facet normal 0.615265071392 0.769372463226 0.171798884869
    outer loop
      vertex -8.61307907104 2.73292899132 4.69850063324
      vertex -8.71077156067 2.73740935326 4.77762508392
      vertex -8.76645469666 2.53887724876 4.77782344818
    endloop
  endfacet
  facet normal 0.681329965591 0.684774816036 0.258598059416
    outer loop
      vertex -8.5905456543 1.99170672894 4.39616632462
      vertex -8.76645469666 2.53887724876 4.77782344818
      vertex -8.89056777954 2.2127392292 4.7781496048
    endloop
  endfacet
  facet normal 0.681330561638 0.684774398804 0.258597612381
    outer loop
      vertex -8.5905456543 1.99170672894 4.39616632462
      vertex -8.61307907104 2.73292899132 4.69850063324
      vertex -8.76645469666 2.53887724876 4.77782344818
    endloop
  endfacet
  facet normal 0.921812653542 0.332377195358 0.199466377497
    outer loop
      vertex 1.62999880314 1.29715132713 4.1506652832
      vertex 1.89166891575 0.894337296486 3.18321418762
      vertex 2.0553855896 2.89015984535 3.92689776421
    endloop
  endfacet
  facet normal 0.875871598721 0.451427727938 0.170475706458
    outer loop
      vertex 1.62999880314 1.29715132713 4.1506652832
      vertex 2.0553855896 2.89015984535 3.92689776421
      vertex 1.51965928078 2.20469117165 4.70746898651
    endloop
  endfacet
  facet normal -0.989889085293 0.130246341228 -0.0561736933887
    outer loop
      vertex -3.86406970024 1.68565177917 3.23564863205
      vertex -3.83360719681 1.04400360584 3.74390387535
      vertex -3.68537139893 1.53315889835 4.65954780579
    endloop
  endfacet
  facet normal -0.901280462742 0.0672753527761 0.427980780602
    outer loop
      vertex -3.86406970024 1.68565177917 3.23564863205
      vertex -3.68537139893 1.53315889835 4.65954780579
      vertex -4.05310249329 2.14834833145 3.64670205116
    endloop
  endfacet
  facet normal -0.939716994762 0.156516060233 0.304030716419
    outer loop
      vertex -4.05310249329 2.14834833145 3.64670205116
      vertex -3.68537139893 1.53315889835 4.65954780579
      vertex -4.00883865356 2.40906000137 4.41888952255
    endloop
  endfacet
  facet normal 0.767286539078 0.640849947929 -0.0241388715804
    outer loop
      vertex -8.1525812149 1.30786180496 3.89755129814
      vertex -8.90401363373 1.80375492573 4.77855873108
      vertex -8.90155792236 1.72359144688 4.77863883972
    endloop
  endfacet
  facet normal 0.767286539078 0.640850007534 -0.0241387970746
    outer loop
      vertex -8.1525812149 1.30786180496 3.89755129814
      vertex -8.5905456543 1.99170672894 4.39616632462
      vertex -8.90401363373 1.80375492573 4.77855873108
    endloop
  endfacet
  facet normal 0.817344665527 0.565299391747 -0.111284807324
    outer loop
      vertex -8.17966365814 2.11339044571 3.77813243866
      vertex -8.5905456543 1.99170672894 4.39616632462
      vertex -8.1525812149 1.30786180496 3.89755129814
    endloop
  endfacet
  facet normal 0.779106378555 0.626393556595 0.0249863788486
    outer loop
      vertex -8.5905456543 1.99170672894 4.39616632462
      vertex -8.89056777954 2.2127392292 4.7781496048
      vertex -8.90401363373 1.80375492573 4.77855873108
    endloop
  endfacet
  facet normal -0.931488633156 0.346149712801 0.111844867468
    outer loop
      vertex -11.9161863327 2.98445320129 3.89610123634
      vertex -11.6893205643 1.08754479885 3.89368581772
      vertex -11.6756696701 2.74421858788 4.46570968628
    endloop
  endfacet
  facet normal -0.909280836582 0.395647287369 0.129118606448
    outer loop
      vertex -11.6756696701 2.74421858788 4.46570968628
      vertex -11.6893205643 1.08754479885 3.89368581772
      vertex -11.4177865982 0.860650837421 4.44368028641
    endloop
  endfacet
  facet normal 0.822464466095 0.523936331272 0.221456423402
    outer loop
      vertex 1.62999880314 1.29715132713 4.1506652832
      vertex 1.23368024826 1.31194341183 4.77905035019
      vertex 1.17868280411 1.10817086697 4.77925395966
    endloop
  endfacet
  facet normal 0.822464704514 0.523936450481 0.221455290914
    outer loop
      vertex 1.62999880314 1.29715132713 4.1506652832
      vertex 1.51965928078 2.20469117165 4.70746898651
      vertex 1.23368024826 1.31194341183 4.77905035019
    endloop
  endfacet
  facet normal -0.970203220844 0.0285314526409 -0.240606859326
    outer loop
      vertex -3.90757989883 0.639891207218 4.63637971878
      vertex -3.68537139893 1.53315889835 4.65954780579
      vertex -3.83360719681 1.04400360584 3.74390387535
    endloop
  endfacet
  facet normal -0.911809384823 0.104257427156 -0.397157460451
    outer loop
      vertex -3.99955630302 0.645675599575 3.80994105339
      vertex -3.90757989883 0.639891207218 4.63637971878
      vertex -3.83360719681 1.04400360584 3.74390387535
    endloop
  endfacet
  facet normal 0.724952936172 0.520558536053 -0.451067686081
    outer loop
      vertex -8.1525812149 1.30786180496 3.89755129814
      vertex -8.10397434235 0.654862165451 4.39568901062
      vertex -7.59370803833 0.533780217171 3.78998684883
    endloop
  endfacet
  facet normal 0.706048548222 0.536716103554 -0.461986243725
    outer loop
      vertex -8.1525812149 1.30786180496 3.89755129814
      vertex -8.7334280014 1.24200451374 4.71834182739
      vertex -8.10397434235 0.654862165451 4.39568901062
    endloop
  endfacet
  facet normal 0.791302680969 0.576355457306 -0.204094305634
    outer loop
      vertex -8.90155792236 1.72359144688 4.77863883972
      vertex -8.83423900604 1.46184802055 4.77890014648
      vertex -8.1525812149 1.30786180496 3.89755129814
    endloop
  endfacet
  facet normal 0.791302621365 0.576355338097 -0.204094752669
    outer loop
      vertex -8.7334280014 1.24200451374 4.71834182739
      vertex -8.1525812149 1.30786180496 3.89755129814
      vertex -8.83423900604 1.46184802055 4.77890014648
    endloop
  endfacet
  facet normal 0.819520413876 0.509611070156 0.262074232101
    outer loop
      vertex 1.17868280411 1.10817086697 4.77925395966
      vertex 1.17201125622 1.08734893799 4.77927494049
      vertex 1.62999880314 1.29715132713 4.1506652832
    endloop
  endfacet
  facet normal 0.81952059269 0.509611964226 0.262071877718
    outer loop
      vertex 1.33387672901 0.593866467476 4.26519727707
      vertex 1.62999880314 1.29715132713 4.1506652832
      vertex 1.17201125622 1.08734893799 4.77927494049
    endloop
  endfacet
  facet normal 0.785786211491 0.445842802525 0.428677290678
    outer loop
      vertex 0.559039235115 -0.325760871172 4.74660778046
      vertex 1.31309103966 -0.332989543676 3.41066050529
      vertex 1.33387672901 0.593866467476 4.26519727707
    endloop
  endfacet
  facet normal -0.731786727905 0.0861743539572 -0.676063716412
    outer loop
      vertex -3.99955630302 0.645675599575 3.80994105339
      vertex -4.30891227722 0.23769800365 4.38361978531
      vertex -3.90757989883 0.639891207218 4.63637971878
    endloop
  endfacet
  facet normal -0.681926250458 0.142466723919 -0.717411875725
    outer loop
      vertex -3.99955630302 0.645675599575 3.80994105339
      vertex -4.58784723282 0.0905795544386 3.7893140316
      vertex -4.30891227722 0.23769800365 4.38361978531
    endloop
  endfacet
  facet normal -0.238986849785 0.303002923727 -0.92253702879
    outer loop
      vertex -5.56541156769 -0.196553006768 3.89249944687
      vertex -5.25042963028 -0.382016539574 4.7056055069
      vertex -4.58784723282 0.0905795544386 3.7893140316
    endloop
  endfacet
  facet normal -0.538591265678 0.0445023216307 -0.841391086578
    outer loop
      vertex -4.58784723282 0.0905795544386 3.7893140316
      vertex -5.25042963028 -0.382016539574 4.7056055069
      vertex -4.30891227722 0.23769800365 4.38361978531
    endloop
  endfacet
  facet normal 0.118214473128 0.41364350915 -0.902731597424
    outer loop
      vertex -6.74822759628 0.00568293267861 3.7891767025
      vertex -6.62015485764 -0.439702361822 4.7245798111
      vertex -5.56541156769 -0.196553006768 3.89249944687
    endloop
  endfacet
  facet normal -0.0376240313053 0.236055374146 -0.97101098299
    outer loop
      vertex -5.56541156769 -0.196553006768 3.89249944687
      vertex -6.62015485764 -0.439702361822 4.7245798111
      vertex -5.25042963028 -0.382016539574 4.7056055069
    endloop
  endfacet
  facet normal 0.469728976488 0.463540673256 -0.751321971416
    outer loop
      vertex -7.59370803833 0.533780217171 3.78998684883
      vertex -7.59311342239 0.0525212548673 4.56942510605
      vertex -6.74822759628 0.00568293267861 3.7891767025
    endloop
  endfacet
  facet normal 0.376067847013 0.35586476326 -0.855530977249
    outer loop
      vertex -7.59311342239 0.0525212548673 4.56942510605
      vertex -6.62015485764 -0.439702361822 4.7245798111
      vertex -6.74822759628 0.00568293267861 3.7891767025
    endloop
  endfacet
  facet normal 0.636409640312 0.404891490936 -0.656540691853
    outer loop
      vertex -8.10397434235 0.654862165451 4.39568901062
      vertex -7.59311342239 0.0525212548673 4.56942510605
      vertex -7.59370803833 0.533780217171 3.78998684883
    endloop
  endfacet
  facet normal -0.79556208849 0.434733629227 0.422004342079
    outer loop
      vertex -11.1527137756 -0.347650051117 4.08667516708
      vertex -10.7101297379 -0.94200116396 4.31965494156
      vertex -10.9837913513 -0.107096150517 4.62931346893
    endloop
  endfacet
  facet normal -0.860859572887 0.404712378979 0.308429330587
    outer loop
      vertex -11.1527137756 -0.347650051117 4.08667516708
      vertex -10.9837913513 -0.107096150517 4.62931346893
      vertex -11.4177865982 0.860650837421 4.44368028641
    endloop
  endfacet
  facet normal -0.908764302731 0.301558971405 0.288460761309
    outer loop
      vertex -11.1527137756 -0.347650051117 4.08667516708
      vertex -11.4177865982 0.860650837421 4.44368028641
      vertex -11.4488134384 0.0426933541894 3.56775188446
    endloop
  endfacet
  facet normal -0.897784292698 0.317168772221 0.305593371391
    outer loop
      vertex -11.4488134384 0.0426933541894 3.56775188446
      vertex -11.4177865982 0.860650837421 4.44368028641
      vertex -11.6893205643 1.08754479885 3.89368581772
    endloop
  endfacet
  facet normal 0.790772140026 0.448590964079 0.416467964649
    outer loop
      vertex 1.31309103966 -0.332989543676 3.41066050529
      vertex 0.559039235115 -0.325760871172 4.74660778046
      vertex 0.709317445755 -1.04974627495 3.80955672264
    endloop
  endfacet
  facet normal -0.818800508976 0.286836624146 0.49728307128
    outer loop
      vertex -11.1527137756 -0.347650051117 4.08667516708
      vertex -10.8198165894 -1.13206064701 3.67704153061
      vertex -10.7101297379 -0.94200116396 4.31965494156
    endloop
  endfacet
  facet normal 0.556379616261 0.463393002748 0.689716339111
    outer loop
      vertex -1.04356062412 -2.24499821663 4.68392467499
      vertex -0.683431982994 -2.62040257454 3.69277763367
      vertex -0.284010231495 -2.13275575638 3.93902158737
    endloop
  endfacet
  facet normal -0.766100943089 0.299029022455 0.568920850754
    outer loop
      vertex -10.7101297379 -0.94200116396 4.31965494156
      vertex -10.8198165894 -1.13206064701 3.67704153061
      vertex -10.2423219681 -1.68054258823 4.11304092407
    endloop
  endfacet
  facet normal 0.483430981636 0.458169549704 0.745905578136
    outer loop
      vertex -0.683431982994 -2.62040257454 3.69277763367
      vertex -1.04356062412 -2.24499821663 4.68392467499
      vertex -1.98721647263 -2.93245959282 4.56041431427
    endloop
  endfacet
  facet normal 0.48637419939 0.464754343033 0.739894270897
    outer loop
      vertex -1.64843952656 -3.18494772911 3.80391383171
      vertex -0.683431982994 -2.62040257454 3.69277763367
      vertex -1.98721647263 -2.93245959282 4.56041431427
    endloop
  endfacet
  facet normal -0.430419921875 0.270101964474 0.861268639565
    outer loop
      vertex -8.74659729004 -3.14333486557 3.24651288986
      vertex -7.79108476639 -3.55360460281 3.46094727516
      vertex -8.02437973022 -3.16670775414 4.32287073135
    endloop
  endfacet
  facet normal -0.443759769201 0.279264450073 0.851521372795
    outer loop
      vertex -8.59569072723 -2.82874107361 4.44555425644
      vertex -8.74659729004 -3.14333486557 3.24651288986
      vertex -8.02437973022 -3.16670775414 4.32287073135
    endloop
  endfacet
  facet normal -0.510539472103 0.277760505676 0.813755810261
    outer loop
      vertex -8.59569072723 -2.82874107361 4.44555425644
      vertex -9.45558547974 -2.36744952202 4.21646642685
      vertex -8.74659729004 -3.14333486557 3.24651288986
    endloop
  endfacet
  facet normal 0.336097866297 0.43015357852 0.837858080864
    outer loop
      vertex -1.64843952656 -3.18494772911 3.80391383171
      vertex -1.98721647263 -2.93245959282 4.56041431427
      vertex -3.07304906845 -3.40178108215 4.49467325211
    endloop
  endfacet
  facet normal 0.326753854752 0.405982017517 0.853469729424
    outer loop
      vertex -3.02951669693 -3.81420207024 3.59263014793
      vertex -1.64843952656 -3.18494772911 3.80391383171
      vertex -3.07304906845 -3.40178108215 4.49467325211
    endloop
  endfacet
  facet normal 0.122290350497 0.366357475519 0.922402977943
    outer loop
      vertex -4.89900350571 -4.00551748276 3.73497891426
      vertex -3.02951669693 -3.81420207024 3.59263014793
      vertex -4.30524206161 -3.63512802124 4.46933507919
    endloop
  endfacet
  facet normal 0.160853892565 0.416804134846 0.894650936127
    outer loop
      vertex -3.02951669693 -3.81420207024 3.59263014793
      vertex -3.07304906845 -3.40178108215 4.49467325211
      vertex -4.30524206161 -3.63512802124 4.46933507919
    endloop
  endfacet
  facet normal -0.00276391766965 0.452113181353 0.891956269741
    outer loop
      vertex -4.89900350571 -4.00551748276 3.73497891426
      vertex -4.30524206161 -3.63512802124 4.46933507919
      vertex -5.64199781418 -3.67706274986 4.37843179703
    endloop
  endfacet
  facet normal -0.111820749938 0.346331894398 0.931423842907
    outer loop
      vertex -6.91938400269 -3.72619485855 3.83386445045
      vertex -4.89900350571 -4.00551748276 3.73497891426
      vertex -5.64199781418 -3.67706274986 4.37843179703
    endloop
  endfacet
  facet normal -0.143657788634 0.417911142111 0.897057831287
    outer loop
      vertex -6.91938400269 -3.72619485855 3.83386445045
      vertex -5.64199781418 -3.67706274986 4.37843179703
      vertex -6.97675466537 -3.38048028946 4.55622911453
    endloop
  endfacet
  facet normal -0.312935054302 0.317157387733 0.895255744457
    outer loop
      vertex -8.02437973022 -3.16670775414 4.32287073135
      vertex -7.79108476639 -3.55360460281 3.46094727516
      vertex -6.91938400269 -3.72619485855 3.83386445045
    endloop
  endfacet
  facet normal -0.267770051956 0.398545235395 0.877189218998
    outer loop
      vertex -8.02437973022 -3.16670775414 4.32287073135
      vertex -6.91938400269 -3.72619485855 3.83386445045
      vertex -6.97675466537 -3.38048028946 4.55622911453
    endloop
  endfacet
  facet normal 0.101588100195 0.449829906225 -0.887317836285
    outer loop
      vertex -4.91144132614 13.2097606659 4.76715183258
      vertex -3.84999966621 13.0881757736 4.76727390289
      vertex -5.14026451111 13.3177967072 4.60572099686
    endloop
  endfacet
  facet normal 0.101588107646 0.449829876423 -0.887317836285
    outer loop
      vertex -3.63511538506 13.1020689011 4.69133996964
      vertex -5.14026451111 13.3177967072 4.60572099686
      vertex -3.84999966621 13.0881757736 4.76727390289
    endloop
  endfacet
  facet normal 0.0183396488428 0.538001537323 -0.842744290829
    outer loop
      vertex -5.14026451111 13.3177967072 4.60572099686
      vertex -5.54939556122 13.2236528397 4.7671380043
      vertex -4.91144132614 13.2097606659 4.76715183258
    endloop
  endfacet
  facet normal -0.0702672302723 0.363653182983 -0.92888045311
    outer loop
      vertex -6.23943662643 13.1714324951 4.76719093323
      vertex -5.54939556122 13.2236528397 4.7671380043
      vertex -6.59093427658 13.2878627777 4.40187358856
    endloop
  endfacet
  facet normal -0.0702674165368 0.363653659821 -0.928880214691
    outer loop
      vertex -5.14026451111 13.3177967072 4.60572099686
      vertex -6.59093427658 13.2878627777 4.40187358856
      vertex -5.54939556122 13.2236528397 4.7671380043
    endloop
  endfacet
  facet normal -0.324958711863 0.360565036535 -0.874296665192
    outer loop
      vertex -7.22134304047 13.1273088455 4.41753339767
      vertex -7.52883481979 12.8686943054 4.76749372482
      vertex -7.14409065247 13.0117549896 4.76735067368
    endloop
  endfacet
  facet normal -0.223037153482 0.349818408489 -0.909879922867
    outer loop
      vertex -6.59093427658 13.2878627777 4.40187358856
      vertex -7.14409065247 13.0117549896 4.76735067368
      vertex -7.05484819412 13.0336399078 4.76732873917
    endloop
  endfacet
  facet normal -0.223041668534 0.349812448025 -0.90988111496
    outer loop
      vertex -6.59093427658 13.2878627777 4.40187358856
      vertex -7.22134304047 13.1273088455 4.41753339767
      vertex -7.14409065247 13.0117549896 4.76735067368
    endloop
  endfacet
  facet normal -0.150465816259 0.428691744804 -0.89083302021
    outer loop
      vertex -6.59093427658 13.2878627777 4.40187358856
      vertex -7.05484819412 13.0336399078 4.76732873917
      vertex -6.23943662643 13.1714324951 4.76719093323
    endloop
  endfacet
  facet normal 0.31030729413 0.663260877132 -0.681024551392
    outer loop
      vertex -1.48684489727 12.2954158783 4.73179292679
      vertex -1.62875056267 12.3247766495 4.76803731918
      vertex -1.43898785114 12.2382268906 4.76812362671
    endloop
  endfacet
  facet normal 0.359687030315 0.416942387819 -0.834736049175
    outer loop
      vertex -1.48684489727 12.2954158783 4.73179292679
      vertex -1.26509857178 12.3962440491 4.33863592148
      vertex -2.60990667343 12.7863912582 4.71767997742
    endloop
  endfacet
  facet normal 0.307694941759 0.620118558407 -0.721648693085
    outer loop
      vertex -2.66640043259 12.7675876617 4.7675948143
      vertex -1.62875056267 12.3247766495 4.76803731918
      vertex -2.60990667343 12.7863912582 4.71767997742
    endloop
  endfacet
  facet normal 0.307693779469 0.620121598244 -0.721646547318
    outer loop
      vertex -1.48684489727 12.2954158783 4.73179292679
      vertex -2.60990667343 12.7863912582 4.71767997742
      vertex -1.62875056267 12.3247766495 4.76803731918
    endloop
  endfacet
  facet normal 0.230512619019 0.560544669628 -0.795395255089
    outer loop
      vertex -2.60990667343 12.7863912582 4.71767997742
      vertex -3.54282188416 13.0217618942 4.76734018326
      vertex -2.66640043259 12.7675876617 4.7675948143
    endloop
  endfacet
  facet normal 0.230512619019 0.560544610023 -0.795395255089
    outer loop
      vertex -2.60990667343 12.7863912582 4.71767997742
      vertex -3.63511538506 13.1020689011 4.69133996964
      vertex -3.54282188416 13.0217618942 4.76734018326
    endloop
  endfacet
  facet normal 0.166794165969 0.613268792629 -0.772062897682
    outer loop
      vertex -3.63511538506 13.1020689011 4.69133996964
      vertex -3.84999966621 13.0881757736 4.76727390289
      vertex -3.54282188416 13.0217618942 4.76734018326
    endloop
  endfacet
  facet normal -0.40024164319 0.290589332581 -0.869117081165
    outer loop
      vertex -7.66805553436 12.8045597076 4.767557621
      vertex -7.52883481979 12.8686943054 4.76749372482
      vertex -7.99190425873 12.8973608017 4.0439491272
    endloop
  endfacet
  facet normal -0.400242090225 0.290589600801 -0.869116783142
    outer loop
      vertex -7.22134304047 13.1273088455 4.41753339767
      vertex -7.99190425873 12.8973608017 4.0439491272
      vertex -7.52883481979 12.8686943054 4.76749372482
    endloop
  endfacet
  facet normal -0.470117747784 0.316084086895 -0.824063181877
    outer loop
      vertex -7.99190425873 12.8973608017 4.0439491272
      vertex -8.47161769867 12.3459615707 4.76801586151
      vertex -7.66805553436 12.8045597076 4.767557621
    endloop
  endfacet
  facet normal -0.483661293983 0.30446767807 -0.820591986179
    outer loop
      vertex -7.99190425873 12.8973608017 4.0439491272
      vertex -8.62572956085 12.2550935745 4.76810693741
      vertex -8.47161769867 12.3459615707 4.76801586151
    endloop
  endfacet
  facet normal -0.483663916588 0.304464906454 -0.820591449738
    outer loop
      vertex -7.99190425873 12.8973608017 4.0439491272
      vertex -8.78030967712 12.432302475 4.04493331909
      vertex -8.62572956085 12.2550935745 4.76810693741
    endloop
  endfacet
  facet normal -0.551378488541 0.307858765125 -0.775373935699
    outer loop
      vertex -8.78030967712 12.432302475 4.04493331909
      vertex -9.21416854858 11.8364810944 4.7685251236
      vertex -8.62572956085 12.2550935745 4.76810693741
    endloop
  endfacet
  facet normal 0.526530146599 0.627296566963 -0.573816180229
    outer loop
      vertex -0.353310406208 11.6517038345 4.59801530838
      vertex -0.277552723885 11.3953046799 4.7689666748
      vertex 0.139774993062 11.0119485855 4.76935005188
    endloop
  endfacet
  facet normal 0.627704739571 0.48047798872 -0.612476706505
    outer loop
      vertex 0.525442481041 10.8610963821 4.45780181885
      vertex 0.139774993062 11.0119485855 4.76935005188
      vertex 0.238814234734 10.910367012 4.76945161819
    endloop
  endfacet
  facet normal 0.627704918385 0.480478614569 -0.612475991249
    outer loop
      vertex 0.525442481041 10.8610963821 4.45780181885
      vertex -0.353310406208 11.6517038345 4.59801530838
      vertex 0.139774993062 11.0119485855 4.76935005188
    endloop
  endfacet
  facet normal 0.486286193132 0.653867065907 -0.579640924931
    outer loop
      vertex -0.353310406208 11.6517038345 4.59801530838
      vertex -0.730766534805 11.7759552002 4.76858615875
      vertex -0.277552723885 11.3953046799 4.7689666748
    endloop
  endfacet
  facet normal 0.468707352877 0.513746678829 -0.718594312668
    outer loop
      vertex -0.353310406208 11.6517038345 4.59801530838
      vertex -1.43898785114 12.2382268906 4.76812362671
      vertex -0.730766534805 11.7759552002 4.76858615875
    endloop
  endfacet
  facet normal 0.468707412481 0.513746201992 -0.718594610691
    outer loop
      vertex -0.353310406208 11.6517038345 4.59801530838
      vertex -1.48684489727 12.2954158783 4.73179292679
      vertex -1.43898785114 12.2382268906 4.76812362671
    endloop
  endfacet
  facet normal 0.694487214088 0.569135546684 -0.440195709467
    outer loop
      vertex 0.525442481041 10.8610963821 4.45780181885
      vertex 0.238814234734 10.910367012 4.76945161819
      vertex 0.651594102383 10.2582893372 4.77010393143
    endloop
  endfacet
  facet normal 0.744297325611 0.516516149044 -0.423358619213
    outer loop
      vertex 0.651594102383 10.2582893372 4.77010393143
      vertex 0.865200936794 9.88229370117 4.77047967911
      vertex 0.525442481041 10.8610963821 4.45780181885
    endloop
  endfacet
  facet normal 0.744296073914 0.516517937183 -0.423358738422
    outer loop
      vertex 1.14389848709 9.59563922882 4.60383367538
      vertex 0.525442481041 10.8610963821 4.45780181885
      vertex 0.865200936794 9.88229370117 4.77047967911
    endloop
  endfacet
  facet normal -0.461997181177 0.368186205626 0.806844174862
    outer loop
      vertex -2.24691104889 10.1598529816 4.13150215149
      vertex -1.47822213173 10.0112285614 4.77035093307
      vertex -1.86111271381 10.2303714752 4.77013158798
    endloop
  endfacet
  facet normal -0.461997002363 0.368185937405 0.80684441328
    outer loop
      vertex -2.24691104889 10.1598529816 4.13150215149
      vertex -0.973017454147 9.60069274902 4.50462675095
      vertex -1.47822213173 10.0112285614 4.77035093307
    endloop
  endfacet
  facet normal -0.20773807168 0.230466172099 0.950647294521
    outer loop
      vertex -1.86111271381 10.2303714752 4.77013158798
      vertex -2.17554926872 10.2990655899 4.77006292343
      vertex -2.24691104889 10.1598529816 4.13150215149
    endloop
  endfacet
  facet normal -0.207739666104 0.230466261506 0.950646877289
    outer loop
      vertex -2.73917365074 10.3708267212 4.55802297592
      vertex -2.24691104889 10.1598529816 4.13150215149
      vertex -2.17554926872 10.2990655899 4.77006292343
    endloop
  endfacet
  facet normal -0.157021909952 0.387995988131 0.908186793327
    outer loop
      vertex -3.39103627205 10.5121049881 4.62490606308
      vertex -2.94807815552 10.4974489212 4.76986455917
      vertex -3.31616806984 10.5610628128 4.76980113983
    endloop
  endfacet
  facet normal -0.157021969557 0.387996137142 0.908186733723
    outer loop
      vertex -3.39103627205 10.5121049881 4.62490606308
      vertex -2.73917365074 10.3708267212 4.55802297592
      vertex -2.94807815552 10.4974489212 4.76986455917
    endloop
  endfacet
  facet normal -0.236022174358 0.316426694393 0.918785989285
    outer loop
      vertex -2.73917365074 10.3708267212 4.55802297592
      vertex -2.17554926872 10.2990655899 4.77006292343
      vertex -2.94807815552 10.4974489212 4.76986455917
    endloop
  endfacet
  facet normal -0.0903462842107 0.360380113125 0.928420007229
    outer loop
      vertex -4.54462957382 10.4189949036 4.09582948685
      vertex -3.31616806984 10.5610628128 4.76980113983
      vertex -3.55084896088 10.5838909149 4.76977825165
    endloop
  endfacet
  facet normal -0.090346686542 0.360380798578 0.928419709206
    outer loop
      vertex -4.54462957382 10.4189949036 4.09582948685
      vertex -3.39103627205 10.5121049881 4.62490606308
      vertex -3.31616806984 10.5610628128 4.76980113983
    endloop
  endfacet
  facet normal 0.266186267138 0.289457082748 0.919434309006
    outer loop
      vertex -4.93674612045 10.5176668167 4.76984453201
      vertex -5.11804389954 10.4651956558 4.7698969841
      vertex -4.54462957382 10.4189949036 4.09582948685
    endloop
  endfacet
  facet normal 0.266185700893 0.289456605911 0.919434607029
    outer loop
      vertex -5.85517787933 10.139090538 4.41192388535
      vertex -4.54462957382 10.4189949036 4.09582948685
      vertex -5.11804389954 10.4651956558 4.7698969841
    endloop
  endfacet
  facet normal 0.047031879425 0.171424210072 0.984074056149
    outer loop
      vertex -4.54462957382 10.4189949036 4.09582948685
      vertex -3.55084896088 10.5838909149 4.76977825165
      vertex -4.93674612045 10.5176668167 4.76984453201
    endloop
  endfacet
  facet normal -0.823428869247 0.440165370703 -0.358077228069
    outer loop
      vertex -11.1654119492 8.96841335297 4.68025827408
      vertex -11.0910778046 9.02739524841 4.77133512497
      vertex -10.8561925888 9.56819629669 4.77079439163
    endloop
  endfacet
  facet normal 0.835355579853 0.497805655003 -0.233174994588
    outer loop
      vertex 1.50682914257 9.42004299164 4.07705879211
      vertex 1.14389848709 9.59563922882 4.60383367538
      vertex 1.76577401161 8.06298351288 4.27818393707
    endloop
  endfacet
  facet normal 0.750927686691 0.638380587101 -0.169049829245
    outer loop
      vertex 1.14389848709 9.59563922882 4.60383367538
      vertex 1.46682226658 7.89954614639 4.67312097549
      vertex 1.76577401161 8.06298351288 4.27818393707
    endloop
  endfacet
  facet normal -0.740770876408 0.476339966059 0.473665267229
    outer loop
      vertex -0.329255074263 8.90383338928 4.33662939072
      vertex -0.0713295415044 8.93771076202 4.77142429352
      vertex -0.23205973208 9.18882656097 4.77117347717
    endloop
  endfacet
  facet normal -0.740770757198 0.476339936256 0.473665416241
    outer loop
      vertex -0.329255074263 8.90383338928 4.33662939072
      vertex 0.132404074073 8.44693279266 4.60023355484
      vertex -0.0713295415044 8.93771076202 4.77142429352
    endloop
  endfacet
  facet normal -0.548852860928 0.54080414772 0.637409925461
    outer loop
      vertex -0.23205973208 9.18882656097 4.77117347717
      vertex -0.436397790909 9.36462593079 4.77099752426
      vertex -0.329255074263 8.90383338928 4.33662939072
    endloop
  endfacet
  facet normal -0.548853039742 0.540804088116 0.637409865856
    outer loop
      vertex -0.973017454147 9.60069274902 4.50462675095
      vertex -0.329255074263 8.90383338928 4.33662939072
      vertex -0.436397790909 9.36462593079 4.77099752426
    endloop
  endfacet
  facet normal -0.545703709126 0.510270774364 0.664703845978
    outer loop
      vertex -0.973017454147 9.60069274902 4.50462675095
      vertex -0.436397790909 9.36462593079 4.77099752426
      vertex -0.985745489597 9.81527996063 4.77054691315
    endloop
  endfacet
  facet normal -0.298516631126 0.590665221214 0.749668240547
    outer loop
      vertex -0.973017454147 9.60069274902 4.50462675095
      vertex -0.985745489597 9.81527996063 4.77054691315
      vertex -1.47822213173 10.0112285614 4.77035093307
    endloop
  endfacet
  facet normal 0.184970259666 0.425919115543 0.885651707649
    outer loop
      vertex -5.85517787933 10.139090538 4.41192388535
      vertex -5.11804389954 10.4651956558 4.7698969841
      vertex -5.76130008698 10.3309144974 4.77003145218
    endloop
  endfacet
  facet normal 0.480670899153 0.312810957432 0.819209873676
    outer loop
      vertex -5.76130008698 10.3309144974 4.77003145218
      vertex -7.01592350006 9.5950460434 4.77076721191
      vertex -5.85517787933 10.139090538 4.41192388535
    endloop
  endfacet
  facet normal 0.480671137571 0.312813282013 0.819208860397
    outer loop
      vertex -7.16195297241 9.49387836456 4.73021411896
      vertex -5.85517787933 10.139090538 4.41192388535
      vertex -7.01592350006 9.5950460434 4.77076721191
    endloop
  endfacet
  facet normal 0.344489663839 0.587075769901 0.732576906681
    outer loop
      vertex -7.16195297241 9.49387836456 4.73021411896
      vertex -7.01592350006 9.5950460434 4.77076721191
      vertex -7.12175559998 9.54531860352 4.77081680298
    endloop
  endfacet
  facet normal 0.776413023472 0.447923749685 0.443336367607
    outer loop
      vertex -7.99905252457 8.40211582184 4.76024103165
      vertex -7.99236297607 8.4256477356 4.77193689346
      vertex -8.01037120819 8.3941411972 4.77196788788
    endloop
  endfacet
  facet normal -0.535005629063 0.253586858511 0.805892467499
    outer loop
      vertex -9.45558547974 -2.36744952202 4.21646642685
      vertex -9.59421157837 -2.49025321007 3.53373384476
      vertex -8.74659729004 -3.14333486557 3.24651288986
    endloop
  endfacet
  facet normal 0.64605474472 0.59427267313 0.479012846947
    outer loop
      vertex -7.20321798325 9.48866558075 4.77087306976
      vertex -7.99236297607 8.4256477356 4.77193689346
      vertex -7.16195297241 9.49387836456 4.73021411896
    endloop
  endfacet
  facet normal 0.646057486534 0.594267725945 0.479015171528
    outer loop
      vertex -7.99905252457 8.40211582184 4.76024103165
      vertex -7.16195297241 9.49387836456 4.73021411896
      vertex -7.99236297607 8.4256477356 4.77193689346
    endloop
  endfacet
  facet normal 0.516040802002 0.428655564785 0.741590380669
    outer loop
      vertex -7.16195297241 9.49387836456 4.73021411896
      vertex -7.12175559998 9.54531860352 4.77081680298
      vertex -7.20321798325 9.48866558075 4.77087306976
    endloop
  endfacet
  facet normal -0.816978335381 0.545297205448 -0.187609553337
    outer loop
      vertex -11.1654119492 8.96841335297 4.68025827408
      vertex -11.3512516022 7.89112043381 4.77247095108
      vertex -11.0910778046 9.02739524841 4.77133512497
    endloop
  endfacet
  facet normal -0.81697165966 0.545307278633 -0.187609270215
    outer loop
      vertex -11.1654119492 8.96841335297 4.68025827408
      vertex -11.3634567261 7.85495233536 4.76662874222
      vertex -11.3512516022 7.89112043381 4.77247095108
    endloop
  endfacet
  facet normal -0.827819883823 0.52625387907 -0.194347888231
    outer loop
      vertex -11.3634567261 7.85495233536 4.76662874222
      vertex -11.3564825058 7.86877679825 4.77249336243
      vertex -11.3512516022 7.89112043381 4.77247095108
    endloop
  endfacet
  facet normal -0.654190719128 0.260544985533 0.710035741329
    outer loop
      vertex -9.59421157837 -2.49025321007 3.53373384476
      vertex -9.45558547974 -2.36744952202 4.21646642685
      vertex -10.2423219681 -1.68054258823 4.11304092407
    endloop
  endfacet
  facet normal -0.705153822899 0.660817623138 0.257056713104
    outer loop
      vertex 0.132404074073 8.44693279266 4.60023355484
      vertex 0.544968426228 7.75830602646 4.77260398865
      vertex 0.250743657351 8.56334972382 4.77179861069
    endloop
  endfacet
  facet normal -0.705150604248 0.660822272301 0.257053613663
    outer loop
      vertex 0.132404074073 8.44693279266 4.60023355484
      vertex 0.563390552998 7.67220449448 4.75876903534
      vertex 0.544968426228 7.75830602646 4.77260398865
    endloop
  endfacet
  facet normal -0.786394178867 0.521741986275 0.330710530281
    outer loop
      vertex 0.132404074073 8.44693279266 4.60023355484
      vertex 0.194360747933 7.34908246994 3.99773621559
      vertex 0.563390552998 7.67220449448 4.75876903534
    endloop
  endfacet
  facet normal -0.545732438564 0.694543302059 0.468813031912
    outer loop
      vertex 0.132404074073 8.44693279266 4.60023355484
      vertex 0.250743657351 8.56334972382 4.77179861069
      vertex -0.0713295415044 8.93771076202 4.77142429352
    endloop
  endfacet
  facet normal 0.891108989716 0.451583564281 0.0446879565716
    outer loop
      vertex -8.201171875 7.34735393524 4.6884098053
      vertex -8.2376832962 7.47298002243 4.77288961411
      vertex -8.24743270874 7.28051710129 4.77308177948
    endloop
  endfacet
  facet normal 0.767587661743 0.612505495548 0.188802033663
    outer loop
      vertex -8.201171875 7.34735393524 4.6884098053
      vertex -8.01037120819 8.3941411972 4.77196788788
      vertex -8.2376832962 7.47298002243 4.77288961411
    endloop
  endfacet
  facet normal 0.767587602139 0.612505555153 0.188802033663
    outer loop
      vertex -8.201171875 7.34735393524 4.6884098053
      vertex -7.99905252457 8.40211582184 4.76024103165
      vertex -8.01037120819 8.3941411972 4.77196788788
    endloop
  endfacet
  facet normal -0.87934666872 0.436518877745 -0.19026491046
    outer loop
      vertex -11.1654119492 8.96841335297 4.68025827408
      vertex -11.5039901733 7.80212020874 4.50655841827
      vertex -11.3634567261 7.85495233536 4.76662874222
    endloop
  endfacet
  facet normal -0.773619949818 0.620815098286 -0.126888975501
    outer loop
      vertex -11.3634567261 7.85495233536 4.76662874222
      vertex -11.3604431152 7.84451389313 4.77251768112
      vertex -11.3564825058 7.86877679825 4.77249336243
    endloop
  endfacet
  facet normal 0.776593327522 0.623937785625 -0.0872032269835
    outer loop
      vertex 1.76577401161 8.06298351288 4.27818393707
      vertex 1.46682226658 7.89954614639 4.67312097549
      vertex 1.88822114468 6.06054639816 4.40564441681
    endloop
  endfacet
  facet normal 0.68915694952 0.722685515881 -0.0528050214052
    outer loop
      vertex 1.88822114468 6.06054639816 4.40564441681
      vertex 1.48628938198 6.26350688934 4.77409887314
      vertex 1.58040046692 5.01822280884 4.77534389496
    endloop
  endfacet
  facet normal 0.697713494301 0.710449635983 -0.0919629335403
    outer loop
      vertex 1.48628938198 6.26350688934 4.77409887314
      vertex 1.88822114468 6.06054639816 4.40564441681
      vertex 1.35450947285 7.27109575272 4.77309083939
    endloop
  endfacet
  facet normal -0.908641397953 0.412172317505 -0.0669689327478
    outer loop
      vertex 0.194360747933 7.34908246994 3.99773621559
      vertex 0.42601403594 6.76928710938 4.60262393951
      vertex 0.563390552998 7.67220449448 4.75876903534
    endloop
  endfacet
  facet normal -0.764908313751 0.644119858742 -0.00498899351805
    outer loop
      vertex 0.56856995821 6.52020597458 4.77384185791
      vertex 0.57435464859 7.53859853745 4.77282381058
      vertex 0.42601403594 6.76928710938 4.60262393951
    endloop
  endfacet
  facet normal -0.76490598917 0.64412266016 -0.00498792575672
    outer loop
      vertex 0.563390552998 7.67220449448 4.75876903534
      vertex 0.42601403594 6.76928710938 4.60262393951
      vertex 0.57435464859 7.53859853745 4.77282381058
    endloop
  endfacet
  facet normal 0.800268530846 0.54377758503 -0.252737343311
    outer loop
      vertex -7.95047330856 6.46243619919 4.66054439545
      vertex -8.07310581207 6.60716199875 4.77375507355
      vertex -8.01137065887 6.41125965118 4.77395105362
    endloop
  endfacet
  facet normal 0.782811164856 0.588128864765 -0.203251495957
    outer loop
      vertex -7.95047330856 6.46243619919 4.66054439545
      vertex -8.24743270874 7.28051710129 4.77308177948
      vertex -8.07310581207 6.60716199875 4.77375507355
    endloop
  endfacet
  facet normal 0.782811045647 0.588128983974 -0.203251436353
    outer loop
      vertex -7.95047330856 6.46243619919 4.66054439545
      vertex -8.201171875 7.34735393524 4.6884098053
      vertex -8.24743270874 7.28051710129 4.77308177948
    endloop
  endfacet
  facet normal -0.883736371994 0.458842337132 -0.092052936554
    outer loop
      vertex -11.3634567261 7.85495233536 4.76662874222
      vertex -11.5039901733 7.80212020874 4.50655841827
      vertex -11.6574068069 6.73635482788 4.42488861084
    endloop
  endfacet
  facet normal -0.843069136143 0.534645974636 -0.0582074560225
    outer loop
      vertex -11.4061288834 7.17666339874 4.77318525314
      vertex -11.3604431152 7.84451389313 4.77251768112
      vertex -11.6574068069 6.73635482788 4.42488861084
    endloop
  endfacet
  facet normal -0.843076646328 0.534633517265 -0.0582133866847
    outer loop
      vertex -11.3634567261 7.85495233536 4.76662874222
      vertex -11.6574068069 6.73635482788 4.42488861084
      vertex -11.3604431152 7.84451389313 4.77251768112
    endloop
  endfacet
  facet normal -0.83592915535 0.54704451561 -0.0443251505494
    outer loop
      vertex -11.6574068069 6.73635482788 4.42488861084
      vertex -11.4754428864 5.85314226151 4.77450895309
      vertex -11.4061288834 7.17666339874 4.77318525314
    endloop
  endfacet
  facet normal -0.458211511374 0.832920074463 -0.310300409794
    outer loop
      vertex 0.42601403594 6.76928710938 4.60262393951
      vertex 0.185106992722 5.95243310928 4.77440977097
      vertex 0.56856995821 6.52020597458 4.77384185791
    endloop
  endfacet
  facet normal 0.265437394381 0.43426156044 -0.860790252686
    outer loop
      vertex -5.12841844559 4.76870012283 4.75750255585
      vertex -5.92456150055 5.2225561142 4.34450626373
      vertex -6.14612865448 5.10267114639 4.71757173538
    endloop
  endfacet
  facet normal 0.208565473557 0.666960716248 -0.715306818485
    outer loop
      vertex -6.29038953781 5.09093427658 4.77527141571
      vertex -5.28615474701 4.79785108566 4.77556467056
      vertex -6.14612865448 5.10267114639 4.71757173538
    endloop
  endfacet
  facet normal 0.208566084504 0.666958987713 -0.715308248997
    outer loop
      vertex -5.12841844559 4.76870012283 4.75750255585
      vertex -6.14612865448 5.10267114639 4.71757173538
      vertex -5.28615474701 4.79785108566 4.77556467056
    endloop
  endfacet
  facet normal 0.288217484951 0.820890665054 -0.493020504713
    outer loop
      vertex -6.14612865448 5.10267114639 4.71757173538
      vertex -7.33983755112 5.70545959473 4.77465677261
      vertex -6.29038953781 5.09093427658 4.77527141571
    endloop
  endfacet
  facet normal 0.288220405579 0.820885896683 -0.493026733398
    outer loop
      vertex -6.14612865448 5.10267114639 4.71757173538
      vertex -7.34976863861 5.71541881561 4.77216243744
      vertex -7.33983755112 5.70545959473 4.77465677261
    endloop
  endfacet
  facet normal 0.594400048256 0.573546886444 -0.563677668571
    outer loop
      vertex -8.01137065887 6.41125965118 4.77395105362
      vertex -7.35688447952 5.72039937973 4.77464199066
      vertex -7.95047330856 6.46243619919 4.66054439545
    endloop
  endfacet
  facet normal 0.594404995441 0.573539078236 -0.563680410385
    outer loop
      vertex -7.34976863861 5.71541881561 4.77216243744
      vertex -7.95047330856 6.46243619919 4.66054439545
      vertex -7.35688447952 5.72039937973 4.77464199066
    endloop
  endfacet
  facet normal 0.484639048576 0.828753113747 -0.279809325933
    outer loop
      vertex -7.34976863861 5.71541881561 4.77216243744
      vertex -7.35688447952 5.72039937973 4.77464199066
      vertex -7.35412025452 5.71559762955 4.7746462822
    endloop
  endfacet
  facet normal 0.418420761824 0.690374314785 -0.590175688267
    outer loop
      vertex -7.34976863861 5.71541881561 4.77216243744
      vertex -7.35412025452 5.71559762955 4.7746462822
      vertex -7.33983755112 5.70545959473 4.77465677261
    endloop
  endfacet
  facet normal -0.954379379749 -0.210348144174 0.211928337812
    outer loop
      vertex -3.86406970024 1.68565177917 3.23564863205
      vertex -3.75525474548 1.28152692318 3.14910030365
      vertex -3.83360719681 1.04400360584 3.74390387535
    endloop
  endfacet
  facet normal -0.852012455463 0.522583246231 -0.0313285700977
    outer loop
      vertex -11.6574068069 6.73635482788 4.42488861084
      vertex -11.498167038 5.22466230392 4.77513742447
      vertex -11.4754428864 5.85314226151 4.77450895309
    endloop
  endfacet
  facet normal -0.852011978626 0.522584021091 -0.0313287973404
    outer loop
      vertex -11.6574068069 6.73635482788 4.42488861084
      vertex -11.6979436874 4.86776304245 4.47082090378
      vertex -11.498167038 5.22466230392 4.77513742447
    endloop
  endfacet
  facet normal 0.769204199314 0.639002859592 0.000516308296937
    outer loop
      vertex 1.80957603455 3.93100476265 4.49859380722
      vertex 1.58040046692 5.01822280884 4.77534389496
      vertex 1.57970523834 4.55507802963 4.77580690384
    endloop
  endfacet
  facet normal 0.769204497337 0.63900244236 0.000516152358614
    outer loop
      vertex 1.80957603455 3.93100476265 4.49859380722
      vertex 1.88822114468 6.06054639816 4.40564441681
      vertex 1.58040046692 5.01822280884 4.77534389496
    endloop
  endfacet
  facet normal -0.44134670496 0.731563270092 -0.519642412663
    outer loop
      vertex -0.705816209316 5.19901800156 4.6910405159
      vertex -0.656056404114 5.12274312973 4.77523946762
      vertex -0.203548327088 5.50761270523 4.77485466003
    endloop
  endfacet
  facet normal -0.212332293391 0.722007989883 -0.658497929573
    outer loop
      vertex -0.705816209316 5.19901800156 4.6910405159
      vertex -0.862291157246 5.05616998672 4.77530574799
      vertex -0.656056404114 5.12274312973 4.77523946762
    endloop
  endfacet
  facet normal -0.198529079556 0.664742469788 -0.720210850239
    outer loop
      vertex -2.56182861328 4.79932641983 4.47954463959
      vertex -2.43921017647 4.55968523026 4.7758026123
      vertex -1.85857868195 4.71988677979 4.77564239502
    endloop
  endfacet
  facet normal -0.00125308323186 0.629214644432 -0.77723056078
    outer loop
      vertex -2.56182861328 4.79932641983 4.47954463959
      vertex -3.41203665733 4.55811595917 4.77580404282
      vertex -2.43921017647 4.55968523026 4.7758026123
    endloop
  endfacet
  facet normal 0.118482813239 0.492079734802 -0.862449645996
    outer loop
      vertex -4.3172826767 4.89259195328 4.34505701065
      vertex -4.74770545959 4.70604038239 4.7756562233
      vertex -3.65798449516 4.55625009537 4.77580547333
    endloop
  endfacet
  facet normal 0.118482552469 0.492079526186 -0.862449765205
    outer loop
      vertex -4.3172826767 4.89259195328 4.34505701065
      vertex -5.12841844559 4.76870012283 4.75750255585
      vertex -4.74770545959 4.70604038239 4.7756562233
    endloop
  endfacet
  facet normal -0.00594112230465 0.621061742306 -0.78373914957
    outer loop
      vertex -3.65798449516 4.55625009537 4.77580547333
      vertex -3.41203665733 4.55811595917 4.77580404282
      vertex -4.3172826767 4.89259195328 4.34505701065
    endloop
  endfacet
  facet normal -0.0059408005327 0.621061325073 -0.783739507198
    outer loop
      vertex -2.56182861328 4.79932641983 4.47954463959
      vertex -4.3172826767 4.89259195328 4.34505701065
      vertex -3.41203665733 4.55811595917 4.77580404282
    endloop
  endfacet
  facet normal 0.165387898684 0.567538976669 -0.806564509869
    outer loop
      vertex -5.92456150055 5.2225561142 4.34450626373
      vertex -5.12841844559 4.76870012283 4.75750255585
      vertex -4.3172826767 4.89259195328 4.34505701065
    endloop
  endfacet
  facet normal -0.332473039627 0.725611686707 0.602452814579
    outer loop
      vertex -5.53703832626 3.66597247124 4.53692293167
      vertex -4.97769451141 3.64610409737 4.7767162323
      vertex -5.5342130661 3.95285773277 4.77640914917
    endloop
  endfacet
  facet normal -0.0318686403334 0.767438769341 0.640329658985
    outer loop
      vertex -5.53703832626 3.66597247124 4.53692293167
      vertex -5.5342130661 3.95285773277 4.77640914917
      vertex -6.36524581909 3.99416828156 4.77636814117
    endloop
  endfacet
  facet normal 0.134378179908 0.719534635544 0.681331396103
    outer loop
      vertex -7.46815109253 3.49685382843 4.43486833572
      vertex -6.80365943909 3.98856449127 4.77637338638
      vertex -7.64823055267 3.82216691971 4.77654027939
    endloop
  endfacet
  facet normal 0.371795237064 0.769507586956 0.519255638123
    outer loop
      vertex -8.24179077148 3.27491116524 4.7246799469
      vertex -8.1765165329 3.39912867546 4.77696323395
      vertex -8.29658699036 3.31328439713 4.77704906464
    endloop
  endfacet
  facet normal 0.426616758108 0.731401562691 0.53202432394
    outer loop
      vertex -7.64823055267 3.82216691971 4.77654027939
      vertex -8.1765165329 3.39912867546 4.77696323395
      vertex -7.46815109253 3.49685382843 4.43486833572
    endloop
  endfacet
  facet normal 0.426616758108 0.731401562691 0.532024383545
    outer loop
      vertex -8.24179077148 3.27491116524 4.7246799469
      vertex -7.46815109253 3.49685382843 4.43486833572
      vertex -8.1765165329 3.39912867546 4.77696323395
    endloop
  endfacet
  facet normal 0.490407586098 0.787171542645 0.373980373144
    outer loop
      vertex -8.61307907104 2.73292899132 4.69850063324
      vertex -8.29658699036 3.31328439713 4.77704906464
      vertex -8.62923336029 2.8779938221 4.77748441696
    endloop
  endfacet
  facet normal 0.490409612656 0.787169873714 0.373981267214
    outer loop
      vertex -8.61307907104 2.73292899132 4.69850063324
      vertex -8.24179077148 3.27491116524 4.7246799469
      vertex -8.29658699036 3.31328439713 4.77704906464
    endloop
  endfacet
  facet normal 0.66774392128 -0.0569730624557 -0.742207586765
    outer loop
      vertex -7.76733350754 6.26579713821 3.33841013908
      vertex -7.36467885971 5.9627866745 4.11024665833
      vertex -7.46075439453 5.96803855896 3.05262923241
    endloop
  endfacet
  facet normal 0.425749152899 -0.0341855362058 -0.904195249081
    outer loop
      vertex -7.46075439453 5.96803855896 3.05262923241
      vertex -7.36467885971 5.9627866745 4.11024665833
      vertex -6.70685100555 5.62118864059 3.26773428917
    endloop
  endfacet
  facet normal 0.45756778121 -0.00324927316979 -0.889168798923
    outer loop
      vertex -7.36467885971 5.9627866745 4.11024665833
      vertex -5.92456150055 5.2225561142 4.34450626373
      vertex -6.70685100555 5.62118864059 3.26773428917
    endloop
  endfacet
  facet normal 0.236220523715 0.181766346097 -0.954547464848
    outer loop
      vertex -6.70685100555 5.62118864059 3.26773428917
      vertex -5.92456150055 5.2225561142 4.34450626373
      vertex -5.13294744492 5.23207139969 3.26576828957
    endloop
  endfacet
  facet normal 0.583082914352 0.739017963409 0.337441563606
    outer loop
      vertex -8.61307907104 2.73292899132 4.69850063324
      vertex -8.62923336029 2.8779938221 4.77748441696
      vertex -8.71077156067 2.73740935326 4.77762508392
    endloop
  endfacet
  facet normal -0.830470144749 0.556972444057 0.0100512560457
    outer loop
      vertex -11.6979436874 4.86776304245 4.47082090378
      vertex -11.4886474609 4.47946453094 4.77588319778
      vertex -11.498167038 5.22466230392 4.77513742447
    endloop
  endfacet
  facet normal -0.830470204353 0.556972324848 0.0100513789803
    outer loop
      vertex -11.6979436874 4.86776304245 4.47082090378
      vertex -11.6756696701 2.74421858788 4.46570968628
      vertex -11.4886474609 4.47946453094 4.77588319778
    endloop
  endfacet
  facet normal -0.803416490555 0.595088779926 0.0197804570198
    outer loop
      vertex -11.6756696701 2.74421858788 4.46570968628
      vertex -11.4404201508 2.57781147957 4.77778434753
      vertex -11.4886474609 4.47946453094 4.77588319778
    endloop
  endfacet
  facet normal 0.724880814552 0.687796711922 0.0385165810585
    outer loop
      vertex 1.57970523834 4.55507802963 4.77580690384
      vertex 1.51290297508 3.3199224472 4.77704238892
      vertex 1.80957603455 3.93100476265 4.49859380722
    endloop
  endfacet
  facet normal 0.724880576134 0.68779695034 0.0385163277388
    outer loop
      vertex 1.51965928078 2.20469117165 4.70746898651
      vertex 1.80957603455 3.93100476265 4.49859380722
      vertex 1.51290297508 3.3199224472 4.77704238892
    endloop
  endfacet
  facet normal 0.7244566679 0.688241779804 0.0385466441512
    outer loop
      vertex 1.51965928078 2.20469117165 4.70746898651
      vertex 1.51290297508 3.3199224472 4.77704238892
      vertex 1.45122408867 2.18105006218 4.77818107605
    endloop
  endfacet
  facet normal -0.618815839291 0.716312944889 0.322432518005
    outer loop
      vertex -4.47659015656 3.0616106987 4.53913164139
      vertex -4.04568004608 2.76437807083 4.77759790421
      vertex -4.23843669891 3.13349843025 4.77722883224
    endloop
  endfacet
  facet normal -0.662158608437 0.491934269667 0.56528455019
    outer loop
      vertex -3.75179767609 2.42043185234 4.7779417038
      vertex -4.04568004608 2.76437807083 4.77759790421
      vertex -4.00883865356 2.40906000137 4.41888952255
    endloop
  endfacet
  facet normal -0.662158608437 0.491934269667 0.56528455019
    outer loop
      vertex -4.47659015656 3.0616106987 4.53913164139
      vertex -4.00883865356 2.40906000137 4.41888952255
      vertex -4.04568004608 2.76437807083 4.77759790421
    endloop
  endfacet
  facet normal 0.865543961525 -0.296272665262 -0.403802096844
    outer loop
      vertex -8.14592266083 7.03325986862 3.47550106049
      vertex -8.04753017426 6.51629686356 3.05835771561
      vertex -8.3520565033 6.78444957733 2.53417825699
    endloop
  endfacet
  facet normal 0.752927958965 -0.189625158906 -0.630191862583
    outer loop
      vertex -8.04753017426 6.51629686356 3.05835771561
      vertex -7.96092700958 6.70791244507 4.03903150558
      vertex -7.76733350754 6.26579713821 3.33841013908
    endloop
  endfacet
  facet normal 0.945486664772 -0.140866324306 -0.293618261814
    outer loop
      vertex -8.14592266083 7.03325986862 3.47550106049
      vertex -7.96092700958 6.70791244507 4.03903150558
      vertex -8.04753017426 6.51629686356 3.05835771561
    endloop
  endfacet
  facet normal 0.777496635914 -0.167651683092 -0.606128573418
    outer loop
      vertex -7.96092700958 6.70791244507 4.03903150558
      vertex -7.36467885971 5.9627866745 4.11024665833
      vertex -7.76733350754 6.26579713821 3.33841013908
    endloop
  endfacet
  facet normal -0.336380392313 0.735961198807 0.587545156479
    outer loop
      vertex -5.53703832626 3.66597247124 4.53692293167
      vertex -4.79340171814 3.54072451591 4.77682113647
      vertex -4.97769451141 3.64610409737 4.7767162323
    endloop
  endfacet
  facet normal -0.336380571127 0.735962808132 0.587543070316
    outer loop
      vertex -5.53703832626 3.66597247124 4.53692293167
      vertex -4.47659015656 3.0616106987 4.53913164139
      vertex -4.79340171814 3.54072451591 4.77682113647
    endloop
  endfacet
  facet normal -0.454308450222 0.641153335571 0.61848706007
    outer loop
      vertex -4.47659015656 3.0616106987 4.53913164139
      vertex -4.23843669891 3.13349843025 4.77722883224
      vertex -4.79340171814 3.54072451591 4.77682113647
    endloop
  endfacet
  facet normal 0.736331224442 0.651218891144 0.183658033609
    outer loop
      vertex 1.51965928078 2.20469117165 4.70746898651
      vertex 1.45122408867 2.18105006218 4.77818107605
      vertex 1.23368024826 1.31194341183 4.77905035019
    endloop
  endfacet
  facet normal -0.830415427685 0.544396460056 0.118501894176
    outer loop
      vertex -3.68537139893 1.53315889835 4.65954780579
      vertex -3.60299086571 1.50397956371 4.77885818481
      vertex -3.64664697647 1.8085039854 4.77855348587
    endloop
  endfacet
  facet normal -0.80333250761 0.579448997974 0.137461692095
    outer loop
      vertex -4.00883865356 2.40906000137 4.41888952255
      vertex -3.64664697647 1.8085039854 4.77855348587
      vertex -3.75179767609 2.42043185234 4.7779417038
    endloop
  endfacet
  facet normal -0.803332149982 0.579449653625 0.137461081147
    outer loop
      vertex -4.00883865356 2.40906000137 4.41888952255
      vertex -3.68537139893 1.53315889835 4.65954780579
      vertex -3.64664697647 1.8085039854 4.77855348587
    endloop
  endfacet
  facet normal -0.82233864069 0.556395053864 0.119095511734
    outer loop
      vertex -11.6756696701 2.74421858788 4.46570968628
      vertex -11.3739080429 2.12069392204 4.77824115753
      vertex -11.4404201508 2.57781147957 4.77778434753
    endloop
  endfacet
  facet normal -0.822338402271 0.556395411491 0.119095228612
    outer loop
      vertex -11.6756696701 2.74421858788 4.46570968628
      vertex -11.4177865982 0.860650837421 4.44368028641
      vertex -11.3739080429 2.12069392204 4.77824115753
    endloop
  endfacet
  facet normal 0.969550549984 -0.232580468059 -0.0766684487462
    outer loop
      vertex -8.22058486938 7.33261156082 3.26293683052
      vertex -8.14592266083 7.03325986862 3.47550106049
      vertex -8.3520565033 6.78444957733 2.53417825699
    endloop
  endfacet
  facet normal 0.961256623268 -0.218637406826 -0.167878940701
    outer loop
      vertex -8.10002422333 7.58404302597 4.10020971298
      vertex -7.96092700958 6.70791244507 4.03903150558
      vertex -8.14592266083 7.03325986862 3.47550106049
    endloop
  endfacet
  facet normal 0.977173507214 -0.176300451159 -0.118533164263
    outer loop
      vertex -8.22058486938 7.33261156082 3.26293683052
      vertex -8.10002422333 7.58404302597 4.10020971298
      vertex -8.14592266083 7.03325986862 3.47550106049
    endloop
  endfacet
  facet normal -0.801290333271 0.584573328495 0.1273098737
    outer loop
      vertex -11.4177865982 0.860650837421 4.44368028641
      vertex -11.1578464508 0.767011702061 4.77959489822
      vertex -11.3739080429 2.12069392204 4.77824115753
    endloop
  endfacet
  facet normal -0.75310665369 0.590793430805 -0.289471119642
    outer loop
      vertex -3.68537139893 1.53315889835 4.65954780579
      vertex -3.68167877197 1.29884123802 4.77906370163
      vertex -3.60299086571 1.50397956371 4.77885818481
    endloop
  endfacet
  facet normal -0.877318441868 0.4329649508 -0.207011237741
    outer loop
      vertex -3.84968328476 0.585342645645 4.77977657318
      vertex -3.68167877197 1.29884123802 4.77906370163
      vertex -3.90757989883 0.639891207218 4.63637971878
    endloop
  endfacet
  facet normal -0.877318739891 0.432964354753 -0.207011461258
    outer loop
      vertex -3.68537139893 1.53315889835 4.65954780579
      vertex -3.90757989883 0.639891207218 4.63637971878
      vertex -3.68167877197 1.29884123802 4.77906370163
    endloop
  endfacet
  facet normal -0.973285615444 0.16372936964 -0.160958901048
    outer loop
      vertex 0.0399158075452 7.29619646072 3.13163304329
      vertex 0.0281326547265 7.00929450989 3.34363555908
      vertex 0.194360747933 7.34908246994 3.99773621559
    endloop
  endfacet
  facet normal 0.497605383396 0.799989163876 -0.335270404816
    outer loop
      vertex -8.7334280014 1.24200451374 4.71834182739
      vertex -8.81086826324 1.21184587479 4.77915000916
      vertex -8.67188072205 1.00506711006 4.77935743332
    endloop
  endfacet
  facet normal 0.912977993488 0.388823926449 -0.123641185462
    outer loop
      vertex 2.10425329208 8.00086593628 3.50317049026
      vertex 1.76577401161 8.06298351288 4.27818393707
      vertex 2.3320889473 6.4581990242 3.45875000954
    endloop
  endfacet
  facet normal -0.955875873566 0.120803870261 -0.267783015966
    outer loop
      vertex -11.2284269333 9.33982467651 4.08259820938
      vertex -11.6489248276 8.26293182373 3.14248538017
      vertex -11.6391763687 7.8617105484 4.10899305344
    endloop
  endfacet
  facet normal 0.661922097206 0.666228950024 -0.343508541584
    outer loop
      vertex -8.10397434235 0.654862165451 4.39568901062
      vertex -8.67188072205 1.00506711006 4.77935743332
      vertex -8.38997459412 0.460795164108 4.77990150452
    endloop
  endfacet
  facet normal 0.661922097206 0.666228950024 -0.343508571386
    outer loop
      vertex -8.10397434235 0.654862165451 4.39568901062
      vertex -8.7334280014 1.24200451374 4.71834182739
      vertex -8.67188072205 1.00506711006 4.77935743332
    endloop
  endfacet
  facet normal 0.966589689255 -0.0646983832121 0.248029172421
    outer loop
      vertex -7.95040941238 8.20467948914 3.95616102219
      vertex -8.10002422333 7.58404302597 4.10020971298
      vertex -8.22058486938 7.33261156082 3.26293683052
    endloop
  endfacet
  facet normal 0.602716445923 0.795907020569 -0.0571392476559
    outer loop
      vertex -8.7334280014 1.24200451374 4.71834182739
      vertex -8.83423900604 1.46184802055 4.77890014648
      vertex -8.81086826324 1.21184587479 4.77915000916
    endloop
  endfacet
  facet normal 0.753189980984 0.563279747963 0.339736282825
    outer loop
      vertex 1.17201125622 1.08734893799 4.77927494049
      vertex 0.968318283558 0.636512994766 4.77972602844
      vertex 1.33387672901 0.593866467476 4.26519727707
    endloop
  endfacet
  facet normal 0.742869913578 0.589434862137 0.317349761724
    outer loop
      vertex 0.559039235115 -0.325760871172 4.74660778046
      vertex 1.33387672901 0.593866467476 4.26519727707
      vertex 0.553694248199 -0.275067448616 4.78063726425
    endloop
  endfacet
  facet normal -0.961811184883 0.114040076733 0.248825475574
    outer loop
      vertex 0.0552805550396 7.60434532166 3.38169789314
      vertex 0.194360747933 7.34908246994 3.99773621559
      vertex -0.0472672842443 8.11286067963 3.6263487339
    endloop
  endfacet
  facet normal -0.978715538979 0.180490002036 0.0976688116789
    outer loop
      vertex 0.0552805550396 7.60434532166 3.38169789314
      vertex 0.0399158075452 7.29619646072 3.13163304329
      vertex 0.194360747933 7.34908246994 3.99773621559
    endloop
  endfacet
  facet normal 0.752524673939 0.562971174717 0.341716319323
    outer loop
      vertex 0.968318283558 0.636512994766 4.77972602844
      vertex 0.553694248199 -0.275067448616 4.78063726425
      vertex 1.33387672901 0.593866467476 4.26519727707
    endloop
  endfacet
  facet normal 0.66790252924 -0.127559602261 0.733235836029
    outer loop
      vertex -7.55707502365 8.83795166016 3.6560857296
      vertex -7.14476156235 9.28372859955 3.2525472641
      vertex -6.60782718658 9.6932592392 3.70988583565
    endloop
  endfacet
  facet normal -0.61477380991 0.484851777554 -0.622070670128
    outer loop
      vertex -3.90757989883 0.639891207218 4.63637971878
      vertex -4.0808968544 0.356662809849 4.78000593185
      vertex -3.84968328476 0.585342645645 4.77977657318
    endloop
  endfacet
  facet normal -0.760156214237 0.258343935013 -0.596171915531
    outer loop
      vertex -4.39891815186 -0.0490104407072 4.78041172028
      vertex -4.0808968544 0.356662809849 4.78000593185
      vertex -4.30891227722 0.23769800365 4.38361978531
    endloop
  endfacet
  facet normal -0.760156214237 0.258343964815 -0.596171915531
    outer loop
      vertex -3.90757989883 0.639891207218 4.63637971878
      vertex -4.30891227722 0.23769800365 4.38361978531
      vertex -4.0808968544 0.356662809849 4.78000593185
    endloop
  endfacet
  facet normal -0.397263228893 0.603559553623 -0.691301524639
    outer loop
      vertex -5.25042963028 -0.382016539574 4.7056055069
      vertex -5.25006961823 -0.447468847036 4.7808098793
      vertex -5.10390043259 -0.363397657871 4.78072547913
    endloop
  endfacet
  facet normal -0.354015886784 0.493659198284 -0.794338285923
    outer loop
      vertex -4.30891227722 0.23769800365 4.38361978531
      vertex -5.10390043259 -0.363397657871 4.78072547913
      vertex -4.39891815186 -0.0490104407072 4.78041172028
    endloop
  endfacet
  facet normal -0.354014694691 0.493660867214 -0.794337809086
    outer loop
      vertex -4.30891227722 0.23769800365 4.38361978531
      vertex -5.25042963028 -0.382016539574 4.7056055069
      vertex -5.10390043259 -0.363397657871 4.78072547913
    endloop
  endfacet
  facet normal 0.899024665356 0.374442487955 -0.227040663362
    outer loop
      vertex 1.50682914257 9.42004299164 4.07705879211
      vertex 1.76577401161 8.06298351288 4.27818393707
      vertex 2.10425329208 8.00086593628 3.50317049026
    endloop
  endfacet
  facet normal 0.922275424004 0.265574485064 -0.280852586031
    outer loop
      vertex 1.94477140903 8.9922580719 3.00858616829
      vertex 1.50682914257 9.42004299164 4.07705879211
      vertex 2.10425329208 8.00086593628 3.50317049026
    endloop
  endfacet
  facet normal -0.0207854863256 0.692336201668 -0.721275627613
    outer loop
      vertex -5.25042963028 -0.382016539574 4.7056055069
      vertex -6.62538051605 -0.493871212006 4.78085660934
      vertex -5.46249866486 -0.460326999426 4.78082227707
    endloop
  endfacet
  facet normal -0.0207859314978 0.692332863808 -0.721278846264
    outer loop
      vertex -5.25042963028 -0.382016539574 4.7056055069
      vertex -6.62015485764 -0.439702361822 4.7245798111
      vertex -6.62538051605 -0.493871212006 4.78085660934
    endloop
  endfacet
  facet normal -0.0455653145909 0.655947804451 -0.753429710865
    outer loop
      vertex -5.25042963028 -0.382016539574 4.7056055069
      vertex -5.46249866486 -0.460326999426 4.78082227707
      vertex -5.25006961823 -0.447468847036 4.7808098793
    endloop
  endfacet
  facet normal 0.229823961854 0.6859151721 -0.69043558836
    outer loop
      vertex -6.62015485764 -0.439702361822 4.7245798111
      vertex -6.80065965652 -0.435467869043 4.78079748154
      vertex -6.62538051605 -0.493871212006 4.78085660934
    endloop
  endfacet
  facet normal 0.232693076134 0.695962607861 -0.679330527782
    outer loop
      vertex -7.69761562347 -0.127915814519 4.78048992157
      vertex -6.80065965652 -0.435467869043 4.78079748154
      vertex -7.59311342239 0.0525212548673 4.56942510605
    endloop
  endfacet
  facet normal 0.232692807913 0.695962965488 -0.679330289364
    outer loop
      vertex -6.62015485764 -0.439702361822 4.7245798111
      vertex -7.59311342239 0.0525212548673 4.56942510605
      vertex -6.80065965652 -0.435467869043 4.78079748154
    endloop
  endfacet
  facet normal 0.474994063377 0.652058005333 -0.590932309628
    outer loop
      vertex -8.38997459412 0.460795164108 4.77990150452
      vertex -8.11356258392 0.238367930055 4.78012418747
      vertex -8.10397434235 0.654862165451 4.39568901062
    endloop
  endfacet
  facet normal 0.474995017052 0.6520575881 -0.590931952
    outer loop
      vertex -7.59311342239 0.0525212548673 4.56942510605
      vertex -8.10397434235 0.654862165451 4.39568901062
      vertex -8.11356258392 0.238367930055 4.78012418747
    endloop
  endfacet
  facet normal 0.474286466837 0.695859491825 -0.539288341999
    outer loop
      vertex -7.59311342239 0.0525212548673 4.56942510605
      vertex -8.11356258392 0.238367930055 4.78012418747
      vertex -7.69761562347 -0.127915814519 4.78048992157
    endloop
  endfacet
  facet normal -0.671408176422 0.637213408947 0.378378391266
    outer loop
      vertex -10.9837913513 -0.107096150517 4.62931346893
      vertex -10.6114521027 -0.512547552586 4.78087472916
      vertex -10.8724565506 -0.0501916110516 4.78041267395
    endloop
  endfacet
  facet normal 0.901153326035 0.219755098224 -0.373671531677
    outer loop
      vertex 1.60147929192 9.8047914505 3.03469920158
      vertex 1.50682914257 9.42004299164 4.07705879211
      vertex 1.94477140903 8.9922580719 3.00858616829
    endloop
  endfacet
  facet normal 0.877906382084 0.233932256699 -0.417799115181
    outer loop
      vertex 1.08291733265 10.3154449463 4.06875133514
      vertex 1.50682914257 9.42004299164 4.07705879211
      vertex 1.60147929192 9.8047914505 3.03469920158
    endloop
  endfacet
  facet normal -0.704360961914 0.558566629887 0.438039839268
    outer loop
      vertex -10.3684244156 -0.902835547924 4.78126478195
      vertex -10.6114521027 -0.512547552586 4.78087472916
      vertex -10.7101297379 -0.94200116396 4.31965494156
    endloop
  endfacet
  facet normal -0.704361438751 0.558566391468 0.438039422035
    outer loop
      vertex -10.9837913513 -0.107096150517 4.62931346893
      vertex -10.7101297379 -0.94200116396 4.31965494156
      vertex -10.6114521027 -0.512547552586 4.78087472916
    endloop
  endfacet
  facet normal -0.79800003767 0.547005295753 0.252945065498
    outer loop
      vertex -11.4177865982 0.860650837421 4.44368028641
      vertex -11.0767889023 0.511840879917 4.77985048294
      vertex -11.1578464508 0.767011702061 4.77959489822
    endloop
  endfacet
  facet normal -0.797999918461 0.547005653381 0.252944558859
    outer loop
      vertex -11.4177865982 0.860650837421 4.44368028641
      vertex -10.9837913513 -0.107096150517 4.62931346893
      vertex -11.0767889023 0.511840879917 4.77985048294
    endloop
  endfacet
  facet normal -0.726546883583 0.634580910206 0.263508468866
    outer loop
      vertex -10.9837913513 -0.107096150517 4.62931346893
      vertex -10.8724565506 -0.0501916110516 4.78041267395
      vertex -11.0767889023 0.511840879917 4.77985048294
    endloop
  endfacet
  facet normal 0.722503483295 0.491522222757 0.486204326153
    outer loop
      vertex 0.559039235115 -0.325760871172 4.74660778046
      vertex 0.139759421349 -1.52076995373 4.18083953857
      vertex 0.709317445755 -1.04974627495 3.80955672264
    endloop
  endfacet
  facet normal 0.656670331955 0.56603628397 0.498384386301
    outer loop
      vertex 0.139759421349 -1.52076995373 4.18083953857
      vertex 0.399122327566 -0.497565627098 4.7808599472
      vertex -0.334028810263 -1.4624683857 4.78182458878
    endloop
  endfacet
  facet normal 0.656670987606 0.566035687923 0.498384207487
    outer loop
      vertex 0.139759421349 -1.52076995373 4.18083953857
      vertex 0.559039235115 -0.325760871172 4.74660778046
      vertex 0.399122327566 -0.497565627098 4.7808599472
    endloop
  endfacet
  facet normal -0.536365091801 0.701135396957 0.469810247421
    outer loop
      vertex -10.0057163239 -1.51703250408 4.70032835007
      vertex -9.86120700836 -1.56024432182 4.78192281723
      vertex -10.100353241 -1.28762674332 4.78164958954
    endloop
  endfacet
  facet normal -0.686302542686 0.548553347588 0.477575182915
    outer loop
      vertex -10.7101297379 -0.94200116396 4.31965494156
      vertex -10.100353241 -1.28762674332 4.78164958954
      vertex -10.3684244156 -0.902835547924 4.78126478195
    endloop
  endfacet
  facet normal -0.686302542686 0.548553049564 0.47757551074
    outer loop
      vertex -10.7101297379 -0.94200116396 4.31965494156
      vertex -10.0057163239 -1.51703250408 4.70032835007
      vertex -10.100353241 -1.28762674332 4.78164958954
    endloop
  endfacet
  facet normal 0.589119434357 0.524098813534 0.615027427673
    outer loop
      vertex -0.284010231495 -2.13275575638 3.93902158737
      vertex -0.334028810263 -1.4624683857 4.78182458878
      vertex -0.445995748043 -1.569627285 4.78193187714
    endloop
  endfacet
  facet normal 0.589120268822 0.524098455906 0.615026950836
    outer loop
      vertex -0.284010231495 -2.13275575638 3.93902158737
      vertex 0.139759421349 -1.52076995373 4.18083953857
      vertex -0.334028810263 -1.4624683857 4.78182458878
    endloop
  endfacet
  facet normal 0.600431382656 0.520799934864 0.606835663319
    outer loop
      vertex -0.445995748043 -1.569627285 4.78193187714
      vertex -0.850139021873 -1.96916270256 4.78233146667
      vertex -0.284010231495 -2.13275575638 3.93902158737
    endloop
  endfacet
  facet normal 0.600431978703 0.520800173283 0.606834888458
    outer loop
      vertex -1.04356062412 -2.24499821663 4.68392467499
      vertex -0.284010231495 -2.13275575638 3.93902158737
      vertex -0.850139021873 -1.96916270256 4.78233146667
    endloop
  endfacet
  facet normal 0.498970806599 0.64418143034 0.579705476761
    outer loop
      vertex -1.04356062412 -2.24499821663 4.68392467499
      vertex -0.850139021873 -1.96916270256 4.78233146667
      vertex -1.11613166332 -2.19785642624 4.78256034851
    endloop
  endfacet
  facet normal -0.449767559767 0.691854298115 0.564842283726
    outer loop
      vertex -9.19343471527 -2.20051431656 4.77911424637
      vertex -9.18761730194 -2.20092225075 4.78256320953
      vertex -9.19485187531 -2.1951687336 4.78255748749
    endloop
  endfacet
  facet normal -0.528712391853 0.642867147923 0.554242789745
    outer loop
      vertex -10.0057163239 -1.51703250408 4.70032835007
      vertex -9.19485187531 -2.1951687336 4.78255748749
      vertex -9.86120700836 -1.56024432182 4.78192281723
    endloop
  endfacet
  facet normal 0.428892076015 0.230155780911 -0.873544454575
    outer loop
      vertex -2.15285181999 12.9128513336 4.03219461441
      vertex -1.26509857178 12.3962440491 4.33863592148
      vertex -0.932289004326 12.3589935303 3.85983014107
    endloop
  endfacet
  facet normal 0.526036560535 0.303841620684 -0.794333577156
    outer loop
      vertex -0.217976272106 11.7774477005 4.14348888397
      vertex -0.932289004326 12.3589935303 3.85983014107
      vertex -1.26509857178 12.3962440491 4.33863592148
    endloop
  endfacet
  facet normal 0.57954198122 0.173190146685 -0.796326756477
    outer loop
      vertex -0.932289004326 12.3589935303 3.85983014107
      vertex -0.217976272106 11.7774477005 4.14348888397
      vertex 0.0572984144092 11.7130584717 3.5184044838
    endloop
  endfacet
  facet normal -0.528701066971 0.642890512943 0.554226398468
    outer loop
      vertex -10.0057163239 -1.51703250408 4.70032835007
      vertex -9.19343471527 -2.20051431656 4.77911424637
      vertex -9.19485187531 -2.1951687336 4.78255748749
    endloop
  endfacet
  facet normal -0.594407618046 0.47045147419 0.652192473412
    outer loop
      vertex -10.0057163239 -1.51703250408 4.70032835007
      vertex -9.45558547974 -2.36744952202 4.21646642685
      vertex -9.19343471527 -2.20051431656 4.77911424637
    endloop
  endfacet
  facet normal -0.624560594559 0.432644098997 0.650187015533
    outer loop
      vertex -10.0057163239 -1.51703250408 4.70032835007
      vertex -10.2423219681 -1.68054258823 4.11304092407
      vertex -9.45558547974 -2.36744952202 4.21646642685
    endloop
  endfacet
  facet normal -0.698546826839 0.438798904419 0.56523257494
    outer loop
      vertex -10.7101297379 -0.94200116396 4.31965494156
      vertex -10.2423219681 -1.68054258823 4.11304092407
      vertex -10.0057163239 -1.51703250408 4.70032835007
    endloop
  endfacet
  facet normal 0.437295377254 0.628956973553 0.64279538393
    outer loop
      vertex -1.04356062412 -2.24499821663 4.68392467499
      vertex -1.11613166332 -2.19785642624 4.78256034851
      vertex -1.30302619934 -2.3248770237 4.78268718719
    endloop
  endfacet
  facet normal 0.432401418686 0.572714805603 0.696438610554
    outer loop
      vertex -1.98721647263 -2.93245959282 4.56041431427
      vertex -1.30302619934 -2.3248770237 4.78268718719
      vertex -1.94847750664 -2.72529244423 4.78308773041
    endloop
  endfacet
  facet normal 0.212252542377 0.222822636366 -0.951471984386
    outer loop
      vertex -2.76567649841 13.1831140518 3.70112252235
      vertex -4.19722986221 13.4174594879 4.06409072876
      vertex -2.93762993813 13.0602989197 4.38935089111
    endloop
  endfacet
  facet normal 0.282288640738 0.23644220829 -0.929735541344
    outer loop
      vertex -2.76567649841 13.1831140518 3.70112252235
      vertex -2.93762993813 13.0602989197 4.38935089111
      vertex -2.15285181999 12.9128513336 4.03219461441
    endloop
  endfacet
  facet normal -0.268907010555 0.191732749343 0.94388961792
    outer loop
      vertex -7.79108476639 -3.55360460281 3.46094727516
      vertex -6.67873048782 -4.12558174133 2.20522260666
      vertex -6.91938400269 -3.72619485855 3.83386445045
    endloop
  endfacet
  facet normal -0.308983564377 0.153799399734 0.938549339771
    outer loop
      vertex -7.79108476639 -3.55360460281 3.46094727516
      vertex -7.88141345978 -3.74273061752 2.12534952164
      vertex -6.67873048782 -4.12558174133 2.20522260666
    endloop
  endfacet
  facet normal -0.122802399099 0.222758069634 0.967108249664
    outer loop
      vertex -5.04335641861 -4.48945999146 1.55435359478
      vertex -4.89900350571 -4.00551748276 3.73497891426
      vertex -6.91938400269 -3.72619485855 3.83386445045
    endloop
  endfacet
  facet normal -0.128384843469 0.218264088035 0.967407941818
    outer loop
      vertex -6.67873048782 -4.12558174133 2.20522260666
      vertex -5.04335641861 -4.48945999146 1.55435359478
      vertex -6.91938400269 -3.72619485855 3.83386445045
    endloop
  endfacet
  facet normal -0.00172596098855 0.21676568687 0.976222157478
    outer loop
      vertex -5.04335641861 -4.48945999146 1.55435359478
      vertex -4.48325109482 -4.32466363907 2.30098676682
      vertex -4.89900350571 -4.00551748276 3.73497891426
    endloop
  endfacet
  facet normal 0.117701068521 0.256387859583 0.959380924702
    outer loop
      vertex -3.46978878975 -4.41661405563 1.54057538509
      vertex -3.02951669693 -3.81420207024 3.59263014793
      vertex -4.89900350571 -4.00551748276 3.73497891426
    endloop
  endfacet
  facet normal 0.0941121056676 0.242199063301 0.965651333332
    outer loop
      vertex -4.48325109482 -4.32466363907 2.30098676682
      vertex -3.46978878975 -4.41661405563 1.54057538509
      vertex -4.89900350571 -4.00551748276 3.73497891426
    endloop
  endfacet
  facet normal 0.356137752533 0.303826123476 0.883660316467
    outer loop
      vertex -1.47789788246 -3.54357361794 2.5609664917
      vertex -1.64843952656 -3.18494772911 3.80391383171
      vertex -3.02951669693 -3.81420207024 3.59263014793
    endloop
  endfacet
  facet normal -0.577132284641 0.130037516356 0.806231081486
    outer loop
      vertex -9.6201915741 -2.65357279778 2.40584993362
      vertex -8.74659729004 -3.14333486557 3.24651288986
      vertex -9.59421157837 -2.49025321007 3.53373384476
    endloop
  endfacet
  facet normal -0.418941140175 0.155024215579 0.894681990147
    outer loop
      vertex -7.79108476639 -3.55360460281 3.46094727516
      vertex -8.74659729004 -3.14333486557 3.24651288986
      vertex -7.88141345978 -3.74273061752 2.12534952164
    endloop
  endfacet
  facet normal 0.520737290382 0.30185931921 0.798569738865
    outer loop
      vertex -0.569964230061 -3.10293960571 2.16038942337
      vertex -1.64843952656 -3.18494772911 3.80391383171
      vertex -1.47789788246 -3.54357361794 2.5609664917
    endloop
  endfacet
  facet normal 0.507727324963 0.292739063501 0.810257256031
    outer loop
      vertex -0.683431982994 -2.62040257454 3.69277763367
      vertex -1.64843952656 -3.18494772911 3.80391383171
      vertex -0.569964230061 -3.10293960571 2.16038942337
    endloop
  endfacet
  facet normal 0.60459882021 0.279625922441 0.745834827423
    outer loop
      vertex 0.177307918668 -2.28881239891 2.71614813805
      vertex -0.683431982994 -2.62040257454 3.69277763367
      vertex -0.569964230061 -3.10293960571 2.16038942337
    endloop
  endfacet
  facet normal -0.739951193333 0.157374337316 0.653992056847
    outer loop
      vertex -10.2423219681 -1.68054258823 4.11304092407
      vertex -10.8198165894 -1.13206064701 3.67704153061
      vertex -10.3227357864 -1.95706820488 2.58580183983
    endloop
  endfacet
  facet normal -0.777500450611 0.113481409848 0.618558824062
    outer loop
      vertex -10.8198165894 -1.13206064701 3.67704153061
      vertex -10.7349939346 -1.44646751881 2.54443860054
      vertex -10.3227357864 -1.95706820488 2.58580183983
    endloop
  endfacet
  facet normal -0.683283448219 0.120028093457 0.720220088959
    outer loop
      vertex -9.6201915741 -2.65357279778 2.40584993362
      vertex -9.59421157837 -2.49025321007 3.53373384476
      vertex -10.3227357864 -1.95706820488 2.58580183983
    endloop
  endfacet
  facet normal -0.710931301117 0.161369696259 0.684497237206
    outer loop
      vertex -10.3227357864 -1.95706820488 2.58580183983
      vertex -9.59421157837 -2.49025321007 3.53373384476
      vertex -10.2423219681 -1.68054258823 4.11304092407
    endloop
  endfacet
  facet normal 0.432401865721 0.572714209557 0.696438848972
    outer loop
      vertex -1.98721647263 -2.93245959282 4.56041431427
      vertex -1.04356062412 -2.24499821663 4.68392467499
      vertex -1.30302619934 -2.3248770237 4.78268718719
    endloop
  endfacet
  facet normal 0.300867676735 0.621012568474 0.723755478859
    outer loop
      vertex -1.98721647263 -2.93245959282 4.56041431427
      vertex -1.94847750664 -2.72529244423 4.78308773041
      vertex -2.72292208672 -3.04695606232 4.78340911865
    endloop
  endfacet
  facet normal -0.425123125315 0.641574025154 0.638477146626
    outer loop
      vertex -9.19343471527 -2.20051431656 4.77911424637
      vertex -9.16330432892 -2.21709442139 4.782579422
      vertex -9.18761730194 -2.20092225075 4.78256320953
    endloop
  endfacet
  facet normal -0.872493267059 0.147422388196 0.46585637331
    outer loop
      vertex -11.1527137756 -0.347650051117 4.08667516708
      vertex -11.4488134384 0.0426933541894 3.56775188446
      vertex -11.2352619171 -0.66767334938 2.58685112
    endloop
  endfacet
  facet normal -0.835938990116 0.0877847149968 0.541756272316
    outer loop
      vertex -10.7349939346 -1.44646751881 2.54443860054
      vertex -10.8198165894 -1.13206064701 3.67704153061
      vertex -11.2352619171 -0.66767334938 2.58685112
    endloop
  endfacet
  facet normal -0.881509780884 0.144435405731 0.449531853199
    outer loop
      vertex -11.2352619171 -0.66767334938 2.58685112
      vertex -10.8198165894 -1.13206064701 3.67704153061
      vertex -11.1527137756 -0.347650051117 4.08667516708
    endloop
  endfacet
  facet normal -0.45443418622 0.531699836254 0.714692175388
    outer loop
      vertex -8.43006801605 -2.68297338486 4.78304481506
      vertex -9.16330432892 -2.21709442139 4.782579422
      vertex -8.59569072723 -2.82874107361 4.44555425644
    endloop
  endfacet
  facet normal 0.805035114288 0.31286072731 0.504020452499
    outer loop
      vertex 1.15459537506 -1.11555433273 2.55777597427
      vertex 1.31309103966 -0.332989543676 3.41066050529
      vertex 0.709317445755 -1.04974627495 3.80955672264
    endloop
  endfacet
  facet normal 0.802257120609 0.312128067017 0.508880674839
    outer loop
      vertex 1.15459537506 -1.11555433273 2.55777597427
      vertex 0.709317445755 -1.04974627495 3.80955672264
      vertex 0.729980766773 -1.54753875732 2.944865942
    endloop
  endfacet
  facet normal 0.85508286953 0.25521415472 0.451330274343
    outer loop
      vertex 1.62764966488 -0.362851798534 2.30393767357
      vertex 1.31309103966 -0.332989543676 3.41066050529
      vertex 1.15459537506 -1.11555433273 2.55777597427
    endloop
  endfacet
  facet normal -0.938617944717 0.202542930841 0.279235869646
    outer loop
      vertex -11.7616548538 0.852084577084 3.23385715485
      vertex -11.4488134384 0.0426933541894 3.56775188446
      vertex -11.6893205643 1.08754479885 3.89368581772
    endloop
  endfacet
  facet normal 0.729744553566 0.231614142656 -0.643294453621
    outer loop
      vertex -7.59881925583 0.911794364452 2.75617933273
      vertex -7.59370803833 0.533780217171 3.78998684883
      vertex -7.02261066437 0.362122327089 2.46740555763
    endloop
  endfacet
  facet normal 0.467919230461 0.138256281614 -0.872889876366
    outer loop
      vertex -6.74822759628 0.00568293267861 3.7891767025
      vertex -6.33768510818 -0.0290563181043 2.61905193329
      vertex -7.02261066437 0.362122327089 2.46740555763
    endloop
  endfacet
  facet normal 0.526149570942 0.11788725853 -0.842181265354
    outer loop
      vertex -7.59370803833 0.533780217171 3.78998684883
      vertex -6.74822759628 0.00568293267861 3.7891767025
      vertex -7.02261066437 0.362122327089 2.46740555763
    endloop
  endfacet
  facet normal 0.168818339705 -0.00337703642435 -0.985641419888
    outer loop
      vertex -5.69211626053 -0.178209364414 2.91240167618
      vertex -6.74822759628 0.00568293267861 3.7891767025
      vertex -5.56541156769 -0.196553006768 3.89249944687
    endloop
  endfacet
  facet normal 0.206173479557 0.0433144979179 -0.977556288242
    outer loop
      vertex -6.33768510818 -0.0290563181043 2.61905193329
      vertex -6.74822759628 0.00568293267861 3.7891767025
      vertex -5.69211626053 -0.178209364414 2.91240167618
    endloop
  endfacet
  facet normal -0.293953061104 -0.16510400176 -0.941452205181
    outer loop
      vertex -4.71400260925 -0.0941935628653 2.96031355858
      vertex -5.56541156769 -0.196553006768 3.89249944687
      vertex -4.58784723282 0.0905795544386 3.7893140316
    endloop
  endfacet
  facet normal -0.0869954153895 0.029883345589 -0.995760381222
    outer loop
      vertex -5.69211626053 -0.178209364414 2.91240167618
      vertex -5.56541156769 -0.196553006768 3.89249944687
      vertex -4.71400260925 -0.0941935628653 2.96031355858
    endloop
  endfacet
  facet normal -0.657412230968 -0.262133896351 -0.706466555595
    outer loop
      vertex -4.00470972061 0.268497049809 2.80634593964
      vertex -4.58784723282 0.0905795544386 3.7893140316
      vertex -3.99955630302 0.645675599575 3.80994105339
    endloop
  endfacet
  facet normal -0.472800225019 -0.122542820871 -0.872607111931
    outer loop
      vertex -4.71400260925 -0.0941935628653 2.96031355858
      vertex -4.58784723282 0.0905795544386 3.7893140316
      vertex -4.00470972061 0.268497049809 2.80634593964
    endloop
  endfacet
  facet normal -0.844836950302 -0.184416145086 -0.502236187458
    outer loop
      vertex -4.00470972061 0.268497049809 2.80634593964
      vertex -3.99955630302 0.645675599575 3.80994105339
      vertex -3.65560078621 0.806932032108 2.67339372635
    endloop
  endfacet
  facet normal -0.911723792553 -0.227372810245 -0.342142254114
    outer loop
      vertex -3.65560078621 0.806932032108 2.67339372635
      vertex -3.99955630302 0.645675599575 3.80994105339
      vertex -3.83360719681 1.04400360584 3.74390387535
    endloop
  endfacet
  facet normal 0.89055120945 0.263129115105 0.371054679155
    outer loop
      vertex 1.89166891575 0.894337296486 3.18321418762
      vertex 1.31309103966 -0.332989543676 3.41066050529
      vertex 1.62764966488 -0.362851798534 2.30393767357
    endloop
  endfacet
  facet normal -0.970695853233 0.167801052332 0.172024413943
    outer loop
      vertex -12.0104150772 2.23777461052 3.21539402008
      vertex -11.7616548538 0.852084577084 3.23385715485
      vertex -11.6893205643 1.08754479885 3.89368581772
    endloop
  endfacet
  facet normal -0.454427093267 0.531708359718 0.71469026804
    outer loop
      vertex -9.19343471527 -2.20051431656 4.77911424637
      vertex -8.59569072723 -2.82874107361 4.44555425644
      vertex -9.16330432892 -2.21709442139 4.782579422
    endloop
  endfacet
  facet normal -0.512059509754 0.454776763916 0.728679060936
    outer loop
      vertex -9.19343471527 -2.20051431656 4.77911424637
      vertex -9.45558547974 -2.36744952202 4.21646642685
      vertex -8.59569072723 -2.82874107361 4.44555425644
    endloop
  endfacet
  facet normal -0.986863255501 -0.151932880282 0.0549299195409
    outer loop
      vertex -3.75525474548 1.28152692318 3.14910030365
      vertex -3.65560078621 0.806932032108 2.67339372635
      vertex -3.83360719681 1.04400360584 3.74390387535
    endloop
  endfacet
  facet normal -0.967105269432 -0.249915346503 -0.0474307723343
    outer loop
      vertex -3.41765618324 1.253002882 1.83727097511
      vertex -3.65560078621 0.806932032108 2.67339372635
      vertex -3.75525474548 1.28152692318 3.14910030365
    endloop
  endfacet
  facet normal 0.293800801039 0.578673183918 0.760801196098
    outer loop
      vertex -3.07304906845 -3.40178108215 4.49467325211
      vertex -2.72292208672 -3.04695606232 4.78340911865
      vertex -3.16191601753 -3.21635460854 4.78357887268
    endloop
  endfacet
  facet normal 0.293799966574 0.578673899174 0.76080095768
    outer loop
      vertex -3.07304906845 -3.40178108215 4.49467325211
      vertex -1.98721647263 -2.93245959282 4.56041431427
      vertex -2.72292208672 -3.04695606232 4.78340911865
    endloop
  endfacet
  facet normal -0.959022462368 0.258930116892 0.115026786923
    outer loop
      vertex -11.9161863327 2.98445320129 3.89610123634
      vertex -12.0104150772 2.23777461052 3.21539402008
      vertex -11.6893205643 1.08754479885 3.89368581772
    endloop
  endfacet
  facet normal 0.147660061717 0.565990686417 0.811080157757
    outer loop
      vertex -3.07304906845 -3.40178108215 4.49467325211
      vertex -3.16191601753 -3.21635460854 4.78357887268
      vertex -3.6979227066 -3.31386852264 4.78367614746
    endloop
  endfacet
  facet normal 0.896087050438 0.367887079716 0.248368859291
    outer loop
      vertex -7.75947952271 2.3292927742 2.90042281151
      vertex -8.17966365814 2.11339044571 3.77813243866
      vertex -7.8556470871 1.64037168026 2.66955852509
    endloop
  endfacet
  facet normal -0.933311700821 -0.0260953493416 0.358117699623
    outer loop
      vertex -4.05310249329 2.14834833145 3.64670205116
      vertex -3.99506497383 2.07530593872 2.57336378098
      vertex -3.86406970024 1.68565177917 3.23564863205
    endloop
  endfacet
  facet normal -0.949101746082 -0.239810809493 0.204197481275
    outer loop
      vertex -3.41765618324 1.253002882 1.83727097511
      vertex -3.75525474548 1.28152692318 3.14910030365
      vertex -3.86406970024 1.68565177917 3.23564863205
    endloop
  endfacet
  facet normal 0.936635315418 0.296111524105 0.187168955803
    outer loop
      vertex 2.0553855896 2.89015984535 3.92689776421
      vertex 1.89166891575 0.894337296486 3.18321418762
      vertex 2.459867239 3.02489948273 2.73264241219
    endloop
  endfacet
  facet normal -0.987672150135 0.155588671565 0.0172003433108
    outer loop
      vertex -12.0658407211 5.1023144722 3.18023252487
      vertex -12.0104150772 2.23777461052 3.21539402008
      vertex -11.9161863327 2.98445320129 3.89610123634
    endloop
  endfacet
  facet normal 0.876487135887 0.334408253431 0.346325606108
    outer loop
      vertex -8.00089836121 2.74870371819 3.96754050255
      vertex -8.17966365814 2.11339044571 3.77813243866
      vertex -7.75947952271 2.3292927742 2.90042281151
    endloop
  endfacet
  facet normal 0.613818228245 0.405163824558 0.677546679974
    outer loop
      vertex -7.5099158287 2.8606877327 3.41097736359
      vertex -8.00089836121 2.74870371819 3.96754050255
      vertex -7.75947952271 2.3292927742 2.90042281151
    endloop
  endfacet
  facet normal 0.698339402676 0.323302596807 0.638590276241
    outer loop
      vertex -7.5099158287 2.8606877327 3.41097736359
      vertex -7.75947952271 2.3292927742 2.90042281151
      vertex -7.15958356857 2.71136236191 2.35930395126
    endloop
  endfacet
  facet normal 0.143266260624 0.558338344097 0.817149400711
    outer loop
      vertex -4.30524206161 -3.63512802124 4.46933507919
      vertex -3.6979227066 -3.31386852264 4.78367614746
      vertex -4.16382074356 -3.39549612999 4.78375768661
    endloop
  endfacet
  facet normal 0.143266692758 0.558337807655 0.81714963913
    outer loop
      vertex -4.30524206161 -3.63512802124 4.46933507919
      vertex -3.07304906845 -3.40178108215 4.49467325211
      vertex -3.6979227066 -3.31386852264 4.78367614746
    endloop
  endfacet
  facet normal -0.167851492763 0.223097354174 0.960236132145
    outer loop
      vertex -5.29761171341 3.1266913414 3.72916030884
      vertex -6.14688777924 3.06148576736 2.80953907967
      vertex -5.01829433441 2.75610589981 2.34426760674
    endloop
  endfacet
  facet normal -0.241680815816 0.288877129555 0.926358699799
    outer loop
      vertex -6.02668190002 3.40311169624 4.00561666489
      vertex -6.14688777924 3.06148576736 2.80953907967
      vertex -5.29761171341 3.1266913414 3.72916030884
    endloop
  endfacet
  facet normal -0.0121781602502 0.560949265957 0.827760577202
    outer loop
      vertex -5.64199781418 -3.67706274986 4.37843179703
      vertex -5.12580633163 -3.40996980667 4.78377199173
      vertex -5.53361701965 -3.40397381783 4.78376626968
    endloop
  endfacet
  facet normal -0.521255910397 0.12092705816 0.844789266586
    outer loop
      vertex -5.01829433441 2.75610589981 2.34426760674
      vertex -4.54885530472 2.62846565247 3.47609639168
      vertex -5.29761171341 3.1266913414 3.72916030884
    endloop
  endfacet
  facet normal -0.697602033615 0.0110315959901 0.716400504112
    outer loop
      vertex -3.99506497383 2.07530593872 2.57336378098
      vertex -4.05310249329 2.14834833145 3.64670205116
      vertex -4.54885530472 2.62846565247 3.47609639168
    endloop
  endfacet
  facet normal -0.977446854115 0.211168900132 -0.00230915076099
    outer loop
      vertex -11.9307832718 5.81490468979 3.79758691788
      vertex -12.0658407211 5.1023144722 3.18023252487
      vertex -11.9161863327 2.98445320129 3.89610123634
    endloop
  endfacet
  facet normal -0.0121790291741 0.560950040817 0.82776004076
    outer loop
      vertex -5.64199781418 -3.67706274986 4.37843179703
      vertex -4.30524206161 -3.63512802124 4.46933507919
      vertex -5.12580633163 -3.40996980667 4.78377199173
    endloop
  endfacet
  facet normal 0.012013591826 0.602690815926 0.797884345055
    outer loop
      vertex -4.30524206161 -3.63512802124 4.46933507919
      vertex -4.16382074356 -3.39549612999 4.78375768661
      vertex -5.12580633163 -3.40996980667 4.78377199173
    endloop
  endfacet
  facet normal 0.946766555309 0.31148853898 0.0812893807888
    outer loop
      vertex 2.37470293045 4.8107843399 3.45756244659
      vertex 2.0553855896 2.89015984535 3.92689776421
      vertex 2.459867239 3.02489948273 2.73264241219
    endloop
  endfacet
  facet normal 0.757514834404 -0.202894434333 -0.620487809181
    outer loop
      vertex -7.76733350754 6.26579713821 3.33841013908
      vertex -7.93041086197 6.15147256851 2.37992978096
      vertex -8.04753017426 6.51629686356 3.05835771561
    endloop
  endfacet
  facet normal 0.695052564144 -0.243735507131 -0.676383733749
    outer loop
      vertex -8.04753017426 6.51629686356 3.05835771561
      vertex -7.93041086197 6.15147256851 2.37992978096
      vertex -8.26754283905 6.45395517349 2.25795435905
    endloop
  endfacet
  facet normal 0.584781587124 -0.193459883332 -0.787784099579
    outer loop
      vertex -7.93041086197 6.15147256851 2.37992978096
      vertex -7.76733350754 6.26579713821 3.33841013908
      vertex -7.46075439453 5.96803855896 3.05262923241
    endloop
  endfacet
  facet normal 0.238870918751 -0.0923229530454 -0.966652572155
    outer loop
      vertex -6.21575641632 5.41347122192 2.36349129677
      vertex -6.70685100555 5.62118864059 3.26773428917
      vertex -5.13294744492 5.23207139969 3.26576828957
    endloop
  endfacet
  facet normal -0.122047029436 0.637765705585 0.760499477386
    outer loop
      vertex -6.97675466537 -3.38048028946 4.55622911453
      vertex -6.06448793411 -3.33612418175 4.78369808197
      vertex -7.16116285324 -3.16027402878 4.7835226059
    endloop
  endfacet
  facet normal -0.10382398963 0.574678421021 0.811766803265
    outer loop
      vertex -5.53361701965 -3.40397381783 4.78376626968
      vertex -6.06448793411 -3.33612418175 4.78369808197
      vertex -5.64199781418 -3.67706274986 4.37843179703
    endloop
  endfacet
  facet normal -0.103823833168 0.57467854023 0.81176674366
    outer loop
      vertex -6.97675466537 -3.38048028946 4.55622911453
      vertex -5.64199781418 -3.67706274986 4.37843179703
      vertex -6.06448793411 -3.33612418175 4.78369808197
    endloop
  endfacet
  facet normal -0.282068252563 0.539647161961 0.793232917786
    outer loop
      vertex -8.02437973022 -3.16670775414 4.32287073135
      vertex -7.16116285324 -3.16027402878 4.7835226059
      vertex -7.53137397766 -3.02871918678 4.78339147568
    endloop
  endfacet
  facet normal -0.988416969776 0.0514220297337 -0.142785340548
    outer loop
      vertex -12.0203380585 5.99853467941 1.56630003452
      vertex -12.0658407211 5.1023144722 3.18023252487
      vertex -11.9307832718 5.81490468979 3.79758691788
    endloop
  endfacet
  facet normal 0.854650974274 -0.269489020109 -0.443787574768
    outer loop
      vertex -8.3520565033 6.78444957733 2.53417825699
      vertex -8.04753017426 6.51629686356 3.05835771561
      vertex -8.26754283905 6.45395517349 2.25795435905
    endloop
  endfacet
  facet normal -0.282068878412 0.539648294449 0.793231904507
    outer loop
      vertex -8.02437973022 -3.16670775414 4.32287073135
      vertex -6.97675466537 -3.38048028946 4.55622911453
      vertex -7.16116285324 -3.16027402878 4.7835226059
    endloop
  endfacet
  facet normal -0.294389784336 0.549454808235 0.781942486763
    outer loop
      vertex -8.02437973022 -3.16670775414 4.32287073135
      vertex -7.53137397766 -3.02871918678 4.78339147568
      vertex -8.327876091 -2.72905874252 4.78309106827
    endloop
  endfacet
  facet normal -0.989778339863 0.050696015358 -0.133299648762
    outer loop
      vertex -11.6391763687 7.8617105484 4.10899305344
      vertex -12.0203380585 5.99853467941 1.56630003452
      vertex -11.9307832718 5.81490468979 3.79758691788
    endloop
  endfacet
  facet normal -0.990868985653 0.0600964464247 -0.120693929493
    outer loop
      vertex -11.6489248276 8.26293182373 3.14248538017
      vertex -12.0203380585 5.99853467941 1.56630003452
      vertex -11.6391763687 7.8617105484 4.10899305344
    endloop
  endfacet
  facet normal 0.956751525402 -0.26419493556 -0.121768303216
    outer loop
      vertex -8.22058486938 7.33261156082 3.26293683052
      vertex -8.3520565033 6.78444957733 2.53417825699
      vertex -8.55676460266 7.15369367599 1.96303570271
    endloop
  endfacet
  facet normal 0.963859856129 -0.231008380651 0.132700026035
    outer loop
      vertex -8.22058486938 7.33261156082 3.26293683052
      vertex -8.55676460266 7.15369367599 1.96303570271
      vertex -8.23158740997 7.62245941162 3.05053162575
    endloop
  endfacet
  facet normal -0.353398263454 0.511677026749 0.783132374287
    outer loop
      vertex -8.59569072723 -2.82874107361 4.44555425644
      vertex -8.327876091 -2.72905874252 4.78309106827
      vertex -8.43006801605 -2.68297338486 4.78304481506
    endloop
  endfacet
  facet normal 0.94477647543 -0.158974826336 0.286573648453
    outer loop
      vertex -8.15630054474 7.9944562912 2.82737970352
      vertex -8.23158740997 7.62245941162 3.05053162575
      vertex -8.55676460266 7.15369367599 1.96303570271
    endloop
  endfacet
  facet normal 0.967449843884 -0.220226958394 0.124662958086
    outer loop
      vertex -8.22058486938 7.33261156082 3.26293683052
      vertex -8.23158740997 7.62245941162 3.05053162575
      vertex -7.95040941238 8.20467948914 3.95616102219
    endloop
  endfacet
  facet normal 0.955372512341 -0.124357894063 0.267952293158
    outer loop
      vertex -8.23158740997 7.62245941162 3.05053162575
      vertex -8.15630054474 7.9944562912 2.82737970352
      vertex -7.95040941238 8.20467948914 3.95616102219
    endloop
  endfacet
  facet normal -0.966904044151 0.0905268937349 0.238540142775
    outer loop
      vertex -0.0472672842443 8.11286067963 3.6263487339
      vertex -0.188998624682 8.04064273834 1.9222420454
      vertex 0.0552805550396 7.60434532166 3.38169789314
    endloop
  endfacet
  facet normal -0.941189408302 0.0361630767584 -0.335938602686
    outer loop
      vertex -11.6489248276 8.26293182373 3.14248538017
      vertex -11.2284269333 9.33982467651 4.08259820938
      vertex -11.3702163696 9.09662055969 2.65161752701
    endloop
  endfacet
  facet normal 0.738656818867 -0.0825297236443 0.669010400772
    outer loop
      vertex -7.89595222473 8.55442333221 2.44121599197
      vertex -7.45709180832 9.09631729126 1.97634661198
      vertex -7.14476156235 9.28372859955 3.2525472641
    endloop
  endfacet
  facet normal 0.716548979282 -0.0373161882162 0.696537911892
    outer loop
      vertex -7.89595222473 8.55442333221 2.44121599197
      vertex -7.14476156235 9.28372859955 3.2525472641
      vertex -7.55707502365 8.83795166016 3.6560857296
    endloop
  endfacet
  facet normal 0.863189995289 -0.126721963286 0.488717228174
    outer loop
      vertex -7.89595222473 8.55442333221 2.44121599197
      vertex -7.55707502365 8.83795166016 3.6560857296
      vertex -8.15630054474 7.9944562912 2.82737970352
    endloop
  endfacet
  facet normal 0.837273299694 -0.0513367503881 0.544369280338
    outer loop
      vertex -8.15630054474 7.9944562912 2.82737970352
      vertex -7.55707502365 8.83795166016 3.6560857296
      vertex -7.95040941238 8.20467948914 3.95616102219
    endloop
  endfacet
  facet normal -0.35339614749 0.511675834656 0.783134102821
    outer loop
      vertex -8.59569072723 -2.82874107361 4.44555425644
      vertex -8.02437973022 -3.16670775414 4.32287073135
      vertex -8.327876091 -2.72905874252 4.78309106827
    endloop
  endfacet
  facet normal -0.867507278919 0.0928606316447 0.488679885864
    outer loop
      vertex -0.188998624682 8.04064273834 1.9222420454
      vertex -0.0472672842443 8.11286067963 3.6263487339
      vertex -0.509373366833 8.72580623627 2.53496861458
    endloop
  endfacet
  facet normal 0.625108420849 0.763084471226 -0.164138644934
    outer loop
      vertex 1.14389848709 9.59563922882 4.60383367538
      vertex 0.865200936794 9.88229370117 4.77047967911
      vertex 1.06837451458 9.10491085052 4.77125692368
    endloop
  endfacet
  facet normal -0.929310083389 0.0295167677104 -0.368118911982
    outer loop
      vertex -11.3702163696 9.09662055969 2.65161752701
      vertex -11.2284269333 9.33982467651 4.08259820938
      vertex -10.9096870422 10.2140388489 3.21508669853
    endloop
  endfacet
  facet normal 0.649493932724 0.744592487812 -0.154076710343
    outer loop
      vertex 1.06837451458 9.10491085052 4.77125692368
      vertex 1.26703178883 8.26342391968 4.7720990181
      vertex 1.14389848709 9.59563922882 4.60383367538
    endloop
  endfacet
  facet normal -0.891265809536 -0.131949067116 -0.433860212564
    outer loop
      vertex -11.2549285889 8.94332408905 1.36884272099
      vertex -11.3702163696 9.09662055969 2.65161752701
      vertex -10.9096870422 10.2140388489 3.21508669853
    endloop
  endfacet
  facet normal -0.890917181969 -0.132410168648 -0.434435427189
    outer loop
      vertex -11.2549285889 8.94332408905 1.36884272099
      vertex -10.9096870422 10.2140388489 3.21508669853
      vertex -10.7366714478 10.1929721832 1.98183584213
    endloop
  endfacet
  facet normal -0.856799125671 -0.128732085228 -0.499322861433
    outer loop
      vertex -10.5077180862 10.7997169495 2.81142306328
      vertex -10.7366714478 10.1929721832 1.98183584213
      vertex -10.9096870422 10.2140388489 3.21508669853
    endloop
  endfacet
  facet normal 0.628523111343 -0.0397509485483 0.776774466038
    outer loop
      vertex -6.78336191177 9.62983894348 2.20347690582
      vertex -7.14476156235 9.28372859955 3.2525472641
      vertex -7.45709180832 9.09631729126 1.97634661198
    endloop
  endfacet
  facet normal 0.484199494123 -0.0688051730394 0.872248053551
    outer loop
      vertex -6.78336191177 9.62983894348 2.20347690582
      vertex -6.28315639496 9.91965579987 2.04952788353
      vertex -5.79560422897 10.1138029099 3.01933217049
    endloop
  endfacet
  facet normal 0.449780881405 -0.0148149831221 0.893016040325
    outer loop
      vertex -6.78336191177 9.62983894348 2.20347690582
      vertex -5.79560422897 10.1138029099 3.01933217049
      vertex -6.60782718658 9.6932592392 3.70988583565
    endloop
  endfacet
  facet normal 0.627475500107 -0.0403804183006 0.777588486671
    outer loop
      vertex -6.78336191177 9.62983894348 2.20347690582
      vertex -6.60782718658 9.6932592392 3.70988583565
      vertex -7.14476156235 9.28372859955 3.2525472641
    endloop
  endfacet
  facet normal 0.649495303631 0.744591295719 -0.154076680541
    outer loop
      vertex 1.46682226658 7.89954614639 4.67312097549
      vertex 1.14389848709 9.59563922882 4.60383367538
      vertex 1.26703178883 8.26342391968 4.7720990181
    endloop
  endfacet
  facet normal 0.509101450443 0.859490394592 -0.0457384586334
    outer loop
      vertex 1.46682226658 7.89954614639 4.67312097549
      vertex 1.26703178883 8.26342391968 4.7720990181
      vertex 1.35450947285 7.27109575272 4.77309083939
    endloop
  endfacet
  facet normal -0.240540102124 0.948971271515 0.203946083784
    outer loop
      vertex 0.563390552998 7.67220449448 4.75876903534
      vertex 0.583025038242 7.71363019943 4.77264881134
      vertex 0.544968426228 7.75830602646 4.77260398865
    endloop
  endfacet
  facet normal 0.598144054413 0.80112528801 -0.0205409787595
    outer loop
      vertex 1.46682226658 7.89954614639 4.67312097549
      vertex 1.35450947285 7.27109575272 4.77309083939
      vertex 1.88822114468 6.06054639816 4.40564441681
    endloop
  endfacet
  facet normal -0.130582854152 0.987054884434 -0.0931167751551
    outer loop
      vertex 0.563390552998 7.67220449448 4.75876903534
      vertex 0.57435464859 7.53859853745 4.77282381058
      vertex 0.60717356205 7.58511781693 4.77277708054
    endloop
  endfacet
  facet normal -0.359718620777 0.0086264917627 0.933020949364
    outer loop
      vertex -2.77330183983 10.2439870834 2.75624465942
      vertex -2.46657776833 10.1177806854 1.89622163773
      vertex -1.73022449017 9.84833717346 3.45929169655
    endloop
  endfacet
  facet normal 0.844407975674 0.0870025381446 -0.528588414192
    outer loop
      vertex 1.39568197727 10.2390556335 2.39367842674
      vertex 0.976716339588 10.8166360855 2.95085453987
      vertex 1.60147929192 9.8047914505 3.03469920158
    endloop
  endfacet
  facet normal -0.451117753983 0.888513624668 0.0838829278946
    outer loop
      vertex 0.563390552998 7.67220449448 4.75876903534
      vertex 0.60717356205 7.58511781693 4.77277708054
      vertex 0.583025038242 7.71363019943 4.77264881134
    endloop
  endfacet
  facet normal -0.829251766205 -0.0151953706518 -0.558668553829
    outer loop
      vertex -10.5220394135 10.8037424088 3.74099445343
      vertex -10.5077180862 10.7997169495 2.81142306328
      vertex -10.9096870422 10.2140388489 3.21508669853
    endloop
  endfacet
  facet normal 0.370769113302 -0.000473769410746 0.928724944592
    outer loop
      vertex -5.6380572319 10.1773538589 1.73676609993
      vertex -5.79560422897 10.1138029099 3.01933217049
      vertex -6.28315639496 9.91965579987 2.04952788353
    endloop
  endfacet
  facet normal 0.260990858078 0.0144674237818 0.965232849121
    outer loop
      vertex -5.04450559616 10.3157186508 2.94093298912
      vertex -5.79560422897 10.1138029099 3.01933217049
      vertex -4.83069086075 10.364233017 2.32047867775
    endloop
  endfacet
  facet normal 0.238368093967 -0.0188318733126 0.970992267132
    outer loop
      vertex -4.83069086075 10.364233017 2.32047867775
      vertex -5.79560422897 10.1138029099 3.01933217049
      vertex -5.6380572319 10.1773538589 1.73676609993
    endloop
  endfacet
  facet normal 0.112831644714 -0.0387497730553 0.992858231068
    outer loop
      vertex -3.89546298981 10.4235124588 3.52481174469
      vertex -5.04450559616 10.3157186508 2.94093298912
      vertex -4.83069086075 10.364233017 2.32047867775
    endloop
  endfacet
  facet normal -0.0128890546039 0.0591401979327 0.998166501522
    outer loop
      vertex -3.42306470871 10.3771495819 2.84526538849
      vertex -3.89546298981 10.4235124588 3.52481174469
      vertex -4.83069086075 10.364233017 2.32047867775
    endloop
  endfacet
  facet normal 0.711961865425 0.0466914251447 -0.700664162636
    outer loop
      vertex 0.0572984144092 11.7130584717 3.5184044838
      vertex 0.976716339588 10.8166360855 2.95085453987
      vertex 0.278489351273 11.5688962936 2.30896353722
    endloop
  endfacet
  facet normal 0.731069028378 0.124835513532 -0.670786261559
    outer loop
      vertex 0.0572984144092 11.7130584717 3.5184044838
      vertex 0.604306876659 11.0261449814 4.00601434708
      vertex 0.976716339588 10.8166360855 2.95085453987
    endloop
  endfacet
  facet normal 0.809534430504 0.174414247274 -0.560565471649
    outer loop
      vertex 0.604306876659 11.0261449814 4.00601434708
      vertex 1.08291733265 10.3154449463 4.06875133514
      vertex 0.976716339588 10.8166360855 2.95085453987
    endloop
  endfacet
  facet normal 0.834356129169 0.157558321953 -0.528228342533
    outer loop
      vertex 0.976716339588 10.8166360855 2.95085453987
      vertex 1.08291733265 10.3154449463 4.06875133514
      vertex 1.60147929192 9.8047914505 3.03469920158
    endloop
  endfacet
  facet normal -0.765700817108 -0.0145815676078 -0.643031537533
    outer loop
      vertex -9.77340602875 11.6904850006 3.53349423409
      vertex -10.5077180862 10.7997169495 2.81142306328
      vertex -10.5220394135 10.8037424088 3.74099445343
    endloop
  endfacet
  facet normal -0.65050214529 -0.0957779437304 -0.753441154957
    outer loop
      vertex -9.38472366333 11.8426876068 2.09095954895
      vertex -9.77340602875 11.6904850006 3.53349423409
      vertex -8.96835231781 12.3546628952 3.29053139687
    endloop
  endfacet
  facet normal -0.667599201202 -0.102067515254 -0.737491369247
    outer loop
      vertex -9.38472366333 11.8426876068 2.09095954895
      vertex -10.0221481323 11.306807518 2.38818335533
      vertex -9.77340602875 11.6904850006 3.53349423409
    endloop
  endfacet
  facet normal -0.745639681816 -0.0603680349886 -0.663609206676
    outer loop
      vertex -10.0221481323 11.306807518 2.38818335533
      vertex -10.5077180862 10.7997169495 2.81142306328
      vertex -9.77340602875 11.6904850006 3.53349423409
    endloop
  endfacet
  facet normal -0.588131308556 -0.136115416884 -0.79722905159
    outer loop
      vertex -9.38472366333 11.8426876068 2.09095954895
      vertex -8.96835231781 12.3546628952 3.29053139687
      vertex -8.65637397766 12.3967294693 2.1889090538
    endloop
  endfacet
  facet normal -0.486866444349 -0.104766517878 -0.86717069149
    outer loop
      vertex -7.70127010345 13.0068778992 2.80069828033
      vertex -8.65637397766 12.3967294693 2.1889090538
      vertex -8.96835231781 12.3546628952 3.29053139687
    endloop
  endfacet
  facet normal 0.62565946579 0.0214750096202 -0.779800653458
    outer loop
      vertex -0.522125899792 12.1998224258 2.72413778305
      vertex 0.0572984144092 11.7130584717 3.5184044838
      vertex 0.278489351273 11.5688962936 2.30896353722
    endloop
  endfacet
  facet normal 0.677383065224 0.226200968027 -0.699989497662
    outer loop
      vertex 0.0572984144092 11.7130584717 3.5184044838
      vertex -0.217976272106 11.7774477005 4.14348888397
      vertex 0.604306876659 11.0261449814 4.00601434708
    endloop
  endfacet
  facet normal 0.193119674921 0.8220885396 -0.535607397556
    outer loop
      vertex -5.12841844559 4.76870012283 4.75750255585
      vertex -5.28615474701 4.79785108566 4.77556467056
      vertex -5.13207244873 4.74220991135 4.77561998367
    endloop
  endfacet
  facet normal 0.0525052696466 0.827639520168 -0.558798730373
    outer loop
      vertex -5.12841844559 4.76870012283 4.75750255585
      vertex -5.13207244873 4.74220991135 4.77561998367
      vertex -4.74770545959 4.70604038239 4.7756562233
    endloop
  endfacet
  facet normal 0.626905739307 0.675846517086 0.387583166361
    outer loop
      vertex 0.559039235115 -0.325760871172 4.74660778046
      vertex 0.553694248199 -0.275067448616 4.78063726425
      vertex 0.523761034012 -0.323399096727 4.7806854248
    endloop
  endfacet
  facet normal 0.610024213791 0.661718249321 0.435889184475
    outer loop
      vertex 0.559039235115 -0.325760871172 4.74660778046
      vertex 0.523761034012 -0.323399096727 4.7806854248
      vertex 0.399122327566 -0.497565627098 4.7808599472
    endloop
  endfacet
  facet normal -0.290249347687 -0.0714250132442 -0.954281806946
    outer loop
      vertex -7.06305456161 13.2767982483 3.81349539757
      vertex -6.39454746246 13.417383194 2.97517800331
      vertex -7.70127010345 13.0068778992 2.80069828033
    endloop
  endfacet
  facet normal 0.223307028413 -0.0135869439691 -0.974653482437
    outer loop
      vertex -4.17752790451 13.4984426498 3.11674213409
      vertex -2.76567649841 13.1831140518 3.70112252235
      vertex -3.22301769257 13.2658176422 2.11721873283
    endloop
  endfacet
  facet normal 0.27047726512 -0.0278508365154 -0.9623234272
    outer loop
      vertex -3.22301769257 13.2658176422 2.11721873283
      vertex -2.76567649841 13.1831140518 3.70112252235
      vertex -2.08876347542 12.9461965561 2.08890390396
    endloop
  endfacet
  facet normal 0.343063533306 0.00600989768282 -0.939292967319
    outer loop
      vertex -2.76567649841 13.1831140518 3.70112252235
      vertex -1.28610920906 12.6491422653 2.69778180122
      vertex -2.08876347542 12.9461965561 2.08890390396
    endloop
  endfacet
  facet normal 0.375074952841 0.0608235113323 -0.924996912479
    outer loop
      vertex -2.76567649841 13.1831140518 3.70112252235
      vertex -2.15285181999 12.9128513336 4.03219461441
      vertex -1.28610920906 12.6491422653 2.69778180122
    endloop
  endfacet
  facet normal 0.422548741102 0.0963613837957 -0.901203095913
    outer loop
      vertex -2.15285181999 12.9128513336 4.03219461441
      vertex -0.932289004326 12.3589935303 3.85983014107
      vertex -1.28610920906 12.6491422653 2.69778180122
    endloop
  endfacet
  facet normal 0.504416704178 0.0614634603262 -0.861270010471
    outer loop
      vertex -0.522125899792 12.1998224258 2.72413778305
      vertex -1.28610920906 12.6491422653 2.69778180122
      vertex -0.932289004326 12.3589935303 3.85983014107
    endloop
  endfacet
  facet normal 0.565871357918 0.0894953534007 -0.81962198019
    outer loop
      vertex -0.522125899792 12.1998224258 2.72413778305
      vertex -0.932289004326 12.3589935303 3.85983014107
      vertex 0.0572984144092 11.7130584717 3.5184044838
    endloop
  endfacet
  facet normal -0.18522465229 0.0170659832656 -0.982547998428
    outer loop
      vertex -6.01417589188 13.4732656479 3.88615965843
      vertex -6.39454746246 13.417383194 2.97517800331
      vertex -7.06305456161 13.2767982483 3.81349539757
    endloop
  endfacet
  facet normal -0.107507735491 -0.0160909872502 -0.994074046612
    outer loop
      vertex -5.46944522858 13.5161828995 2.89805102348
      vertex -6.39454746246 13.417383194 2.97517800331
      vertex -6.01417589188 13.4732656479 3.88615965843
    endloop
  endfacet
  facet normal 0.0222099758685 0.0856109932065 -0.996081054211
    outer loop
      vertex -4.19722986221 13.4174594879 4.06409072876
      vertex -4.17752790451 13.4984426498 3.11674213409
      vertex -6.01417589188 13.4732656479 3.88615965843
    endloop
  endfacet
  facet normal 0.0058283098042 0.046599060297 -0.998896658421
    outer loop
      vertex -4.17752790451 13.4984426498 3.11674213409
      vertex -5.46944522858 13.5161828995 2.89805102348
      vertex -6.01417589188 13.4732656479 3.88615965843
    endloop
  endfacet
  facet normal 0.182500362396 0.0875103548169 -0.979303598404
    outer loop
      vertex -2.76567649841 13.1831140518 3.70112252235
      vertex -4.17752790451 13.4984426498 3.11674213409
      vertex -4.19722986221 13.4174594879 4.06409072876
    endloop
  endfacet
  facet normal 0.262840241194 0.219428226352 0.939556419849
    outer loop
      vertex -2.07842421532 -4.17638587952 0.902558624744
      vertex -3.02951669693 -3.81420207024 3.59263014793
      vertex -3.46978878975 -4.41661405563 1.54057538509
    endloop
  endfacet
  facet normal 0.316984415054 0.235758021474 0.918661534786
    outer loop
      vertex -1.47789788246 -3.54357361794 2.5609664917
      vertex -3.02951669693 -3.81420207024 3.59263014793
      vertex -2.07842421532 -4.17638587952 0.902558624744
    endloop
  endfacet
  facet normal 0.647057592869 0.205520346761 0.734219253063
    outer loop
      vertex 0.177307918668 -2.28881239891 2.71614813805
      vertex -0.569964230061 -3.10293960571 2.16038942337
      vertex 0.177537575364 -2.74086523056 1.10047125816
    endloop
  endfacet
  facet normal 0.695757508278 0.19362694025 0.69168639183
    outer loop
      vertex 0.676683187485 -2.07086586952 1.70031142235
      vertex 0.177307918668 -2.28881239891 2.71614813805
      vertex 0.177537575364 -2.74086523056 1.10047125816
    endloop
  endfacet
  facet normal 0.785022377968 0.21124958992 0.582334518433
    outer loop
      vertex 0.676683187485 -2.07086586952 1.70031142235
      vertex 1.15459537506 -1.11555433273 2.55777597427
      vertex 0.729980766773 -1.54753875732 2.944865942
    endloop
  endfacet
  facet normal 0.744335830212 0.231516897678 0.626389741898
    outer loop
      vertex 0.676683187485 -2.07086586952 1.70031142235
      vertex 0.729980766773 -1.54753875732 2.944865942
      vertex 0.177307918668 -2.28881239891 2.71614813805
    endloop
  endfacet
  facet normal 0.807127833366 0.177468031645 0.563071668148
    outer loop
      vertex 1.32369506359 -1.22792363167 1.43218135834
      vertex 1.15459537506 -1.11555433273 2.55777597427
      vertex 0.676683187485 -2.07086586952 1.70031142235
    endloop
  endfacet
  facet normal -0.908837378025 0.0961098819971 0.405927985907
    outer loop
      vertex -11.4488134384 0.0426933541894 3.56775188446
      vertex -11.5104703903 -0.0392275489867 2.63871002197
      vertex -11.2352619171 -0.66767334938 2.58685112
    endloop
  endfacet
  facet normal -0.304070681334 -0.399089932442 -0.865024983883
    outer loop
      vertex -4.50099229813 -0.440751105547 1.73043620586
      vertex -3.95945072174 -0.161487162113 1.92313301563
      vertex -3.46392679214 -0.530108451843 0.74660384655
    endloop
  endfacet
  facet normal -0.564189314842 -0.453741639853 -0.689789056778
    outer loop
      vertex -3.95945072174 -0.161487162113 1.92313301563
      vertex -3.34066534042 -0.246841073036 1.02396833897
      vertex -3.46392679214 -0.530108451843 0.74660384655
    endloop
  endfacet
  facet normal 0.859098136425 0.177005290985 0.480228602886
    outer loop
      vertex 1.15459537506 -1.11555433273 2.55777597427
      vertex 1.32369506359 -1.22792363167 1.43218135834
      vertex 1.62764966488 -0.362851798534 2.30393767357
    endloop
  endfacet
  facet normal -0.940938055515 0.0911981463432 0.326065182686
    outer loop
      vertex -11.4488134384 0.0426933541894 3.56775188446
      vertex -11.7616548538 0.852084577084 3.23385715485
      vertex -11.5104703903 -0.0392275489867 2.63871002197
    endloop
  endfacet
  facet normal -0.916027247906 -0.0653961002827 0.395749241114
    outer loop
      vertex -11.644411087 0.581035196781 0.761304736137
      vertex -11.2352619171 -0.66767334938 2.58685112
      vertex -11.5104703903 -0.0392275489867 2.63871002197
    endloop
  endfacet
  facet normal 0.70844912529 0.0785672813654 -0.701375126839
    outer loop
      vertex -7.59881925583 0.911794364452 2.75617933273
      vertex -7.02261066437 0.362122327089 2.46740555763
      vertex -7.56931972504 1.02361035347 1.49199008942
    endloop
  endfacet
  facet normal 0.27513512969 -0.120515652001 -0.953822135925
    outer loop
      vertex -5.21405506134 -0.462726831436 1.7519903183
      vertex -6.33768510818 -0.0290563181043 2.61905193329
      vertex -5.69211626053 -0.178209364414 2.91240167618
    endloop
  endfacet
  facet normal 0.174441590905 -0.250260591507 -0.95233386755
    outer loop
      vertex -5.21405506134 -0.462726831436 1.7519903183
      vertex -5.46674776077 -0.57565420866 1.14612329006
      vertex -6.33768510818 -0.0290563181043 2.61905193329
    endloop
  endfacet
  facet normal -0.0684200972319 -0.28154540062 -0.957105457783
    outer loop
      vertex -4.71400260925 -0.0941935628653 2.96031355858
      vertex -4.50099229813 -0.440751105547 1.73043620586
      vertex -5.69211626053 -0.178209364414 2.91240167618
    endloop
  endfacet
  facet normal -0.037430010736 -0.252485573292 -0.966876447201
    outer loop
      vertex -4.50099229813 -0.440751105547 1.73043620586
      vertex -5.21405506134 -0.462726831436 1.7519903183
      vertex -5.69211626053 -0.178209364414 2.91240167618
    endloop
  endfacet
  facet normal -0.484507083893 -0.402860850096 -0.776502430439
    outer loop
      vertex -4.00470972061 0.268497049809 2.80634593964
      vertex -3.95945072174 -0.161487162113 1.92313301563
      vertex -4.71400260925 -0.0941935628653 2.96031355858
    endloop
  endfacet
  facet normal -0.346500873566 -0.309533387423 -0.88550901413
    outer loop
      vertex -3.95945072174 -0.161487162113 1.92313301563
      vertex -4.50099229813 -0.440751105547 1.73043620586
      vertex -4.71400260925 -0.0941935628653 2.96031355858
    endloop
  endfacet
  facet normal -0.63925588131 -0.495727300644 -0.587882936001
    outer loop
      vertex -3.95945072174 -0.161487162113 1.92313301563
      vertex -3.4215259552 0.27421477437 1.74616098404
      vertex -3.34066534042 -0.246841073036 1.02396833897
    endloop
  endfacet
  facet normal -0.656023740768 -0.357278168201 -0.664819657803
    outer loop
      vertex -4.00470972061 0.268497049809 2.80634593964
      vertex -3.4215259552 0.27421477437 1.74616098404
      vertex -3.95945072174 -0.161487162113 1.92313301563
    endloop
  endfacet
  facet normal -0.799883306026 -0.437783479691 -0.410526931286
    outer loop
      vertex -4.00470972061 0.268497049809 2.80634593964
      vertex -3.65560078621 0.806932032108 2.67339372635
      vertex -3.4215259552 0.27421477437 1.74616098404
    endloop
  endfacet
  facet normal -0.900697886944 -0.386297941208 -0.198789283633
    outer loop
      vertex -3.1547729969 0.601970553398 1.29285943508
      vertex -3.12502837181 -0.0452941060066 0.890422999859
      vertex -3.4215259552 0.27421477437 1.74616098404
    endloop
  endfacet
  facet normal -0.742998063564 -0.444320499897 -0.500532865524
    outer loop
      vertex -3.4215259552 0.27421477437 1.74616098404
      vertex -3.12502837181 -0.0452941060066 0.890422999859
      vertex -3.34066534042 -0.246841073036 1.02396833897
    endloop
  endfacet
  facet normal 0.923708796501 0.194522723556 0.330034792423
    outer loop
      vertex 2.20617723465 0.93532371521 1.75928163528
      vertex 1.89166891575 0.894337296486 3.18321418762
      vertex 1.62764966488 -0.362851798534 2.30393767357
    endloop
  endfacet
  facet normal -0.962892889977 -0.00222062924877 0.26987478137
    outer loop
      vertex -11.5104703903 -0.0392275489867 2.63871002197
      vertex -11.7616548538 0.852084577084 3.23385715485
      vertex -11.96347332 1.58415234089 1.77600383759
    endloop
  endfacet
  facet normal -0.983250975609 0.0477989502251 0.17587724328
    outer loop
      vertex -11.7616548538 0.852084577084 3.23385715485
      vertex -12.0104150772 2.23777461052 3.21539402008
      vertex -11.96347332 1.58415234089 1.77600383759
    endloop
  endfacet
  facet normal -0.959504961967 -0.0242656487972 0.28064468503
    outer loop
      vertex -11.96347332 1.58415234089 1.77600383759
      vertex -11.644411087 0.581035196781 0.761304736137
      vertex -11.5104703903 -0.0392275489867 2.63871002197
    endloop
  endfacet
  facet normal 0.991630494595 0.110668316483 0.0664946511388
    outer loop
      vertex -7.66572380066 1.77852725983 1.23312926292
      vertex -7.74222183228 1.94507205486 2.01864862442
      vertex -7.70294475555 1.56689381599 1.43948483467
    endloop
  endfacet
  facet normal 0.939907491207 0.051782194525 -0.337479621172
    outer loop
      vertex -7.56931972504 1.02361035347 1.49199008942
      vertex -7.8556470871 1.64037168026 2.66955852509
      vertex -7.59881925583 0.911794364452 2.75617933273
    endloop
  endfacet
  facet normal 0.963311731815 0.104827918112 -0.247065916657
    outer loop
      vertex -7.70294475555 1.56689381599 1.43948483467
      vertex -7.8556470871 1.64037168026 2.66955852509
      vertex -7.56931972504 1.02361035347 1.49199008942
    endloop
  endfacet
  facet normal 0.987312853336 0.128165245056 0.093738861382
    outer loop
      vertex -7.70294475555 1.56689381599 1.43948483467
      vertex -7.74222183228 1.94507205486 2.01864862442
      vertex -7.8556470871 1.64037168026 2.66955852509
    endloop
  endfacet
  facet normal -0.902387440205 -0.36206060648 -0.233685716987
    outer loop
      vertex -3.4215259552 0.27421477437 1.74616098404
      vertex -3.65560078621 0.806932032108 2.67339372635
      vertex -3.1547729969 0.601970553398 1.29285943508
    endloop
  endfacet
  facet normal -0.939601480961 -0.324871271849 0.10773909837
    outer loop
      vertex -3.65560078621 0.806932032108 2.67339372635
      vertex -3.41765618324 1.253002882 1.83727097511
      vertex -3.1547729969 0.601970553398 1.29285943508
    endloop
  endfacet
  facet normal 0.849582850933 0.129986345768 0.511187374592
    outer loop
      vertex -7.47952270508 2.27732896805 1.60830378532
      vertex -7.74222183228 1.94507205486 2.01864862442
      vertex -7.58582019806 1.98734784126 1.16267180443
    endloop
  endfacet
  facet normal 0.93893122673 0.156421259046 0.306497275829
    outer loop
      vertex -7.58582019806 1.98734784126 1.16267180443
      vertex -7.74222183228 1.94507205486 2.01864862442
      vertex -7.66572380066 1.77852725983 1.23312926292
    endloop
  endfacet
  facet normal 0.981453061104 0.0923973619938 0.167965963483
    outer loop
      vertex -7.8556470871 1.64037168026 2.66955852509
      vertex -7.74222183228 1.94507205486 2.01864862442
      vertex -7.75947952271 2.3292927742 2.90042281151
    endloop
  endfacet
  facet normal 0.875595331192 0.207257956266 0.436322033405
    outer loop
      vertex -7.74222183228 1.94507205486 2.01864862442
      vertex -7.47952270508 2.27732896805 1.60830378532
      vertex -7.75947952271 2.3292927742 2.90042281151
    endloop
  endfacet
  facet normal -0.842073857784 -0.13991369307 0.520899057388
    outer loop
      vertex -3.65006184578 1.75167143345 1.70184659958
      vertex -3.86406970024 1.68565177917 3.23564863205
      vertex -3.99506497383 2.07530593872 2.57336378098
    endloop
  endfacet
  facet normal -0.881792604923 -0.142387926579 0.449630349874
    outer loop
      vertex -3.65006184578 1.75167143345 1.70184659958
      vertex -3.41765618324 1.253002882 1.83727097511
      vertex -3.86406970024 1.68565177917 3.23564863205
    endloop
  endfacet
  facet normal -0.945143342018 -0.298951148987 0.131652012467
    outer loop
      vertex -3.41765618324 1.253002882 1.83727097511
      vertex -2.91588902473 0.629029273987 0.525704205036
      vertex -3.1547729969 0.601970553398 1.29285943508
    endloop
  endfacet
  facet normal 0.955638408661 0.204986795783 0.211507961154
    outer loop
      vertex 2.459867239 3.02489948273 2.73264241219
      vertex 1.89166891575 0.894337296486 3.18321418762
      vertex 2.20617723465 0.93532371521 1.75928163528
    endloop
  endfacet
  facet normal 0.962026059628 0.183353364468 0.202206239104
    outer loop
      vertex 2.57773280144 2.41566252708 1.44234025478
      vertex 2.459867239 3.02489948273 2.73264241219
      vertex 2.20617723465 0.93532371521 1.75928163528
    endloop
  endfacet
  facet normal -0.997480392456 -0.000315906188916 0.0709418877959
    outer loop
      vertex -11.96347332 1.58415234089 1.77600383759
      vertex -12.0104150772 2.23777461052 3.21539402008
      vertex -12.1346130371 3.99236607552 1.34873950481
    endloop
  endfacet
  facet normal -0.99863088131 0.0488449595869 0.0187226254493
    outer loop
      vertex -12.0104150772 2.23777461052 3.21539402008
      vertex -12.0658407211 5.1023144722 3.18023252487
      vertex -12.1346130371 3.99236607552 1.34873950481
    endloop
  endfacet
  facet normal 0.594776570797 0.197043210268 0.779368162155
    outer loop
      vertex -7.47952270508 2.27732896805 1.60830378532
      vertex -6.95852947235 2.48217010498 0.84589278698
      vertex -7.15958356857 2.71136236191 2.35930395126
    endloop
  endfacet
  facet normal 0.632637917995 0.167478621006 0.756121814251
    outer loop
      vertex -7.47952270508 2.27732896805 1.60830378532
      vertex -7.15958356857 2.71136236191 2.35930395126
      vertex -7.75947952271 2.3292927742 2.90042281151
    endloop
  endfacet
  facet normal 0.260054826736 0.156084209681 0.95289516449
    outer loop
      vertex -6.40687799454 2.71728229523 1.14134776592
      vertex -6.14688777924 3.06148576736 2.80953907967
      vertex -7.15958356857 2.71136236191 2.35930395126
    endloop
  endfacet
  facet normal 0.301534444094 0.181801229715 0.935962200165
    outer loop
      vertex -6.95852947235 2.48217010498 0.84589278698
      vertex -6.40687799454 2.71728229523 1.14134776592
      vertex -7.15958356857 2.71136236191 2.35930395126
    endloop
  endfacet
  facet normal -0.216495230794 0.111447766423 0.969901680946
    outer loop
      vertex -5.63755369186 2.78226542473 1.36897230148
      vertex -5.01829433441 2.75610589981 2.34426760674
      vertex -6.14688777924 3.06148576736 2.80953907967
    endloop
  endfacet
  facet normal 0.0240555163473 0.198420867324 0.979821681976
    outer loop
      vertex -6.40687799454 2.71728229523 1.14134776592
      vertex -5.63755369186 2.78226542473 1.36897230148
      vertex -6.14688777924 3.06148576736 2.80953907967
    endloop
  endfacet
  facet normal -0.461906731129 0.0920998603106 0.882133662701
    outer loop
      vertex -4.54885530472 2.62846565247 3.47609639168
      vertex -5.01829433441 2.75610589981 2.34426760674
      vertex -4.19089317322 2.24816513062 1.62885594368
    endloop
  endfacet
  facet normal -0.696022629738 0.0129215000197 0.71790355444
    outer loop
      vertex -3.99506497383 2.07530593872 2.57336378098
      vertex -4.54885530472 2.62846565247 3.47609639168
      vertex -4.19089317322 2.24816513062 1.62885594368
    endloop
  endfacet
  facet normal -0.676661789417 0.00554543826729 0.736273109913
    outer loop
      vertex -4.19089317322 2.24816513062 1.62885594368
      vertex -3.65006184578 1.75167143345 1.70184659958
      vertex -3.99506497383 2.07530593872 2.57336378098
    endloop
  endfacet
  facet normal 0.980469405651 0.149757310748 0.127485066652
    outer loop
      vertex 2.70758366585 3.21469569206 1.27239787579
      vertex 2.459867239 3.02489948273 2.73264241219
      vertex 2.57773280144 2.41566252708 1.44234025478
    endloop
  endfacet
  facet normal 0.967984616756 0.245264440775 0.0533960983157
    outer loop
      vertex 2.459867239 3.02489948273 2.73264241219
      vertex 2.67590856552 4.66448831558 2.23694491386
      vertex 2.37470293045 4.8107843399 3.45756244659
    endloop
  endfacet
  facet normal 0.991745352745 0.115686029196 0.0552981458604
    outer loop
      vertex 2.81532883644 4.23754119873 0.837650001049
      vertex 2.67590856552 4.66448831558 2.23694491386
      vertex 2.70758366585 3.21469569206 1.27239787579
    endloop
  endfacet
  facet normal 0.98426926136 0.156255096197 0.0824520885944
    outer loop
      vertex 2.67590856552 4.66448831558 2.23694491386
      vertex 2.459867239 3.02489948273 2.73264241219
      vertex 2.70758366585 3.21469569206 1.27239787579
    endloop
  endfacet
  facet normal 0.497677952051 -0.11296184361 -0.859974563122
    outer loop
      vertex -7.93041086197 6.15147256851 2.37992978096
      vertex -7.46075439453 5.96803855896 3.05262923241
      vertex -7.38050270081 5.76320457458 1.84679734707
    endloop
  endfacet
  facet normal 0.443241775036 -0.121370442212 -0.888147473335
    outer loop
      vertex -7.46075439453 5.96803855896 3.05262923241
      vertex -6.70685100555 5.62118864059 3.26773428917
      vertex -7.38050270081 5.76320457458 1.84679734707
    endloop
  endfacet
  facet normal 0.307899951935 -0.0510193929076 -0.950049817562
    outer loop
      vertex -7.38050270081 5.76320457458 1.84679734707
      vertex -6.70685100555 5.62118864059 3.26773428917
      vertex -6.21575641632 5.41347122192 2.36349129677
    endloop
  endfacet
  facet normal 0.0695430040359 0.0701864734292 -0.995106816292
    outer loop
      vertex -5.13294744492 5.23207139969 3.26576828957
      vertex -3.48840332031 5.09891843796 3.52414894104
      vertex -2.56271338463 5.18039751053 1.4517301321
    endloop
  endfacet
  facet normal -0.140754505992 -0.0239578131586 -0.989754617214
    outer loop
      vertex -3.48840332031 5.09891843796 3.52414894104
      vertex -1.9983856678 5.30081701279 3.11106324196
      vertex -2.56271338463 5.18039751053 1.4517301321
    endloop
  endfacet
  facet normal -0.298694610596 0.0323658101261 -0.953799784184
    outer loop
      vertex -1.27460539341 5.57484102249 1.71530139446
      vertex -2.56271338463 5.18039751053 1.4517301321
      vertex -1.9983856678 5.30081701279 3.11106324196
    endloop
  endfacet
  facet normal -0.372696101665 -0.0110954036936 -0.927887141705
    outer loop
      vertex -0.974973320961 5.71213531494 3.1322760582
      vertex -1.27460539341 5.57484102249 1.71530139446
      vertex -1.9983856678 5.30081701279 3.11106324196
    endloop
  endfacet
  facet normal -0.544290840626 0.0338786877692 -0.838212192059
    outer loop
      vertex -0.974973320961 5.71213531494 3.1322760582
      vertex -0.634990096092 5.98951482773 1.73160433769
      vertex -1.27460539341 5.57484102249 1.71530139446
    endloop
  endfacet
  facet normal 0.971266269684 0.236683741212 -0.0249532796443
    outer loop
      vertex 2.37470293045 4.8107843399 3.45756244659
      vertex 2.67590856552 4.66448831558 2.23694491386
      vertex 2.3320889473 6.4581990242 3.45875000954
    endloop
  endfacet
  facet normal 0.995163440704 0.0981811434031 -0.00318930111825
    outer loop
      vertex 2.73574662209 5.86995840073 1.59126770496
      vertex 2.67590856552 4.66448831558 2.23694491386
      vertex 2.81532883644 4.23754119873 0.837650001049
    endloop
  endfacet
  facet normal -0.998396277428 0.00323694315739 -0.056519292295
    outer loop
      vertex -12.1346130371 3.99236607552 1.34873950481
      vertex -12.0658407211 5.1023144722 3.18023252487
      vertex -12.0203380585 5.99853467941 1.56630003452
    endloop
  endfacet
  facet normal 0.873977541924 -0.182065978646 -0.450572103262
    outer loop
      vertex -8.67310333252 6.63354158401 1.04820144176
      vertex -8.57656478882 6.69173002243 1.65562188625
      vertex -8.59432029724 6.45741319656 0.990508437157
    endloop
  endfacet
  facet normal 0.694567620754 -0.225822359324 -0.683066666126
    outer loop
      vertex -7.93041086197 6.15147256851 2.37992978096
      vertex -8.28188514709 6.18674707413 1.40558862686
      vertex -8.26754283905 6.45395517349 2.25795435905
    endloop
  endfacet
  facet normal 0.790157079697 -0.222312539816 -0.571164548397
    outer loop
      vertex -8.57656478882 6.69173002243 1.65562188625
      vertex -8.28188514709 6.18674707413 1.40558862686
      vertex -8.59432029724 6.45741319656 0.990508437157
    endloop
  endfacet
  facet normal 0.804051935673 -0.190131127834 -0.563338816166
    outer loop
      vertex -8.57656478882 6.69173002243 1.65562188625
      vertex -8.26754283905 6.45395517349 2.25795435905
      vertex -8.28188514709 6.18674707413 1.40558862686
    endloop
  endfacet
  facet normal 0.857200086117 -0.265613347292 -0.441200166941
    outer loop
      vertex -8.57656478882 6.69173002243 1.65562188625
      vertex -8.3520565033 6.78444957733 2.53417825699
      vertex -8.26754283905 6.45395517349 2.25795435905
    endloop
  endfacet
  facet normal 0.476551622152 -0.140487670898 -0.867848932743
    outer loop
      vertex -7.38050270081 5.76320457458 1.84679734707
      vertex -8.28188514709 6.18674707413 1.40558862686
      vertex -7.93041086197 6.15147256851 2.37992978096
    endloop
  endfacet
  facet normal 0.200306862593 -0.0436081960797 -0.978762209415
    outer loop
      vertex -5.13294744492 5.23207139969 3.26576828957
      vertex -5.33459472656 5.13911962509 0.253288805485
      vertex -6.21575641632 5.41347122192 2.36349129677
    endloop
  endfacet
  facet normal -0.00159651576541 -0.0307340119034 -0.999526321888
    outer loop
      vertex -2.56271338463 5.18039751053 1.4517301321
      vertex -5.33459472656 5.13911962509 0.253288805485
      vertex -5.13294744492 5.23207139969 3.26576828957
    endloop
  endfacet
  facet normal -0.672680735588 -0.0167854893953 -0.739742457867
    outer loop
      vertex -0.341455727816 6.2870349884 3.07999372482
      vertex -0.634990096092 5.98951482773 1.73160433769
      vertex -0.974973320961 5.71213531494 3.1322760582
    endloop
  endfacet
  facet normal -0.740903556347 0.0131274200976 -0.671483159065
    outer loop
      vertex -0.634990096092 5.98951482773 1.73160433769
      vertex -0.341455727816 6.2870349884 3.07999372482
      vertex -0.281549781561 6.38018226624 1.69644188881
    endloop
  endfacet
  facet normal -0.858619570732 0.101671256125 -0.502429485321
    outer loop
      vertex -0.0575940236449 6.92309188843 2.33401608467
      vertex -0.341455727816 6.2870349884 3.07999372482
      vertex -0.0836657732725 6.69522094727 3.23990821838
    endloop
  endfacet
  facet normal -0.918786108494 -0.0132202152163 -0.394534260035
    outer loop
      vertex -0.0575940236449 6.92309188843 2.33401608467
      vertex -0.281549781561 6.38018226624 1.69644188881
      vertex -0.341455727816 6.2870349884 3.07999372482
    endloop
  endfacet
  facet normal -0.901323735714 -0.0497882552445 -0.430275112391
    outer loop
      vertex -0.0575940236449 6.92309188843 2.33401608467
      vertex -0.0739423111081 6.74794816971 1.11636435986
      vertex -0.281549781561 6.38018226624 1.69644188881
    endloop
  endfacet
  facet normal -0.946175158024 0.0530796647072 -0.319272845984
    outer loop
      vertex -0.0575940236449 6.92309188843 2.33401608467
      vertex -0.0836657732725 6.69522094727 3.23990821838
      vertex 0.0281326547265 7.00929450989 3.34363555908
    endloop
  endfacet
  facet normal 0.978724181652 0.181277960539 -0.0961106494069
    outer loop
      vertex 2.73574662209 5.86995840073 1.59126770496
      vertex 2.56684947014 7.08012104034 1.86153864861
      vertex 2.3320889473 6.4581990242 3.45875000954
    endloop
  endfacet
  facet normal 0.979387581348 0.194237753749 -0.0554225072265
    outer loop
      vertex 2.73574662209 5.86995840073 1.59126770496
      vertex 2.3320889473 6.4581990242 3.45875000954
      vertex 2.67590856552 4.66448831558 2.23694491386
    endloop
  endfacet
  facet normal 0.970189273357 -0.218868419528 -0.104064300656
    outer loop
      vertex -8.55676460266 7.15369367599 1.96303570271
      vertex -8.57656478882 6.69173002243 1.65562188625
      vertex -8.70072841644 6.87816095352 1.19387614727
    endloop
  endfacet
  facet normal 0.961864411831 -0.173155084252 -0.211740911007
    outer loop
      vertex -8.70072841644 6.87816095352 1.19387614727
      vertex -8.57656478882 6.69173002243 1.65562188625
      vertex -8.67310333252 6.63354158401 1.04820144176
    endloop
  endfacet
  facet normal 0.957122981548 -0.258403241634 -0.130932763219
    outer loop
      vertex -8.3520565033 6.78444957733 2.53417825699
      vertex -8.57656478882 6.69173002243 1.65562188625
      vertex -8.55676460266 7.15369367599 1.96303570271
    endloop
  endfacet
  facet normal -0.998829543591 0.00651649199426 -0.0479283519089
    outer loop
      vertex -0.0343323871493 7.43645763397 2.12372326851
      vertex -0.0739423111081 6.74794816971 1.11636435986
      vertex -0.0575940236449 6.92309188843 2.33401608467
    endloop
  endfacet
  facet normal -0.992388129234 0.075989343226 -0.0969090461731
    outer loop
      vertex 0.0281326547265 7.00929450989 3.34363555908
      vertex 0.0399158075452 7.29619646072 3.13163304329
      vertex -0.0575940236449 6.92309188843 2.33401608467
    endloop
  endfacet
  facet normal -0.993268489838 0.0842346325517 -0.0795124918222
    outer loop
      vertex -0.0575940236449 6.92309188843 2.33401608467
      vertex 0.0399158075452 7.29619646072 3.13163304329
      vertex -0.0343323871493 7.43645763397 2.12372326851
    endloop
  endfacet
  facet normal 0.970819056034 0.196320533752 -0.137726768851
    outer loop
      vertex 2.10425329208 8.00086593628 3.50317049026
      vertex 2.3320889473 6.4581990242 3.45875000954
      vertex 2.56684947014 7.08012104034 1.86153864861
    endloop
  endfacet
  facet normal 0.962874233723 0.14286121726 -0.229049906135
    outer loop
      vertex 2.39631009102 7.96149349213 1.59785413742
      vertex 2.10425329208 8.00086593628 3.50317049026
      vertex 2.56684947014 7.08012104034 1.86153864861
    endloop
  endfacet
  facet normal -0.959286391735 -0.089973166585 -0.267720788717
    outer loop
      vertex -11.6489248276 8.26293182373 3.14248538017
      vertex -11.3702163696 9.09662055969 2.65161752701
      vertex -11.7077465057 7.35796689987 1.07686030865
    endloop
  endfacet
  facet normal -0.977325260639 -0.0610023327172 -0.202766001225
    outer loop
      vertex -11.6489248276 8.26293182373 3.14248538017
      vertex -11.7077465057 7.35796689987 1.07686030865
      vertex -12.0203380585 5.99853467941 1.56630003452
    endloop
  endfacet
  facet normal 0.980380773544 -0.130614027381 0.147626072168
    outer loop
      vertex -8.5913143158 7.44337463379 1.37630343437
      vertex -8.55676460266 7.15369367599 1.96303570271
      vertex -8.70072841644 6.87816095352 1.19387614727
    endloop
  endfacet
  facet normal 0.947407662868 -0.184789597988 0.261288136244
    outer loop
      vertex -8.55676460266 7.15369367599 1.96303570271
      vertex -8.5913143158 7.44337463379 1.37630343437
      vertex -8.15630054474 7.9944562912 2.82737970352
    endloop
  endfacet
  facet normal -0.971460938454 0.0980293154716 0.215995207429
    outer loop
      vertex -0.0343323871493 7.43645763397 2.12372326851
      vertex 0.0552805550396 7.60434532166 3.38169789314
      vertex -0.188998624682 8.04064273834 1.9222420454
    endloop
  endfacet
  facet normal -0.997348189354 0.0722332373261 0.00888856872916
    outer loop
      vertex -0.0343323871493 7.43645763397 2.12372326851
      vertex 0.0399158075452 7.29619646072 3.13163304329
      vertex 0.0552805550396 7.60434532166 3.38169789314
    endloop
  endfacet
  facet normal 0.963492631912 0.143012017012 -0.226339280605
    outer loop
      vertex 1.94477140903 8.9922580719 3.00858616829
      vertex 2.10425329208 8.00086593628 3.50317049026
      vertex 2.39631009102 7.96149349213 1.59785413742
    endloop
  endfacet
  facet normal 0.942050695419 0.0604193806648 -0.329984873533
    outer loop
      vertex 2.18666005135 8.62648677826 1.23477840424
      vertex 1.94477140903 8.9922580719 3.00858616829
      vertex 2.39631009102 7.96149349213 1.59785413742
    endloop
  endfacet
  facet normal 0.879480779171 -0.0858754739165 0.468122839928
    outer loop
      vertex -8.15630054474 7.9944562912 2.82737970352
      vertex -8.5913143158 7.44337463379 1.37630343437
      vertex -7.89595222473 8.55442333221 2.44121599197
    endloop
  endfacet
  facet normal 0.878669023514 -0.083267994225 0.470114022493
    outer loop
      vertex -7.89595222473 8.55442333221 2.44121599197
      vertex -8.5913143158 7.44337463379 1.37630343437
      vertex -8.07478618622 8.4117231369 1.35976040363
    endloop
  endfacet
  facet normal 0.759475171566 -0.0399123728275 0.649310708046
    outer loop
      vertex -8.07478618622 8.4117231369 1.35976040363
      vertex -7.45709180832 9.09631729126 1.97634661198
      vertex -7.89595222473 8.55442333221 2.44121599197
    endloop
  endfacet
  facet normal -0.736701309681 0.0625284314156 0.673321187496
    outer loop
      vertex -1.03829729557 9.34986209869 3.02324652672
      vertex -0.988129794598 9.11678886414 1.1045229435
      vertex -0.509373366833 8.72580623627 2.53496861458
    endloop
  endfacet
  facet normal 0.920724034309 0.0456437766552 -0.387535661459
    outer loop
      vertex 1.60147929192 9.8047914505 3.03469920158
      vertex 1.94477140903 8.9922580719 3.00858616829
      vertex 2.18666005135 8.62648677826 1.23477840424
    endloop
  endfacet
  facet normal 0.911301791668 0.0273303762078 -0.410830974579
    outer loop
      vertex 1.87893688679 9.31983661652 1.07302248478
      vertex 1.60147929192 9.8047914505 3.03469920158
      vertex 2.18666005135 8.62648677826 1.23477840424
    endloop
  endfacet
  facet normal 0.618596673012 0.0105146216229 0.785638332367
    outer loop
      vertex -6.78336191177 9.62983894348 2.20347690582
      vertex -7.45709180832 9.09631729126 1.97634661198
      vertex -7.15255880356 9.32447814941 1.10793542862
    endloop
  endfacet
  facet normal 0.540938019753 0.0516907721758 0.839472532272
    outer loop
      vertex -6.45328140259 9.76550292969 0.952439427376
      vertex -6.78336191177 9.62983894348 2.20347690582
      vertex -7.15255880356 9.32447814941 1.10793542862
    endloop
  endfacet
  facet normal 0.510432958603 0.0415338948369 0.858913898468
    outer loop
      vertex -6.28315639496 9.91965579987 2.04952788353
      vertex -6.78336191177 9.62983894348 2.20347690582
      vertex -6.45328140259 9.76550292969 0.952439427376
    endloop
  endfacet
  facet normal 0.428071707487 0.0603216215968 0.901729404926
    outer loop
      vertex -5.89918518066 10.0452480316 1.20212364197
      vertex -6.28315639496 9.91965579987 2.04952788353
      vertex -6.45328140259 9.76550292969 0.952439427376
    endloop
  endfacet
  facet normal -0.463329553604 0.0659338310361 0.883729875088
    outer loop
      vertex -1.73022449017 9.84833717346 3.45929169655
      vertex -2.46657776833 10.1177806854 1.89622163773
      vertex -1.59062242508 9.61004066467 1.24634575844
    endloop
  endfacet
  facet normal -0.620374143124 0.078572332859 0.780360341072
    outer loop
      vertex -0.988129794598 9.11678886414 1.1045229435
      vertex -1.03829729557 9.34986209869 3.02324652672
      vertex -1.59062242508 9.61004066467 1.24634575844
    endloop
  endfacet
  facet normal -0.5612616539 0.0535291656852 0.825905561447
    outer loop
      vertex -1.59062242508 9.61004066467 1.24634575844
      vertex -1.03829729557 9.34986209869 3.02324652672
      vertex -1.73022449017 9.84833717346 3.45929169655
    endloop
  endfacet
  facet normal 0.78853058815 -0.0430236048996 -0.613488793373
    outer loop
      vertex 0.976716339588 10.8166360855 2.95085453987
      vertex 1.39568197727 10.2390556335 2.39367842674
      vertex 1.05817210674 10.5781536102 1.04315280914
    endloop
  endfacet
  facet normal 0.894256293774 0.015910666436 -0.44727230072
    outer loop
      vertex 1.87893688679 9.31983661652 1.07302248478
      vertex 1.39568197727 10.2390556335 2.39367842674
      vertex 1.60147929192 9.8047914505 3.03469920158
    endloop
  endfacet
  facet normal -0.779900968075 -0.21474608779 -0.587910413742
    outer loop
      vertex -10.2838335037 10.3349752426 0.726011574268
      vertex -10.7366714478 10.1929721832 1.98183584213
      vertex -10.5077180862 10.7997169495 2.81142306328
    endloop
  endfacet
  facet normal -0.788423657417 -0.21322825551 -0.576993823051
    outer loop
      vertex -10.5077180862 10.7997169495 2.81142306328
      vertex -10.0221481323 11.306807518 2.38818335533
      vertex -10.2838335037 10.3349752426 0.726011574268
    endloop
  endfacet
  facet normal 0.386823803186 0.038725104183 0.921340167522
    outer loop
      vertex -5.89918518066 10.0452480316 1.20212364197
      vertex -5.6380572319 10.1773538589 1.73676609993
      vertex -6.28315639496 9.91965579987 2.04952788353
    endloop
  endfacet
  facet normal 0.150119319558 0.107028864324 0.982857584953
    outer loop
      vertex -5.6380572319 10.1773538589 1.73676609993
      vertex -4.22180604935 10.4047384262 1.8384193182
      vertex -4.83069086075 10.364233017 2.32047867775
    endloop
  endfacet
  facet normal 0.0274921245873 -0.0491674207151 0.998412132263
    outer loop
      vertex -4.22180604935 10.4047384262 1.8384193182
      vertex -3.42306470871 10.3771495819 2.84526538849
      vertex -4.83069086075 10.364233017 2.32047867775
    endloop
  endfacet
  facet normal -0.198893845081 0.0140944207087 0.979919672012
    outer loop
      vertex -3.13246011734 10.3044195175 1.88951981068
      vertex -2.77330183983 10.2439870834 2.75624465942
      vertex -3.42306470871 10.3771495819 2.84526538849
    endloop
  endfacet
  facet normal -0.0937946662307 0.0471585094929 0.994474053383
    outer loop
      vertex -4.22180604935 10.4047384262 1.8384193182
      vertex -3.13246011734 10.3044195175 1.88951981068
      vertex -3.42306470871 10.3771495819 2.84526538849
    endloop
  endfacet
  facet normal -0.270033448935 0.0448365807533 0.961806416512
    outer loop
      vertex -3.13246011734 10.3044195175 1.88951981068
      vertex -2.46657776833 10.1177806854 1.89622163773
      vertex -2.77330183983 10.2439870834 2.75624465942
    endloop
  endfacet
  facet normal 0.752895653248 -0.0498902946711 -0.656246185303
    outer loop
      vertex 1.05817210674 10.5781536102 1.04315280914
      vertex 0.278489351273 11.5688962936 2.30896353722
      vertex 0.976716339588 10.8166360855 2.95085453987
    endloop
  endfacet
  facet normal -0.428260028362 -0.208363026381 -0.879305541515
    outer loop
      vertex -7.70127010345 13.0068778992 2.80069828033
      vertex -7.8190279007 12.5615282059 1.16332817078
      vertex -8.65637397766 12.3967294693 2.1889090538
    endloop
  endfacet
  facet normal -0.358229547739 -0.220961913466 -0.907109379768
    outer loop
      vertex -7.16958856583 12.7994976044 1.08736884594
      vertex -7.8190279007 12.5615282059 1.16332817078
      vertex -7.70127010345 13.0068778992 2.80069828033
    endloop
  endfacet
  facet normal 0.585234701633 -0.0951687172055 -0.805259764194
    outer loop
      vertex -0.281694889069 11.8283061981 1.05911064148
      vertex -0.522125899792 12.1998224258 2.72413778305
      vertex 0.278489351273 11.5688962936 2.30896353722
    endloop
  endfacet
  facet normal -0.274003118277 -0.173495143652 -0.94595015049
    outer loop
      vertex -6.57246589661 13.0940513611 1.49326360226
      vertex -7.70127010345 13.0068778992 2.80069828033
      vertex -6.39454746246 13.417383194 2.97517800331
    endloop
  endfacet
  facet normal -0.314267963171 -0.20959508419 -0.925907969475
    outer loop
      vertex -7.16958856583 12.7994976044 1.08736884594
      vertex -7.70127010345 13.0068778992 2.80069828033
      vertex -6.57246589661 13.0940513611 1.49326360226
    endloop
  endfacet
  facet normal -0.119568869472 -0.184514224529 -0.975529491901
    outer loop
      vertex -5.44732570648 13.1852731705 1.13419210911
      vertex -6.39454746246 13.417383194 2.97517800331
      vertex -5.46944522858 13.5161828995 2.89805102348
    endloop
  endfacet
  facet normal -0.140885949135 -0.19486810267 -0.970658302307
    outer loop
      vertex -6.57246589661 13.0940513611 1.49326360226
      vertex -6.39454746246 13.417383194 2.97517800331
      vertex -5.44732570648 13.1852731705 1.13419210911
    endloop
  endfacet
  facet normal 0.038232062012 -0.145661532879 -0.988595485687
    outer loop
      vertex -4.41865062714 13.2247438431 1.19587790966
      vertex -5.46944522858 13.5161828995 2.89805102348
      vertex -4.17752790451 13.4984426498 3.11674213409
    endloop
  endfacet
  facet normal -0.0266244374216 -0.184645935893 -0.982444405556
    outer loop
      vertex -5.44732570648 13.1852731705 1.13419210911
      vertex -5.46944522858 13.5161828995 2.89805102348
      vertex -4.41865062714 13.2247438431 1.19587790966
    endloop
  endfacet
  facet normal 0.0822854116559 -0.150700390339 -0.985148966312
    outer loop
      vertex -4.41865062714 13.2247438431 1.19587790966
      vertex -4.17752790451 13.4984426498 3.11674213409
      vertex -3.22301769257 13.2658176422 2.11721873283
    endloop
  endfacet
  facet normal -0.489807456732 0.0769247636199 0.868430316448
    outer loop
      vertex -8.7077331543 -3.4234726429 0.468093216419
      vertex -7.55729961395 -4.08847475052 0.285875022411
      vertex -7.88141345978 -3.74273061752 2.12534952164
    endloop
  endfacet
  facet normal -0.300044417381 0.119045041502 0.946467995644
    outer loop
      vertex -6.67873048782 -4.12558174133 2.20522260666
      vertex -7.55729961395 -4.08847475052 0.285875022411
      vertex -6.00448846817 -4.6029920578 0.108949303627
    endloop
  endfacet
  facet normal -0.308436155319 0.122948206961 0.943266093731
    outer loop
      vertex -7.88141345978 -3.74273061752 2.12534952164
      vertex -7.55729961395 -4.08847475052 0.285875022411
      vertex -6.67873048782 -4.12558174133 2.20522260666
    endloop
  endfacet
  facet normal -0.148426011205 0.171554610133 0.973929524422
    outer loop
      vertex -5.10079574585 -4.70913171768 0.257562667131
      vertex -5.04335641861 -4.48945999146 1.55435359478
      vertex -6.67873048782 -4.12558174133 2.20522260666
    endloop
  endfacet
  facet normal -0.143290162086 0.175723284483 0.973955452442
    outer loop
      vertex -6.00448846817 -4.6029920578 0.108949303627
      vertex -5.10079574585 -4.70913171768 0.257562667131
      vertex -6.67873048782 -4.12558174133 2.20522260666
    endloop
  endfacet
  facet normal 0.0470617040992 0.181500002742 0.982264220715
    outer loop
      vertex -5.04335641861 -4.48945999146 1.55435359478
      vertex -3.46978878975 -4.41661405563 1.54057538509
      vertex -4.48325109482 -4.32466363907 2.30098676682
    endloop
  endfacet
  facet normal 0.463661700487 0.164321213961 0.870641350746
    outer loop
      vertex -0.623592972755 -3.53146362305 0.214556246996
      vertex -1.47789788246 -3.54357361794 2.5609664917
      vertex -2.07842421532 -4.17638587952 0.902558624744
    endloop
  endfacet
  facet normal -0.631076395512 -0.00831353012472 0.775676131248
    outer loop
      vertex -9.69224452972 -2.6296787262 1.13873672485
      vertex -9.67816352844 -2.6280734539 -0.0799791291356
      vertex -8.7077331543 -3.4234726429 0.468093216419
    endloop
  endfacet
  facet normal -0.619083285332 0.0203999243677 0.785060286522
    outer loop
      vertex -9.69224452972 -2.6296787262 1.13873672485
      vertex -8.7077331543 -3.4234726429 0.468093216419
      vertex -9.6201915741 -2.65357279778 2.40584993362
    endloop
  endfacet
  facet normal -0.542746067047 0.0767375603318 0.836383938789
    outer loop
      vertex -9.6201915741 -2.65357279778 2.40584993362
      vertex -8.7077331543 -3.4234726429 0.468093216419
      vertex -8.74659729004 -3.14333486557 3.24651288986
    endloop
  endfacet
  facet normal -0.495246171951 0.0802907198668 0.865034461021
    outer loop
      vertex -7.88141345978 -3.74273061752 2.12534952164
      vertex -8.74659729004 -3.14333486557 3.24651288986
      vertex -8.7077331543 -3.4234726429 0.468093216419
    endloop
  endfacet
  facet normal 0.491139024496 0.174414202571 0.853441357613
    outer loop
      vertex -1.47789788246 -3.54357361794 2.5609664917
      vertex -0.623592972755 -3.53146362305 0.214556246996
      vertex -0.569964230061 -3.10293960571 2.16038942337
    endloop
  endfacet
  facet normal 0.600986123085 0.156066223979 0.783874332905
    outer loop
      vertex -0.623592972755 -3.53146362305 0.214556246996
      vertex 0.177537575364 -2.74086523056 1.10047125816
      vertex -0.569964230061 -3.10293960571 2.16038942337
    endloop
  endfacet
  facet normal -0.756773233414 -0.00960511341691 0.653606951237
    outer loop
      vertex -10.4866056442 -1.70282614231 0.654985308647
      vertex -9.67816352844 -2.6280734539 -0.0799791291356
      vertex -9.69224452972 -2.6296787262 1.13873672485
    endloop
  endfacet
  facet normal -0.753229022026 -0.0226326920092 0.657368838787
    outer loop
      vertex -10.4866056442 -1.70282614231 0.654985308647
      vertex -9.69224452972 -2.6296787262 1.13873672485
      vertex -10.3227357864 -1.95706820488 2.58580183983
    endloop
  endfacet
  facet normal -0.700386941433 0.0263768639416 0.713275790215
    outer loop
      vertex -10.3227357864 -1.95706820488 2.58580183983
      vertex -9.69224452972 -2.6296787262 1.13873672485
      vertex -9.6201915741 -2.65357279778 2.40584993362
    endloop
  endfacet
  facet normal 0.202444419265 -0.211889430881 -0.9560957551
    outer loop
      vertex -5.68897438049 -0.806467056274 -0.107680395246
      vertex -5.46674776077 -0.57565420866 1.14612329006
      vertex -4.55236673355 -0.951277434826 0.324844002724
    endloop
  endfacet
  facet normal -0.140313953161 -0.427066475153 -0.893267154694
    outer loop
      vertex -4.55236673355 -0.951277434826 0.324844002724
      vertex -3.61808133125 -0.805762529373 0.322245806456
      vertex -3.90962910652 -1.02121806145 -0.0326197482646
    endloop
  endfacet
  facet normal -0.492445856333 -0.341210186481 -0.800670146942
    outer loop
      vertex -3.61808133125 -0.805762529373 0.322245806456
      vertex -3.46392679214 -0.530108451843 0.74660384655
      vertex -3.04856324196 -0.791104316711 -0.46530520916
    endloop
  endfacet
  facet normal -0.640536785126 -0.365035355091 -0.675619602203
    outer loop
      vertex -2.92805314064 -0.482596427202 -0.105770587921
      vertex -3.04856324196 -0.791104316711 -0.46530520916
      vertex -3.46392679214 -0.530108451843 0.74660384655
    endloop
  endfacet
  facet normal 0.73883420229 0.124866120517 0.662217795849
    outer loop
      vertex 0.703878998756 -2.31634354591 0.237521722913
      vertex 0.676683187485 -2.07086586952 1.70031142235
      vertex 0.177537575364 -2.74086523056 1.10047125816
    endloop
  endfacet
  facet normal 0.810964465141 0.10385260731 0.575804829597
    outer loop
      vertex 0.703878998756 -2.31634354591 0.237521722913
      vertex 1.2295037508 -1.59443128109 0.13562245667
      vertex 1.32369506359 -1.22792363167 1.43218135834
    endloop
  endfacet
  facet normal 0.805199146271 0.112672142684 0.582202076912
    outer loop
      vertex 0.703878998756 -2.31634354591 0.237521722913
      vertex 1.32369506359 -1.22792363167 1.43218135834
      vertex 0.676683187485 -2.07086586952 1.70031142235
    endloop
  endfacet
  facet normal -0.883627414703 -0.068069703877 0.463216006756
    outer loop
      vertex -10.7412929535 -1.21266198158 -0.116799712181
      vertex -11.2352619171 -0.66767334938 2.58685112
      vertex -11.1647691727 -0.429509788752 0.0510586313903
    endloop
  endfacet
  facet normal -0.851563751698 -0.0503978207707 0.521823048592
    outer loop
      vertex -10.4866056442 -1.70282614231 0.654985308647
      vertex -11.2352619171 -0.66767334938 2.58685112
      vertex -10.7412929535 -1.21266198158 -0.116799712181
    endloop
  endfacet
  facet normal -0.841702997684 -0.0375696308911 0.538632154465
    outer loop
      vertex -10.4866056442 -1.70282614231 0.654985308647
      vertex -10.7349939346 -1.44646751881 2.54443860054
      vertex -11.2352619171 -0.66767334938 2.58685112
    endloop
  endfacet
  facet normal -0.777275383472 -0.0168477948755 0.628934919834
    outer loop
      vertex -10.4866056442 -1.70282614231 0.654985308647
      vertex -10.3227357864 -1.95706820488 2.58580183983
      vertex -10.7349939346 -1.44646751881 2.54443860054
    endloop
  endfacet
  facet normal 0.405758887529 -0.234538167715 -0.883375108242
    outer loop
      vertex -6.29527282715 -0.343062698841 0.588790416718
      vertex -5.46674776077 -0.57565420866 1.14612329006
      vertex -5.68897438049 -0.806467056274 -0.107680395246
    endloop
  endfacet
  facet normal -0.0392322726548 -0.339859843254 -0.939657449722
    outer loop
      vertex -4.50099229813 -0.440751105547 1.73043620586
      vertex -4.55236673355 -0.951277434826 0.324844002724
      vertex -5.21405506134 -0.462726831436 1.7519903183
    endloop
  endfacet
  facet normal 0.168887957931 -0.24822974205 -0.953865230083
    outer loop
      vertex -4.55236673355 -0.951277434826 0.324844002724
      vertex -5.46674776077 -0.57565420866 1.14612329006
      vertex -5.21405506134 -0.462726831436 1.7519903183
    endloop
  endfacet
  facet normal -0.331776738167 -0.426168292761 -0.841608464718
    outer loop
      vertex -3.46392679214 -0.530108451843 0.74660384655
      vertex -3.61808133125 -0.805762529373 0.322245806456
      vertex -4.50099229813 -0.440751105547 1.73043620586
    endloop
  endfacet
  facet normal -0.146014720201 -0.333011746407 -0.931548655033
    outer loop
      vertex -3.61808133125 -0.805762529373 0.322245806456
      vertex -4.55236673355 -0.951277434826 0.324844002724
      vertex -4.50099229813 -0.440751105547 1.73043620586
    endloop
  endfacet
  facet normal -0.85772138834 -0.33919107914 -0.386346310377
    outer loop
      vertex -3.12502837181 -0.0452941060066 0.890422999859
      vertex -2.77536702156 -0.0776378363371 -0.0306147299707
      vertex -2.92805314064 -0.482596427202 -0.105770587921
    endloop
  endfacet
  facet normal -0.746119320393 -0.385750830173 -0.542680621147
    outer loop
      vertex -3.34066534042 -0.246841073036 1.02396833897
      vertex -3.12502837181 -0.0452941060066 0.890422999859
      vertex -2.92805314064 -0.482596427202 -0.105770587921
    endloop
  endfacet
  facet normal -0.656362295151 -0.376191735268 -0.653963506222
    outer loop
      vertex -3.34066534042 -0.246841073036 1.02396833897
      vertex -2.92805314064 -0.482596427202 -0.105770587921
      vertex -3.46392679214 -0.530108451843 0.74660384655
    endloop
  endfacet
  facet normal 0.848054647446 0.0861896798015 0.522852480412
    outer loop
      vertex 1.56053352356 -0.970296740532 0.664675891399
      vertex 1.32369506359 -1.22792363167 1.43218135834
      vertex 1.2295037508 -1.59443128109 0.13562245667
    endloop
  endfacet
  facet normal 0.88902515173 0.126645162702 0.439994603395
    outer loop
      vertex 1.32369506359 -1.22792363167 1.43218135834
      vertex 1.56053352356 -0.970296740532 0.664675891399
      vertex 1.62764966488 -0.362851798534 2.30393767357
    endloop
  endfacet
  facet normal -0.917906999588 -0.0623218491673 0.39187079668
    outer loop
      vertex -11.1647691727 -0.429509788752 0.0510586313903
      vertex -11.2352619171 -0.66767334938 2.58685112
      vertex -11.644411087 0.581035196781 0.761304736137
    endloop
  endfacet
  facet normal 0.906380653381 0.0515299923718 -0.419307470322
    outer loop
      vertex -7.18700408936 0.402508944273 -0.178705751896
      vertex -7.42836236954 0.926419079304 -0.196495175362
      vertex -7.56931972504 1.02361035347 1.49199008942
    endloop
  endfacet
  facet normal 0.777213096619 -0.0551713220775 -0.626814126968
    outer loop
      vertex -6.89563083649 0.113509692252 0.642557919025
      vertex -7.18700408936 0.402508944273 -0.178705751896
      vertex -7.56931972504 1.02361035347 1.49199008942
    endloop
  endfacet
  facet normal 0.790608346462 -0.0283185001463 -0.611666977406
    outer loop
      vertex -6.89563083649 0.113509692252 0.642557919025
      vertex -7.56931972504 1.02361035347 1.49199008942
      vertex -7.02261066437 0.362122327089 2.46740555763
    endloop
  endfacet
  facet normal 0.512341439724 -0.120798394084 -0.850243508816
    outer loop
      vertex -6.33768510818 -0.0290563181043 2.61905193329
      vertex -6.29527282715 -0.343062698841 0.588790416718
      vertex -7.02261066437 0.362122327089 2.46740555763
    endloop
  endfacet
  facet normal 0.600183606148 -0.0668272227049 -0.797065734863
    outer loop
      vertex -6.29527282715 -0.343062698841 0.588790416718
      vertex -6.89563083649 0.113509692252 0.642557919025
      vertex -7.02261066437 0.362122327089 2.46740555763
    endloop
  endfacet
  facet normal 0.351465165615 -0.135919436812 -0.926281869411
    outer loop
      vertex -6.29527282715 -0.343062698841 0.588790416718
      vertex -6.33768510818 -0.0290563181043 2.61905193329
      vertex -5.46674776077 -0.57565420866 1.14612329006
    endloop
  endfacet
  facet normal -0.917811095715 -0.354699522257 -0.178356558084
    outer loop
      vertex -3.1547729969 0.601970553398 1.29285943508
      vertex -2.77536702156 -0.0776378363371 -0.0306147299707
      vertex -3.12502837181 -0.0452941060066 0.890422999859
    endloop
  endfacet
  facet normal -0.954328417778 -0.295651763678 -0.0429799035192
    outer loop
      vertex -2.91588902473 0.629029273987 0.525704205036
      vertex -2.77536702156 -0.0776378363371 -0.0306147299707
      vertex -3.1547729969 0.601970553398 1.29285943508
    endloop
  endfacet
  facet normal 0.923713564873 0.0992855355144 0.369994133711
    outer loop
      vertex 2.20617723465 0.93532371521 1.75928163528
      vertex 1.62764966488 -0.362851798534 2.30393767357
      vertex 1.56053352356 -0.970296740532 0.664675891399
    endloop
  endfacet
  facet normal 0.924831926823 0.0954925045371 0.368194311857
    outer loop
      vertex 2.18764209747 0.48619812727 0.207081019878
      vertex 2.20617723465 0.93532371521 1.75928163528
      vertex 1.56053352356 -0.970296740532 0.664675891399
    endloop
  endfacet
  facet normal 0.967383027077 0.0666914954782 -0.244381606579
    outer loop
      vertex -7.42836236954 0.926419079304 -0.196495175362
      vertex -7.70294475555 1.56689381599 1.43948483467
      vertex -7.56931972504 1.02361035347 1.49199008942
    endloop
  endfacet
  facet normal -0.991379737854 -0.0973220542073 0.087719142437
    outer loop
      vertex -12.1346130371 3.99236607552 1.34873950481
      vertex -11.7976160049 2.43371725082 -0.679253697395
      vertex -11.96347332 1.58415234089 1.77600383759
    endloop
  endfacet
  facet normal -0.865309774876 -0.202833771706 0.458363890648
    outer loop
      vertex -3.41765618324 1.253002882 1.83727097511
      vertex -3.65006184578 1.75167143345 1.70184659958
      vertex -3.21435308456 1.31872177124 0.821447253227
    endloop
  endfacet
  facet normal -0.781748592854 -0.0829503312707 0.618052065372
    outer loop
      vertex -3.65006184578 1.75167143345 1.70184659958
      vertex -3.54168868065 1.74582397938 0.724073052406
      vertex -3.21435308456 1.31872177124 0.821447253227
    endloop
  endfacet
  facet normal -0.927099049091 -0.207138985395 0.312379330397
    outer loop
      vertex -2.92214250565 0.915750145912 0.121298514307
      vertex -2.91588902473 0.629029273987 0.525704205036
      vertex -3.21435308456 1.31872177124 0.821447253227
    endloop
  endfacet
  facet normal -0.927189350128 -0.205812945962 0.312987029552
    outer loop
      vertex -3.21435308456 1.31872177124 0.821447253227
      vertex -2.91588902473 0.629029273987 0.525704205036
      vertex -3.41765618324 1.253002882 1.83727097511
    endloop
  endfacet
  facet normal 0.971161603928 0.0554952211678 0.231873705983
    outer loop
      vertex 2.20617723465 0.93532371521 1.75928163528
      vertex 2.18764209747 0.48619812727 0.207081019878
      vertex 2.57773280144 2.41566252708 1.44234025478
    endloop
  endfacet
  facet normal 0.976862668991 0.0235396176577 0.212568074465
    outer loop
      vertex 2.57773280144 2.41566252708 1.44234025478
      vertex 2.18764209747 0.48619812727 0.207081019878
      vertex 2.66338467598 2.56040072441 -0.805082440376
    endloop
  endfacet
  facet normal 0.987588405609 0.0276812706143 0.154605716467
    outer loop
      vertex 2.66338467598 2.56040072441 -0.805082440376
      vertex 2.70758366585 3.21469569206 1.27239787579
      vertex 2.57773280144 2.41566252708 1.44234025478
    endloop
  endfacet
  facet normal 0.797357857227 0.183851256967 0.574820935726
    outer loop
      vertex -7.47952270508 2.27732896805 1.60830378532
      vertex -7.58582019806 1.98734784126 1.16267180443
      vertex -7.35833120346 2.03965425491 0.339597404003
    endloop
  endfacet
  facet normal 0.600273311138 0.202298745513 0.773787558079
    outer loop
      vertex -7.35833120346 2.03965425491 0.339597404003
      vertex -6.95852947235 2.48217010498 0.84589278698
      vertex -7.47952270508 2.27732896805 1.60830378532
    endloop
  endfacet
  facet normal -0.20739582181 0.105599351227 0.972540855408
    outer loop
      vertex -4.97856044769 2.55883002281 0.605449140072
      vertex -5.01829433441 2.75610589981 2.34426760674
      vertex -5.63755369186 2.78226542473 1.36897230148
    endloop
  endfacet
  facet normal -0.463799893856 0.0894019007683 0.881417572498
    outer loop
      vertex -4.97856044769 2.55883002281 0.605449140072
      vertex -4.19089317322 2.24816513062 1.62885594368
      vertex -5.01829433441 2.75610589981 2.34426760674
    endloop
  endfacet
  facet normal -0.669490635395 -0.0697815045714 0.739535570145
    outer loop
      vertex -3.54168868065 1.74582397938 0.724073052406
      vertex -3.65006184578 1.75167143345 1.70184659958
      vertex -4.19089317322 2.24816513062 1.62885594368
    endloop
  endfacet
  facet normal 0.824546694756 0.0443241782486 -0.564055085182
    outer loop
      vertex -8.64917087555 6.56090736389 0.69384509325
      vertex -8.59432029724 6.45741319656 0.990508437157
      vertex -8.50263118744 6.3604092598 0.519289970398
    endloop
  endfacet
  facet normal 0.755912840366 0.0123392017558 -0.654555976391
    outer loop
      vertex -8.59432029724 6.45741319656 0.990508437157
      vertex -8.34590435028 6.17394351959 0.809454619884
      vertex -8.50263118744 6.3604092598 0.519289970398
    endloop
  endfacet
  facet normal 0.675240755081 0.104496091604 -0.730157852173
    outer loop
      vertex -8.50263118744 6.3604092598 0.519289970398
      vertex -8.34590435028 6.17394351959 0.809454619884
      vertex -8.24904823303 6.17514419556 0.175193428993
    endloop
  endfacet
  facet normal -0.265123546124 -0.133408054709 -0.954940736294
    outer loop
      vertex -2.56271338463 5.18039751053 1.4517301321
      vertex -1.27460539341 5.57484102249 1.71530139446
      vertex -1.367654562 5.30202007294 -0.0526462905109
    endloop
  endfacet
  facet normal -0.537542819977 -0.12431140244 -0.83402299881
    outer loop
      vertex -1.27460539341 5.57484102249 1.71530139446
      vertex -0.634990096092 5.98951482773 1.73160433769
      vertex -0.723339080811 5.66027641296 -0.0952669903636
    endloop
  endfacet
  facet normal -0.488562613726 -0.107897348702 -0.865831851959
    outer loop
      vertex -1.367654562 5.30202007294 -0.0526462905109
      vertex -1.27460539341 5.57484102249 1.71530139446
      vertex -0.723339080811 5.66027641296 -0.0952669903636
    endloop
  endfacet
  facet normal -0.712201297283 -0.0909996777773 -0.696052014828
    outer loop
      vertex -0.723339080811 5.66027641296 -0.0952669903636
      vertex -0.634990096092 5.98951482773 1.73160433769
      vertex -0.254111051559 6.25234699249 0.761076807976
    endloop
  endfacet
  facet normal -0.741879701614 -0.112114004791 -0.661093771458
    outer loop
      vertex -0.254111051559 6.25234699249 0.761076807976
      vertex -0.634990096092 5.98951482773 1.73160433769
      vertex -0.281549781561 6.38018226624 1.69644188881
    endloop
  endfacet
  facet normal 0.997387349606 0.0704188197851 -0.016114404425
    outer loop
      vertex 2.83189463615 5.27721595764 0.365101784468
      vertex 2.73574662209 5.86995840073 1.59126770496
      vertex 2.81532883644 4.23754119873 0.837650001049
    endloop
  endfacet
  facet normal -0.973840296268 -0.151457831264 -0.169397741556
    outer loop
      vertex -11.7077465057 7.35796689987 1.07686030865
      vertex -11.7374820709 6.28222131729 0.0648896470666
      vertex -12.0203380585 5.99853467941 1.56630003452
    endloop
  endfacet
  facet normal 0.970145523548 0.0159171149135 -0.242000639439
    outer loop
      vertex -8.64917087555 6.56090736389 0.69384509325
      vertex -8.72323799133 6.84477615356 0.892361700535
      vertex -8.67310333252 6.63354158401 1.04820144176
    endloop
  endfacet
  facet normal 0.909689068794 -0.0235491860658 -0.414621859789
    outer loop
      vertex -8.59432029724 6.45741319656 0.990508437157
      vertex -8.64917087555 6.56090736389 0.69384509325
      vertex -8.67310333252 6.63354158401 1.04820144176
    endloop
  endfacet
  facet normal 0.719018816948 -0.0920105427504 -0.688872992992
    outer loop
      vertex -8.28188514709 6.18674707413 1.40558862686
      vertex -8.34590435028 6.17394351959 0.809454619884
      vertex -8.59432029724 6.45741319656 0.990508437157
    endloop
  endfacet
  facet normal 0.471009612083 -0.123844943941 -0.873391330242
    outer loop
      vertex -7.88812160492 5.860476017 0.602199435234
      vertex -8.28188514709 6.18674707413 1.40558862686
      vertex -7.38050270081 5.76320457458 1.84679734707
    endloop
  endfacet
  facet normal 0.539713084698 -0.0759667158127 -0.838414490223
    outer loop
      vertex -8.34590435028 6.17394351959 0.809454619884
      vertex -8.28188514709 6.18674707413 1.40558862686
      vertex -7.88812160492 5.860476017 0.602199435234
    endloop
  endfacet
  facet normal 0.308045387268 -0.0513927862048 -0.949982523918
    outer loop
      vertex -7.88812160492 5.860476017 0.602199435234
      vertex -7.38050270081 5.76320457458 1.84679734707
      vertex -6.21575641632 5.41347122192 2.36349129677
    endloop
  endfacet
  facet normal -0.916915774345 -0.0803233906627 -0.390913873911
    outer loop
      vertex -0.0739423111081 6.74794816971 1.11636435986
      vertex -0.254111051559 6.25234699249 0.761076807976
      vertex -0.281549781561 6.38018226624 1.69644188881
    endloop
  endfacet
  facet normal -0.908435702324 -0.104078553617 -0.40486073494
    outer loop
      vertex -0.145675256848 6.40696620941 0.416071474552
      vertex -0.254111051559 6.25234699249 0.761076807976
      vertex -0.0739423111081 6.74794816971 1.11636435986
    endloop
  endfacet
  facet normal 0.994372546673 0.0286709908396 -0.101986281574
    outer loop
      vertex 2.65056085587 6.93922376633 0.742184579372
      vertex 2.73574662209 5.86995840073 1.59126770496
      vertex 2.83189463615 5.27721595764 0.365101784468
    endloop
  endfacet
  facet normal 0.981950759888 -0.0916293486953 -0.165459409356
    outer loop
      vertex -8.70072841644 6.87816095352 1.19387614727
      vertex -8.67310333252 6.63354158401 1.04820144176
      vertex -8.72323799133 6.84477615356 0.892361700535
    endloop
  endfacet
  facet normal -0.998928368092 0.00813822820783 -0.0455612763762
    outer loop
      vertex -0.0599024146795 7.17720413208 0.436537712812
      vertex -0.0739423111081 6.74794816971 1.11636435986
      vertex -0.0343323871493 7.43645763397 2.12372326851
    endloop
  endfacet
  facet normal -0.999162733555 0.00500394310802 -0.0406050682068
    outer loop
      vertex -0.0837930068374 6.61400985718 0.236286595464
      vertex -0.0739423111081 6.74794816971 1.11636435986
      vertex -0.0599024146795 7.17720413208 0.436537712812
    endloop
  endfacet
  facet normal -0.964387595654 -0.0292124319822 -0.262874901295
    outer loop
      vertex -0.0837930068374 6.61400985718 0.236286595464
      vertex -0.145675256848 6.40696620941 0.416071474552
      vertex -0.0739423111081 6.74794816971 1.11636435986
    endloop
  endfacet
  facet normal -0.957945346832 0.000730086583644 -0.286949783564
    outer loop
      vertex -0.0837930068374 6.61400985718 0.236286595464
      vertex -0.154617130756 6.37799215317 0.0713276639581
      vertex -0.145675256848 6.40696620941 0.416071474552
    endloop
  endfacet
  facet normal 0.990415871143 0.0583085715771 -0.12520571053
    outer loop
      vertex 2.56684947014 7.08012104034 1.86153864861
      vertex 2.73574662209 5.86995840073 1.59126770496
      vertex 2.65056085587 6.93922376633 0.742184579372
    endloop
  endfacet
  facet normal -0.948498249054 -0.120267152786 -0.293064713478
    outer loop
      vertex -11.7077465057 7.35796689987 1.07686030865
      vertex -11.3702163696 9.09662055969 2.65161752701
      vertex -11.2549285889 8.94332408905 1.36884272099
    endloop
  endfacet
  facet normal -0.929241061211 -0.209886774421 -0.304070025682
    outer loop
      vertex -11.7077465057 7.35796689987 1.07686030865
      vertex -11.2549285889 8.94332408905 1.36884272099
      vertex -11.5013647079 7.04142856598 -0.295443147421
    endloop
  endfacet
  facet normal 0.983449995518 -0.0542817637324 0.172857061028
    outer loop
      vertex -8.5913143158 7.44337463379 1.37630343437
      vertex -8.70072841644 6.87816095352 1.19387614727
      vertex -8.72323799133 6.84477615356 0.892361700535
    endloop
  endfacet
  facet normal 0.898271083832 0.0162201654166 0.43914231658
    outer loop
      vertex -8.51579380035 7.56945753098 0.607551634312
      vertex -8.25541114807 8.11124897003 0.855986118317
      vertex -8.5913143158 7.44337463379 1.37630343437
    endloop
  endfacet
  facet normal 0.954707562923 0.0455631352961 0.294036597013
    outer loop
      vertex -8.51579380035 7.56945753098 0.607551634312
      vertex -8.5913143158 7.44337463379 1.37630343437
      vertex -8.70364952087 6.97595882416 0.713707208633
    endloop
  endfacet
  facet normal 0.981205284595 -0.0321267731488 0.190273731947
    outer loop
      vertex -8.70364952087 6.97595882416 0.713707208633
      vertex -8.5913143158 7.44337463379 1.37630343437
      vertex -8.72323799133 6.84477615356 0.892361700535
    endloop
  endfacet
  facet normal -0.971438348293 0.0503545366228 0.231887817383
    outer loop
      vertex -0.188998624682 8.04064273834 1.9222420454
      vertex -0.0599024146795 7.17720413208 0.436537712812
      vertex -0.0343323871493 7.43645763397 2.12372326851
    endloop
  endfacet
  facet normal -0.949603497982 0.0916875377297 0.299744188786
    outer loop
      vertex -0.315034866333 7.77089834213 -0.26495680213
      vertex -0.0599024146795 7.17720413208 0.436537712812
      vertex -0.188998624682 8.04064273834 1.9222420454
    endloop
  endfacet
  facet normal 0.966030955315 -0.0207064598799 -0.257595390081
    outer loop
      vertex 2.31235408783 8.16724777222 0.240654677153
      vertex 2.39631009102 7.96149349213 1.59785413742
      vertex 2.65056085587 6.93922376633 0.742184579372
    endloop
  endfacet
  facet normal 0.977932751179 0.0475271008909 -0.203442037106
    outer loop
      vertex 2.39631009102 7.96149349213 1.59785413742
      vertex 2.56684947014 7.08012104034 1.86153864861
      vertex 2.65056085587 6.93922376633 0.742184579372
    endloop
  endfacet
  facet normal 0.881526112556 -0.0352480970323 0.470817655325
    outer loop
      vertex -8.07478618622 8.4117231369 1.35976040363
      vertex -8.5913143158 7.44337463379 1.37630343437
      vertex -8.25541114807 8.11124897003 0.855986118317
    endloop
  endfacet
  facet normal 0.708616137505 0.0638739615679 0.70269715786
    outer loop
      vertex -7.73539972305 8.6650094986 0.31893196702
      vertex -7.15255880356 9.32447814941 1.10793542862
      vertex -7.45709180832 9.09631729126 1.97634661198
    endloop
  endfacet
  facet normal 0.712486863136 0.0622409470379 0.698919534683
    outer loop
      vertex -7.73539972305 8.6650094986 0.31893196702
      vertex -7.45709180832 9.09631729126 1.97634661198
      vertex -8.07478618622 8.4117231369 1.35976040363
    endloop
  endfacet
  facet normal 0.771313667297 0.0984891802073 0.628788590431
    outer loop
      vertex -7.73539972305 8.6650094986 0.31893196702
      vertex -8.07478618622 8.4117231369 1.35976040363
      vertex -8.25541114807 8.11124897003 0.855986118317
    endloop
  endfacet
  facet normal 0.642190933228 0.15335534513 0.75104790926
    outer loop
      vertex -6.91908836365 9.35329818726 0.27139672637
      vertex -7.15255880356 9.32447814941 1.10793542862
      vertex -7.73539972305 8.6650094986 0.31893196702
    endloop
  endfacet
  facet normal -0.745542049408 0.0683228299022 0.662947237492
    outer loop
      vertex -0.509373366833 8.72580623627 2.53496861458
      vertex -0.988129794598 9.11678886414 1.1045229435
      vertex -0.608301818371 8.68166637421 1.02716052532
    endloop
  endfacet
  facet normal -0.893209934235 0.105379894376 0.437116801739
    outer loop
      vertex -0.315034866333 7.77089834213 -0.26495680213
      vertex -0.188998624682 8.04064273834 1.9222420454
      vertex -0.608301818371 8.68166637421 1.02716052532
    endloop
  endfacet
  facet normal -0.877505481243 0.07145601511 0.474213242531
    outer loop
      vertex -0.608301818371 8.68166637421 1.02716052532
      vertex -0.188998624682 8.04064273834 1.9222420454
      vertex -0.509373366833 8.72580623627 2.53496861458
    endloop
  endfacet
  facet normal 0.955890476704 -0.0146575914696 -0.293357282877
    outer loop
      vertex 2.18666005135 8.62648677826 1.23477840424
      vertex 2.39631009102 7.96149349213 1.59785413742
      vertex 2.31235408783 8.16724777222 0.240654677153
    endloop
  endfacet
  facet normal -0.852618575096 -0.232813090086 -0.467803031206
    outer loop
      vertex -10.7366714478 10.1929721832 1.98183584213
      vertex -10.7134361267 9.1498003006 -0.199355199933
      vertex -11.2549285889 8.94332408905 1.36884272099
    endloop
  endfacet
  facet normal -0.834364116192 -0.245031401515 -0.493757128716
    outer loop
      vertex -10.2838335037 10.3349752426 0.726011574268
      vertex -10.7134361267 9.1498003006 -0.199355199933
      vertex -10.7366714478 10.1929721832 1.98183584213
    endloop
  endfacet
  facet normal 0.5489833951 0.124743521214 0.8264721632
    outer loop
      vertex -6.91908836365 9.35329818726 0.27139672637
      vertex -6.45328140259 9.76550292969 0.952439427376
      vertex -7.15255880356 9.32447814941 1.10793542862
    endloop
  endfacet
  facet normal -0.436598390341 0.109209574759 0.89300340414
    outer loop
      vertex -2.46657776833 10.1177806854 1.89622163773
      vertex -2.37781834602 9.92157840729 0.646722316742
      vertex -1.59062242508 9.61004066467 1.24634575844
    endloop
  endfacet
  facet normal -0.308152914047 0.126173958182 0.942932605743
    outer loop
      vertex -2.46657776833 10.1177806854 1.89622163773
      vertex -3.11155843735 10.2004318237 0.938671171665
      vertex -2.37781834602 9.92157840729 0.646722316742
    endloop
  endfacet
  facet normal 0.824146389961 -0.0646839290857 -0.562671065331
    outer loop
      vertex 1.39568197727 10.2390556335 2.39367842674
      vertex 1.48028600216 9.90858078003 0.596899330616
      vertex 1.05817210674 10.5781536102 1.04315280914
    endloop
  endfacet
  facet normal 0.8475279212 -0.0571445412934 -0.527665555477
    outer loop
      vertex 1.48028600216 9.90858078003 0.596899330616
      vertex 1.39568197727 10.2390556335 2.39367842674
      vertex 1.87893688679 9.31983661652 1.07302248478
    endloop
  endfacet
  facet normal -0.69034922123 -0.271341979504 -0.670664966106
    outer loop
      vertex -9.74609279633 10.5988826752 -0.0639072358608
      vertex -10.0221481323 11.306807518 2.38818335533
      vertex -9.38472366333 11.8426876068 2.09095954895
    endloop
  endfacet
  facet normal -0.711814641953 -0.267615228891 -0.649385929108
    outer loop
      vertex -9.74609279633 10.5988826752 -0.0639072358608
      vertex -10.2838335037 10.3349752426 0.726011574268
      vertex -10.0221481323 11.306807518 2.38818335533
    endloop
  endfacet
  facet normal -0.644759953022 -0.298139035702 -0.703844964504
    outer loop
      vertex -8.68213558197 11.7242517471 0.291928321123
      vertex -9.74609279633 10.5988826752 -0.0639072358608
      vertex -9.38472366333 11.8426876068 2.09095954895
    endloop
  endfacet
  facet normal 0.255703747272 0.112368777394 0.960202515125
    outer loop
      vertex -5.6380572319 10.1773538589 1.73676609993
      vertex -5.89918518066 10.0452480316 1.20212364197
      vertex -5.28340625763 10.1421670914 0.629054069519
    endloop
  endfacet
  facet normal 0.151711151004 0.0884369909763 0.98446059227
    outer loop
      vertex -4.19781923294 10.3444662094 1.12632954121
      vertex -4.22180604935 10.4047384262 1.8384193182
      vertex -5.6380572319 10.1773538589 1.73676609993
    endloop
  endfacet
  facet normal 0.147713333368 0.0786103233695 0.985901176929
    outer loop
      vertex -5.28340625763 10.1421670914 0.629054069519
      vertex -4.19781923294 10.3444662094 1.12632954121
      vertex -5.6380572319 10.1773538589 1.73676609993
    endloop
  endfacet
  facet normal -0.0951602607965 0.0807745009661 0.992179393768
    outer loop
      vertex -3.13246011734 10.3044195175 1.88951981068
      vertex -4.22180604935 10.4047384262 1.8384193182
      vertex -4.19781923294 10.3444662094 1.12632954121
    endloop
  endfacet
  facet normal -0.112766318023 0.10557076335 0.987997233868
    outer loop
      vertex -3.11155843735 10.2004318237 0.938671171665
      vertex -3.13246011734 10.3044195175 1.88951981068
      vertex -4.19781923294 10.3444662094 1.12632954121
    endloop
  endfacet
  facet normal -0.269487202168 0.0988362506032 0.957918584347
    outer loop
      vertex -3.11155843735 10.2004318237 0.938671171665
      vertex -2.46657776833 10.1177806854 1.89622163773
      vertex -3.13246011734 10.3044195175 1.88951981068
    endloop
  endfacet
  facet normal 0.649657607079 -0.135932549834 -0.74797552824
    outer loop
      vertex 0.278489351273 11.5688962936 2.30896353722
      vertex 0.587195158005 10.9885911942 0.591194272041
      vertex -0.281694889069 11.8283061981 1.05911064148
    endloop
  endfacet
  facet normal 0.709852397442 -0.107585020363 -0.696085512638
    outer loop
      vertex 0.587195158005 10.9885911942 0.591194272041
      vertex 0.278489351273 11.5688962936 2.30896353722
      vertex 1.05817210674 10.5781536102 1.04315280914
    endloop
  endfacet
  facet normal -0.559641718864 -0.270139247179 -0.783470451832
    outer loop
      vertex -8.68213558197 11.7242517471 0.291928321123
      vertex -9.38472366333 11.8426876068 2.09095954895
      vertex -8.65637397766 12.3967294693 2.1889090538
    endloop
  endfacet
  facet normal -0.505937516689 -0.282094627619 -0.815137922764
    outer loop
      vertex -8.68213558197 11.7242517471 0.291928321123
      vertex -8.65637397766 12.3967294693 2.1889090538
      vertex -7.8190279007 12.5615282059 1.16332817078
    endloop
  endfacet
  facet normal 0.431517392397 -0.1335901618 -0.892158269882
    outer loop
      vertex -2.08876347542 12.9461965561 2.08890390396
      vertex -1.28610920906 12.6491422653 2.69778180122
      vertex -1.22758495808 12.3516874313 0.900323927402
    endloop
  endfacet
  facet normal 0.506449341774 -0.117472134531 -0.854230284691
    outer loop
      vertex -1.28610920906 12.6491422653 2.69778180122
      vertex -0.522125899792 12.1998224258 2.72413778305
      vertex -0.281694889069 11.8283061981 1.05911064148
    endloop
  endfacet
  facet normal 0.496398359537 -0.125974819064 -0.858905732632
    outer loop
      vertex -1.22758495808 12.3516874313 0.900323927402
      vertex -1.28610920906 12.6491422653 2.69778180122
      vertex -0.281694889069 11.8283061981 1.05911064148
    endloop
  endfacet
  facet normal -0.237113878131 -0.317465901375 -0.918146193027
    outer loop
      vertex -7.16958856583 12.7994976044 1.08736884594
      vertex -6.57246589661 13.0940513611 1.49326360226
      vertex -6.04418706894 12.6816921234 -0.0938951075077
    endloop
  endfacet
  facet normal -0.172099202871 -0.300977408886 -0.937973618507
    outer loop
      vertex -6.04418706894 12.6816921234 -0.0938951075077
      vertex -6.57246589661 13.0940513611 1.49326360226
      vertex -5.44732570648 13.1852731705 1.13419210911
    endloop
  endfacet
  facet normal 0.136636123061 -0.22036921978 -0.965799152851
    outer loop
      vertex -3.60458040237 12.9287052155 0.403195589781
      vertex -4.41865062714 13.2247438431 1.19587790966
      vertex -3.22301769257 13.2658176422 2.11721873283
    endloop
  endfacet
  facet normal 0.260523200035 -0.20747384429 -0.942911565304
    outer loop
      vertex -2.68085718155 12.7139072418 0.28972607851
      vertex -3.22301769257 13.2658176422 2.11721873283
      vertex -2.08876347542 12.9461965561 2.08890390396
    endloop
  endfacet
  facet normal 0.193422585726 -0.230616509914 -0.95362663269
    outer loop
      vertex -3.60458040237 12.9287052155 0.403195589781
      vertex -3.22301769257 13.2658176422 2.11721873283
      vertex -2.68085718155 12.7139072418 0.28972607851
    endloop
  endfacet
  facet normal 0.273181587458 -0.211072638631 -0.9385201931
    outer loop
      vertex -2.08876347542 12.9461965561 2.08890390396
      vertex -1.81244778633 12.5459699631 0.666945457458
      vertex -2.68085718155 12.7139072418 0.28972607851
    endloop
  endfacet
  facet normal 0.374902814627 -0.182950258255 -0.908832788467
    outer loop
      vertex -2.08876347542 12.9461965561 2.08890390396
      vertex -1.22758495808 12.3516874313 0.900323927402
      vertex -1.81244778633 12.5459699631 0.666945457458
    endloop
  endfacet
  facet normal -0.487129598856 0.0934230610728 0.86831843853
    outer loop
      vertex -8.7077331543 -3.4234726429 0.468093216419
      vertex -8.15622425079 -3.91173553467 -1.19435870647
      vertex -7.55729961395 -4.08847475052 0.285875022411
    endloop
  endfacet
  facet normal -0.292134582996 0.171957790852 0.940791130066
    outer loop
      vertex -6.27733755112 -4.71264696121 -0.954515457153
      vertex -6.00448846817 -4.6029920578 0.108949303627
      vertex -7.55729961395 -4.08847475052 0.285875022411
    endloop
  endfacet
  facet normal 0.0470619611442 0.183057233691 0.981975138187
    outer loop
      vertex -3.73007106781 -4.83982419968 -0.662738204002
      vertex -3.46978878975 -4.41661405563 1.54057538509
      vertex -5.04335641861 -4.48945999146 1.55435359478
    endloop
  endfacet
  facet normal 0.0176047626883 0.166233256459 0.985929310322
    outer loop
      vertex -5.10079574585 -4.70913171768 0.257562667131
      vertex -3.73007106781 -4.83982419968 -0.662738204002
      vertex -5.04335641861 -4.48945999146 1.55435359478
    endloop
  endfacet
  facet normal 0.245822578669 0.177267029881 0.952967822552
    outer loop
      vertex -2.49983406067 -4.53554439545 -0.443851053715
      vertex -2.07842421532 -4.17638587952 0.902558624744
      vertex -3.46978878975 -4.41661405563 1.54057538509
    endloop
  endfacet
  facet normal 0.209994792938 0.160443037748 0.964448153973
    outer loop
      vertex -3.73007106781 -4.83982419968 -0.662738204002
      vertex -2.49983406067 -4.53554439545 -0.443851053715
      vertex -3.46978878975 -4.41661405563 1.54057538509
    endloop
  endfacet
  facet normal 0.700415790081 0.0782039836049 0.709437668324
    outer loop
      vertex -0.138196706772 -3.25761413574 -0.75948369503
      vertex 0.703878998756 -2.31634354591 0.237521722913
      vertex 0.177537575364 -2.74086523056 1.10047125816
    endloop
  endfacet
  facet normal 0.638246893883 0.103591322899 0.762830078602
    outer loop
      vertex -0.138196706772 -3.25761413574 -0.75948369503
      vertex 0.177537575364 -2.74086523056 1.10047125816
      vertex -0.623592972755 -3.53146362305 0.214556246996
    endloop
  endfacet
  facet normal -0.769601941109 -0.0446741469204 0.636959254742
    outer loop
      vertex -9.98047351837 -2.1733686924 -1.35520458221
      vertex -9.67816352844 -2.6280734539 -0.0799791291356
      vertex -10.4866056442 -1.70282614231 0.654985308647
    endloop
  endfacet
  facet normal 0.223043233156 -0.27279484272 -0.935860395432
    outer loop
      vertex -4.55236673355 -0.951277434826 0.324844002724
      vertex -4.99739837646 -1.40118086338 -1.58248007298
      vertex -5.68897438049 -0.806467056274 -0.107680395246
    endloop
  endfacet
  facet normal 0.370823532343 -0.192478746176 -0.908538281918
    outer loop
      vertex -5.68897438049 -0.806467056274 -0.107680395246
      vertex -4.99739837646 -1.40118086338 -1.58248007298
      vertex -5.52063274384 -1.41326379776 -2.64756035805
    endloop
  endfacet
  facet normal -0.0606453604996 -0.295581996441 -0.953390479088
    outer loop
      vertex -4.10764980316 -1.48025178909 -1.47259008884
      vertex -4.55236673355 -0.951277434826 0.324844002724
      vertex -3.90962910652 -1.02121806145 -0.0326197482646
    endloop
  endfacet
  facet normal 0.116669438779 -0.253719866276 -0.960215866566
    outer loop
      vertex -4.99739837646 -1.40118086338 -1.58248007298
      vertex -4.55236673355 -0.951277434826 0.324844002724
      vertex -4.10764980316 -1.48025178909 -1.47259008884
    endloop
  endfacet
  facet normal -0.302620142698 -0.300533562899 -0.904489159584
    outer loop
      vertex -3.3553340435 -1.25083684921 -1.28182625771
      vertex -3.90962910652 -1.02121806145 -0.0326197482646
      vertex -3.61808133125 -0.805762529373 0.322245806456
    endloop
  endfacet
  facet normal -0.217847287655 -0.269105523825 -0.938149631023
    outer loop
      vertex -4.10764980316 -1.48025178909 -1.47259008884
      vertex -3.90962910652 -1.02121806145 -0.0326197482646
      vertex -3.3553340435 -1.25083684921 -1.28182625771
    endloop
  endfacet
  facet normal -0.44532880187 -0.306380957365 -0.841316223145
    outer loop
      vertex -3.3553340435 -1.25083684921 -1.28182625771
      vertex -3.61808133125 -0.805762529373 0.322245806456
      vertex -3.04856324196 -0.791104316711 -0.46530520916
    endloop
  endfacet
  facet normal 0.809772014618 0.02354593575 0.586272060871
    outer loop
      vertex 0.97282487154 -1.99391138554 -0.983576893806
      vertex 1.2295037508 -1.59443128109 0.13562245667
      vertex 0.703878998756 -2.31634354591 0.237521722913
    endloop
  endfacet
  facet normal 0.863738775253 -0.0183371696621 0.503606021404
    outer loop
      vertex 1.65984654427 -0.830322444439 -0.579103827477
      vertex 1.2295037508 -1.59443128109 0.13562245667
      vertex 0.97282487154 -1.99391138554 -0.983576893806
    endloop
  endfacet
  facet normal -0.828439295292 -0.078788138926 0.554509460926
    outer loop
      vertex -10.7412929535 -1.21266198158 -0.116799712181
      vertex -9.98047351837 -2.1733686924 -1.35520458221
      vertex -10.4866056442 -1.70282614231 0.654985308647
    endloop
  endfacet
  facet normal 0.784367978573 -0.0610637888312 -0.617282867432
    outer loop
      vertex -7.18700408936 0.402508944273 -0.178705751896
      vertex -6.89563083649 0.113509692252 0.642557919025
      vertex -6.81866598129 -0.12019174546 -0.731266260147
    endloop
  endfacet
  facet normal 0.591187357903 -0.141481816769 -0.794027984142
    outer loop
      vertex -6.89563083649 0.113509692252 0.642557919025
      vertex -6.29527282715 -0.343062698841 0.588790416718
      vertex -6.3778629303 -0.630640745163 -1.3702685833
    endloop
  endfacet
  facet normal 0.701930224895 -0.0810493007302 -0.707619249821
    outer loop
      vertex -6.81866598129 -0.12019174546 -0.731266260147
      vertex -6.89563083649 0.113509692252 0.642557919025
      vertex -6.3778629303 -0.630640745163 -1.3702685833
    endloop
  endfacet
  facet normal 0.518427073956 -0.166045591235 -0.838845789433
    outer loop
      vertex -5.52063274384 -1.41326379776 -2.64756035805
      vertex -6.3778629303 -0.630640745163 -1.3702685833
      vertex -5.68897438049 -0.806467056274 -0.107680395246
    endloop
  endfacet
  facet normal 0.48864993453 -0.146848186851 -0.860033035278
    outer loop
      vertex -6.3778629303 -0.630640745163 -1.3702685833
      vertex -6.29527282715 -0.343062698841 0.588790416718
      vertex -5.68897438049 -0.806467056274 -0.107680395246
    endloop
  endfacet
  facet normal -0.78449767828 -0.230905875564 -0.575539648533
    outer loop
      vertex -2.70063829422 -0.742199659348 -1.52547633648
      vertex -3.04856324196 -0.791104316711 -0.46530520916
      vertex -2.92805314064 -0.482596427202 -0.105770587921
    endloop
  endfacet
  facet normal -0.900373458862 -0.213548853993 -0.379110097885
    outer loop
      vertex -2.92805314064 -0.482596427202 -0.105770587921
      vertex -2.77536702156 -0.0776378363371 -0.0306147299707
      vertex -2.70063829422 -0.742199659348 -1.52547633648
    endloop
  endfacet
  facet normal 0.921456992626 0.0299873519689 0.387321293354
    outer loop
      vertex 1.56053352356 -0.970296740532 0.664675891399
      vertex 1.65984654427 -0.830322444439 -0.579103827477
      vertex 2.18764209747 0.48619812727 0.207081019878
    endloop
  endfacet
  facet normal 0.877586483955 0.0161504633725 0.479146242142
    outer loop
      vertex 1.56053352356 -0.970296740532 0.664675891399
      vertex 1.2295037508 -1.59443128109 0.13562245667
      vertex 1.65984654427 -0.830322444439 -0.579103827477
    endloop
  endfacet
  facet normal -0.929155290127 -0.141578108072 0.341505587101
    outer loop
      vertex -11.644411087 0.581035196781 0.761304736137
      vertex -11.2737779617 0.385025918484 -1.19830405712
      vertex -11.1647691727 -0.429509788752 0.0510586313903
    endloop
  endfacet
  facet normal -0.9849152565 -0.157359018922 0.0719723701477
    outer loop
      vertex -2.61633467674 0.338396191597 -1.21628749371
      vertex -2.77536702156 -0.0776378363371 -0.0306147299707
      vertex -2.91588902473 0.629029273987 0.525704205036
    endloop
  endfacet
  facet normal -0.97518992424 -0.128297805786 0.180400297046
    outer loop
      vertex -11.7976160049 2.43371725082 -0.679253697395
      vertex -11.644411087 0.581035196781 0.761304736137
      vertex -11.96347332 1.58415234089 1.77600383759
    endloop
  endfacet
  facet normal -0.97606086731 -0.125054880977 0.177950784564
    outer loop
      vertex -11.5341434479 1.20588839054 -0.988492548466
      vertex -11.644411087 0.581035196781 0.761304736137
      vertex -11.7976160049 2.43371725082 -0.679253697395
    endloop
  endfacet
  facet normal -0.952504456043 -0.153867512941 0.26279270649
    outer loop
      vertex -11.5341434479 1.20588839054 -0.988492548466
      vertex -11.2737779617 0.385025918484 -1.19830405712
      vertex -11.644411087 0.581035196781 0.761304736137
    endloop
  endfacet
  facet normal 0.990054309368 0.13371026516 0.0437501147389
    outer loop
      vertex -7.66572380066 1.77852725983 1.23312926292
      vertex -7.70294475555 1.56689381599 1.43948483467
      vertex -7.54495096207 1.45745539665 0.233814328909
    endloop
  endfacet
  facet normal 0.985636949539 0.118212938309 -0.120604909956
    outer loop
      vertex -7.54495096207 1.45745539665 0.233814328909
      vertex -7.70294475555 1.56689381599 1.43948483467
      vertex -7.42836236954 0.926419079304 -0.196495175362
    endloop
  endfacet
  facet normal -0.969294369221 -0.132074087858 0.207424283028
    outer loop
      vertex -2.61633467674 0.338396191597 -1.21628749371
      vertex -2.91588902473 0.629029273987 0.525704205036
      vertex -2.92214250565 0.915750145912 0.121298514307
    endloop
  endfacet
  facet normal -0.921296238899 -0.0438560210168 0.386380463839
    outer loop
      vertex -2.91518974304 0.993791401386 -0.712318897247
      vertex -2.61633467674 0.338396191597 -1.21628749371
      vertex -2.92214250565 0.915750145912 0.121298514307
    endloop
  endfacet
  facet normal -0.842069387436 -0.0572326034307 0.53632414341
    outer loop
      vertex -2.91518974304 0.993791401386 -0.712318897247
      vertex -2.92214250565 0.915750145912 0.121298514307
      vertex -3.20410585403 1.40103125572 -0.277691185474
    endloop
  endfacet
  facet normal 0.968438446522 0.174290582538 0.178184598684
    outer loop
      vertex -7.54495096207 1.45745539665 0.233814328909
      vertex -7.45073795319 1.72380125523 -0.0173797812313
      vertex -7.66572380066 1.77852725983 1.23312926292
    endloop
  endfacet
  facet normal 0.937857866287 0.174365609884 0.300032049417
    outer loop
      vertex -7.66572380066 1.77852725983 1.23312926292
      vertex -7.45073795319 1.72380125523 -0.0173797812313
      vertex -7.58582019806 1.98734784126 1.16267180443
    endloop
  endfacet
  facet normal -0.646774113178 0.0441092811525 0.761405050755
    outer loop
      vertex -3.74453306198 1.84286999702 -0.5750451684
      vertex -3.20410585403 1.40103125572 -0.277691185474
      vertex -3.54168868065 1.74582397938 0.724073052406
    endloop
  endfacet
  facet normal -0.786657810211 -0.0533941760659 0.615076065063
    outer loop
      vertex -3.54168868065 1.74582397938 0.724073052406
      vertex -3.20410585403 1.40103125572 -0.277691185474
      vertex -3.21435308456 1.31872177124 0.821447253227
    endloop
  endfacet
  facet normal -0.846152067184 -0.0476383827627 0.530808091164
    outer loop
      vertex -3.20410585403 1.40103125572 -0.277691185474
      vertex -2.92214250565 0.915750145912 0.121298514307
      vertex -3.21435308456 1.31872177124 0.821447253227
    endloop
  endfacet
  facet normal 0.975408017635 0.00702116312459 0.220295056701
    outer loop
      vertex 2.18764209747 0.48619812727 0.207081019878
      vertex 2.42794442177 1.50827550888 -1.10811531544
      vertex 2.66338467598 2.56040072441 -0.805082440376
    endloop
  endfacet
  facet normal 0.993920505047 0.0132765984163 0.109296560287
    outer loop
      vertex 2.78109741211 3.62192511559 -0.878600299358
      vertex 2.70758366585 3.21469569206 1.27239787579
      vertex 2.66338467598 2.56040072441 -0.805082440376
    endloop
  endfacet
  facet normal 0.852369725704 0.205013364553 0.481077253819
    outer loop
      vertex -7.35833120346 2.03965425491 0.339597404003
      vertex -7.58582019806 1.98734784126 1.16267180443
      vertex -7.45073795319 1.72380125523 -0.0173797812313
    endloop
  endfacet
  facet normal 0.580612897873 0.225331500173 0.782377362251
    outer loop
      vertex -6.90545845032 1.99092209339 -0.996526062489
      vertex -6.95852947235 2.48217010498 0.84589278698
      vertex -7.35833120346 2.03965425491 0.339597404003
    endloop
  endfacet
  facet normal 0.783368468285 0.285653084517 0.552029132843
    outer loop
      vertex -7.45073795319 1.72380125523 -0.0173797812313
      vertex -6.90545845032 1.99092209339 -0.996526062489
      vertex -7.35833120346 2.03965425491 0.339597404003
    endloop
  endfacet
  facet normal 0.293218374252 0.196985810995 0.93553173542
    outer loop
      vertex -6.47252750397 2.30774831772 -0.705903470516
      vertex -6.40687799454 2.71728229523 1.14134776592
      vertex -6.95852947235 2.48217010498 0.84589278698
    endloop
  endfacet
  facet normal 0.462712496519 0.240812152624 0.853174448013
    outer loop
      vertex -6.90545845032 1.99092209339 -0.996526062489
      vertex -6.47252750397 2.30774831772 -0.705903470516
      vertex -6.95852947235 2.48217010498 0.84589278698
    endloop
  endfacet
  facet normal 0.0374808125198 0.155146852136 0.987180173397
    outer loop
      vertex -5.81457185745 2.501942873 -0.37192055583
      vertex -5.63755369186 2.78226542473 1.36897230148
      vertex -6.40687799454 2.71728229523 1.14134776592
    endloop
  endfacet
  facet normal 0.178876921535 0.206889271736 0.961873114109
    outer loop
      vertex -6.47252750397 2.30774831772 -0.705903470516
      vertex -5.81457185745 2.501942873 -0.37192055583
      vertex -6.40687799454 2.71728229523 1.14134776592
    endloop
  endfacet
  facet normal -0.133183255792 0.170744031668 0.976272881031
    outer loop
      vertex -5.81457185745 2.501942873 -0.37192055583
      vertex -4.97856044769 2.55883002281 0.605449140072
      vertex -5.63755369186 2.78226542473 1.36897230148
    endloop
  endfacet
  facet normal -0.447009027004 0.0734145641327 0.891511797905
    outer loop
      vertex -3.74453306198 1.84286999702 -0.5750451684
      vertex -4.19089317322 2.24816513062 1.62885594368
      vertex -4.97856044769 2.55883002281 0.605449140072
    endloop
  endfacet
  facet normal -0.44269824028 0.078938215971 0.893189251423
    outer loop
      vertex -3.74453306198 1.84286999702 -0.5750451684
      vertex -4.97856044769 2.55883002281 0.605449140072
      vertex -4.32628631592 2.11639213562 -0.742697238922
    endloop
  endfacet
  facet normal -0.584560096264 0.0307076089084 0.810769081116
    outer loop
      vertex -3.74453306198 1.84286999702 -0.5750451684
      vertex -3.54168868065 1.74582397938 0.724073052406
      vertex -4.19089317322 2.24816513062 1.62885594368
    endloop
  endfacet
  facet normal 0.995040655136 0.0154025312513 0.0982695221901
    outer loop
      vertex 2.70758366585 3.21469569206 1.27239787579
      vertex 2.78109741211 3.62192511559 -0.878600299358
      vertex 2.81532883644 4.23754119873 0.837650001049
    endloop
  endfacet
  facet normal 0.999694287777 -0.0122316032648 0.021488243714
    outer loop
      vertex 2.83189463615 5.27721595764 0.365101784468
      vertex 2.81532883644 4.23754119873 0.837650001049
      vertex 2.78109741211 3.62192511559 -0.878600299358
    endloop
  endfacet
  facet normal 0.868932664394 0.220547482371 -0.443074315786
    outer loop
      vertex -8.64917087555 6.56090736389 0.69384509325
      vertex -8.50263118744 6.3604092598 0.519289970398
      vertex -8.44266414642 6.45292377472 0.0971691757441
    endloop
  endfacet
  facet normal 0.763530552387 0.239872246981 -0.599568545818
    outer loop
      vertex -8.44266414642 6.45292377472 0.0971691757441
      vertex -8.50263118744 6.3604092598 0.519289970398
      vertex -8.24904823303 6.17514419556 0.175193428993
    endloop
  endfacet
  facet normal 0.519673526287 0.176726132631 -0.835887134075
    outer loop
      vertex -7.88812160492 5.860476017 0.602199435234
      vertex -7.33712005615 5.79165410995 -0.692535400391
      vertex -8.24904823303 6.17514419556 0.175193428993
    endloop
  endfacet
  facet normal 0.59053760767 0.0916969254613 -0.801783621311
    outer loop
      vertex -7.88812160492 5.860476017 0.602199435234
      vertex -8.24904823303 6.17514419556 0.175193428993
      vertex -8.34590435028 6.17394351959 0.809454619884
    endloop
  endfacet
  facet normal 0.432683289051 0.136770159006 -0.891111135483
    outer loop
      vertex -7.88812160492 5.860476017 0.602199435234
      vertex -7.01238870621 5.55920743942 -0.205370113254
      vertex -7.33712005615 5.79165410995 -0.692535400391
    endloop
  endfacet
  facet normal -0.123256370425 -0.274288386106 -0.953715741634
    outer loop
      vertex -3.50247001648 4.92137765884 -0.416843801737
      vertex -1.367654562 5.30202007294 -0.0526462905109
      vertex -2.2469804287 4.88974237442 -1.09101700783
    endloop
  endfacet
  facet normal -0.704799354076 -0.0994457751513 -0.70240187645
    outer loop
      vertex -0.360156238079 6.01230478287 -0.182807683945
      vertex -0.723339080811 5.66027641296 -0.0952669903636
      vertex -0.254111051559 6.25234699249 0.761076807976
    endloop
  endfacet
  facet normal 0.999365925789 -0.0353691875935 0.00409375270829
    outer loop
      vertex 2.77617716789 5.31949329376 -1.21410703659
      vertex 2.83189463615 5.27721595764 0.365101784468
      vertex 2.78109741211 3.62192511559 -0.878600299358
    endloop
  endfacet
  facet normal 0.870555043221 0.221801623702 -0.439247041941
    outer loop
      vertex -8.44266414642 6.45292377472 0.0971691757441
      vertex -8.59023284912 6.65815114975 0.269939601421
      vertex -8.64917087555 6.56090736389 0.69384509325
    endloop
  endfacet
  facet normal 0.976237416267 0.167322263122 -0.137708872557
    outer loop
      vertex -8.64917087555 6.56090736389 0.69384509325
      vertex -8.59023284912 6.65815114975 0.269939601421
      vertex -8.72323799133 6.84477615356 0.892361700535
    endloop
  endfacet
  facet normal 0.872645616531 0.377859801054 -0.309372872114
    outer loop
      vertex -8.44266414642 6.45292377472 0.0971691757441
      vertex -8.19510650635 6.4258480072 -0.452383756638
      vertex -8.59023284912 6.65815114975 0.269939601421
    endloop
  endfacet
  facet normal 0.884655296803 0.416588276625 -0.209378033876
    outer loop
      vertex -8.13688659668 6.83529853821 -0.781808376312
      vertex -8.59023284912 6.65815114975 0.269939601421
      vertex -8.19510650635 6.4258480072 -0.452383756638
    endloop
  endfacet
  facet normal 0.294324755669 -0.0370952226222 -0.954985260963
    outer loop
      vertex -6.21575641632 5.41347122192 2.36349129677
      vertex -7.01238870621 5.55920743942 -0.205370113254
      vertex -7.88812160492 5.860476017 0.602199435234
    endloop
  endfacet
  facet normal 0.24851231277 -0.0221286024898 -0.968375921249
    outer loop
      vertex -5.33459472656 5.13911962509 0.253288805485
      vertex -7.01238870621 5.55920743942 -0.205370113254
      vertex -6.21575641632 5.41347122192 2.36349129677
    endloop
  endfacet
  facet normal 0.0566739365458 -0.164996176958 -0.984664559364
    outer loop
      vertex -2.56271338463 5.18039751053 1.4517301321
      vertex -3.50247001648 4.92137765884 -0.416843801737
      vertex -5.33459472656 5.13911962509 0.253288805485
    endloop
  endfacet
  facet normal -0.166566669941 -0.0527162104845 -0.98461997509
    outer loop
      vertex -1.367654562 5.30202007294 -0.0526462905109
      vertex -3.50247001648 4.92137765884 -0.416843801737
      vertex -2.56271338463 5.18039751053 1.4517301321
    endloop
  endfacet
  facet normal -0.854155123234 -0.0359665267169 -0.518773078918
    outer loop
      vertex -0.360156238079 6.01230478287 -0.182807683945
      vertex -0.254111051559 6.25234699249 0.761076807976
      vertex -0.145675256848 6.40696620941 0.416071474552
    endloop
  endfacet
  facet normal -0.975355505943 0.056244328618 -0.213349953294
    outer loop
      vertex -0.189786553383 6.30691957474 -0.436914116144
      vertex -0.0837930068374 6.61400985718 0.236286595464
      vertex -0.145088121295 6.56017780304 -0.622457921505
    endloop
  endfacet
  facet normal -0.962811172009 0.0290627386421 -0.268607497215
    outer loop
      vertex -0.189786553383 6.30691957474 -0.436914116144
      vertex -0.154617130756 6.37799215317 0.0713276639581
      vertex -0.0837930068374 6.61400985718 0.236286595464
    endloop
  endfacet
  facet normal -0.865696549416 -0.0195841901004 -0.500185906887
    outer loop
      vertex -0.145675256848 6.40696620941 0.416071474552
      vertex -0.154617130756 6.37799215317 0.0713276639581
      vertex -0.360156238079 6.01230478287 -0.182807683945
    endloop
  endfacet
  facet normal 0.992786645889 -0.0319336876273 -0.115563482046
    outer loop
      vertex 2.83189463615 5.27721595764 0.365101784468
      vertex 2.77617716789 5.31949329376 -1.21410703659
      vertex 2.65056085587 6.93922376633 0.742184579372
    endloop
  endfacet
  facet normal 0.99078643322 -0.0427741482854 -0.128501340747
    outer loop
      vertex 2.77617716789 5.31949329376 -1.21410703659
      vertex 2.61991906166 6.64256620407 -0.858790040016
      vertex 2.65056085587 6.93922376633 0.742184579372
    endloop
  endfacet
  facet normal -0.959265172482 -0.192054331303 -0.207184612751
    outer loop
      vertex -11.5013647079 7.04142856598 -0.295443147421
      vertex -11.7374820709 6.28222131729 0.0648896470666
      vertex -11.7077465057 7.35796689987 1.07686030865
    endloop
  endfacet
  facet normal 0.978792607784 0.179631784558 -0.0984758660197
    outer loop
      vertex -8.70364952087 6.97595882416 0.713707208633
      vertex -8.72323799133 6.84477615356 0.892361700535
      vertex -8.59023284912 6.65815114975 0.269939601421
    endloop
  endfacet
  facet normal 0.959514498711 0.2779327631 0.0456655994058
    outer loop
      vertex -8.70364952087 6.97595882416 0.713707208633
      vertex -8.59023284912 6.65815114975 0.269939601421
      vertex -8.45136451721 7.13873100281 -0.130519077182
    endloop
  endfacet
  facet normal 0.911157429218 0.405281484127 -0.0744251385331
    outer loop
      vertex -8.45136451721 7.13873100281 -0.130519077182
      vertex -8.59023284912 6.65815114975 0.269939601421
      vertex -8.13688659668 6.83529853821 -0.781808376312
    endloop
  endfacet
  facet normal -0.963284015656 0.188741877675 0.190946161747
    outer loop
      vertex -0.145088121295 6.56017780304 -0.622457921505
      vertex -0.0599024146795 7.17720413208 0.436537712812
      vertex -0.315034866333 7.77089834213 -0.26495680213
    endloop
  endfacet
  facet normal -0.997388362885 0.0701014697552 -0.0173835214227
    outer loop
      vertex -0.0837930068374 6.61400985718 0.236286595464
      vertex -0.0599024146795 7.17720413208 0.436537712812
      vertex -0.145088121295 6.56017780304 -0.622457921505
    endloop
  endfacet
  facet normal 0.962580919266 -0.0867529511452 -0.256733179092
    outer loop
      vertex 2.31235408783 8.16724777222 0.240654677153
      vertex 2.61991906166 6.64256620407 -0.858790040016
      vertex 2.37388586998 7.54914236069 -0.905806303024
    endloop
  endfacet
  facet normal 0.968485116959 -0.0631792247295 -0.240925237536
    outer loop
      vertex 2.61991906166 6.64256620407 -0.858790040016
      vertex 2.31235408783 8.16724777222 0.240654677153
      vertex 2.65056085587 6.93922376633 0.742184579372
    endloop
  endfacet
  facet normal -0.890986442566 -0.258510649204 -0.373249799013
    outer loop
      vertex -11.2549285889 8.94332408905 1.36884272099
      vertex -10.7134361267 9.1498003006 -0.199355199933
      vertex -11.1940946579 7.59359645844 -0.789631485939
    endloop
  endfacet
  facet normal -0.922848343849 -0.222573682666 -0.314343601465
    outer loop
      vertex -11.5013647079 7.04142856598 -0.295443147421
      vertex -11.2549285889 8.94332408905 1.36884272099
      vertex -11.1940946579 7.59359645844 -0.789631485939
    endloop
  endfacet
  facet normal 0.938686430454 0.231200695038 0.255761682987
    outer loop
      vertex -8.51579380035 7.56945753098 0.607551634312
      vertex -8.70364952087 6.97595882416 0.713707208633
      vertex -8.45136451721 7.13873100281 -0.130519077182
    endloop
  endfacet
  facet normal 0.797259807587 0.176861658692 0.577145397663
    outer loop
      vertex -8.04566574097 8.07864570618 -0.195900976658
      vertex -7.73539972305 8.6650094986 0.31893196702
      vertex -8.25541114807 8.11124897003 0.855986118317
    endloop
  endfacet
  facet normal 0.850032925606 0.184784352779 0.493253201246
    outer loop
      vertex -8.04566574097 8.07864570618 -0.195900976658
      vertex -8.25541114807 8.11124897003 0.855986118317
      vertex -8.51579380035 7.56945753098 0.607551634312
    endloop
  endfacet
  facet normal 0.886137962341 0.288842558861 0.362394183874
    outer loop
      vertex -8.04566574097 8.07864570618 -0.195900976658
      vertex -8.51579380035 7.56945753098 0.607551634312
      vertex -8.45136451721 7.13873100281 -0.130519077182
    endloop
  endfacet
  facet normal 0.635746002197 0.224667742848 0.738479137421
    outer loop
      vertex -6.99735784531 9.04487991333 -0.520887315273
      vertex -6.91908836365 9.35329818726 0.27139672637
      vertex -7.73539972305 8.6650094986 0.31893196702
    endloop
  endfacet
  facet normal 0.501891791821 0.270257413387 0.82162374258
    outer loop
      vertex -6.21629667282 9.49278450012 -0.609690070152
      vertex -6.91908836365 9.35329818726 0.27139672637
      vertex -6.99735784531 9.04487991333 -0.520887315273
    endloop
  endfacet
  facet normal -0.731369435787 0.150454625487 0.66517829895
    outer loop
      vertex -0.988129794598 9.11678886414 1.1045229435
      vertex -0.800215005875 8.68546676636 0.111059628427
      vertex -0.608301818371 8.68166637421 1.02716052532
    endloop
  endfacet
  facet normal -0.817935526371 0.228647097945 0.527922332287
    outer loop
      vertex -0.800215005875 8.68546676636 0.111059628427
      vertex -0.627887785435 7.87611484528 -1.14118564129
      vertex -0.315034866333 7.77089834213 -0.26495680213
    endloop
  endfacet
  facet normal -0.838661015034 0.173548787832 0.516264021397
    outer loop
      vertex -0.800215005875 8.68546676636 0.111059628427
      vertex -0.315034866333 7.77089834213 -0.26495680213
      vertex -0.608301818371 8.68166637421 1.02716052532
    endloop
  endfacet
  facet normal 0.894652962685 -0.12718769908 -0.428274869919
    outer loop
      vertex 2.31235408783 8.16724777222 0.240654677153
      vertex 1.68403029442 9.18284606934 -0.759258210659
      vertex 1.87893688679 9.31983661652 1.07302248478
    endloop
  endfacet
  facet normal 0.917627036572 -0.065098516643 -0.392074942589
    outer loop
      vertex 2.31235408783 8.16724777222 0.240654677153
      vertex 1.87893688679 9.31983661652 1.07302248478
      vertex 2.18666005135 8.62648677826 1.23477840424
    endloop
  endfacet
  facet normal -0.761564671993 -0.332605183125 -0.556231081486
    outer loop
      vertex -9.74609279633 10.5988826752 -0.0639072358608
      vertex -10.1505050659 9.22290039062 -1.43904471397
      vertex -10.2838335037 10.3349752426 0.726011574268
    endloop
  endfacet
  facet normal -0.780633449554 -0.322925001383 -0.535098969936
    outer loop
      vertex -10.1505050659 9.22290039062 -1.43904471397
      vertex -10.7134361267 9.1498003006 -0.199355199933
      vertex -10.2838335037 10.3349752426 0.726011574268
    endloop
  endfacet
  facet normal 0.322099715471 0.189226552844 0.92760181427
    outer loop
      vertex -5.48546361923 9.89840507507 -0.221945032477
      vertex -5.28340625763 10.1421670914 0.629054069519
      vertex -5.89918518066 10.0452480316 1.20212364197
    endloop
  endfacet
  facet normal 0.368020176888 0.200539410114 0.907934486866
    outer loop
      vertex -5.48546361923 9.89840507507 -0.221945032477
      vertex -5.89918518066 10.0452480316 1.20212364197
      vertex -6.45328140259 9.76550292969 0.952439427376
    endloop
  endfacet
  facet normal 0.384226828814 0.215037018061 0.897846758366
    outer loop
      vertex -5.48546361923 9.89840507507 -0.221945032477
      vertex -6.45328140259 9.76550292969 0.952439427376
      vertex -6.21629667282 9.49278450012 -0.609690070152
    endloop
  endfacet
  facet normal 0.44696393609 0.219217449427 0.867275595665
    outer loop
      vertex -6.21629667282 9.49278450012 -0.609690070152
      vertex -6.45328140259 9.76550292969 0.952439427376
      vertex -6.91908836365 9.35329818726 0.27139672637
    endloop
  endfacet
  facet normal 0.148768156767 0.239498898387 0.959431231022
    outer loop
      vertex -5.28340625763 10.1421670914 0.629054069519
      vertex -5.48546361923 9.89840507507 -0.221945032477
      vertex -4.41955471039 10.2202119827 0.405108124018
    endloop
  endfacet
  facet normal 0.127060875297 0.273347616196 0.953486561775
    outer loop
      vertex -5.48546361923 9.89840507507 -0.221945032477
      vertex -4.40111351013 9.90277099609 -0.710757613182
      vertex -4.41955471039 10.2202119827 0.405108124018
    endloop
  endfacet
  facet normal -0.0542468130589 0.272390931845 0.960656285286
    outer loop
      vertex -4.40111351013 9.90277099609 -0.710757613182
      vertex -3.34819793701 9.8997964859 -0.511557459831
      vertex -4.41955471039 10.2202119827 0.405108124018
    endloop
  endfacet
  facet normal -0.286065876484 0.257018208504 0.923096954823
    outer loop
      vertex -2.37781834602 9.92157840729 0.646722316742
      vertex -3.34819793701 9.8997964859 -0.511557459831
      vertex -2.55907821655 9.56407642365 -0.839013814926
    endloop
  endfacet
  facet normal -0.261467367411 0.236648157239 0.935752332211
    outer loop
      vertex -3.11155843735 10.2004318237 0.938671171665
      vertex -3.34819793701 9.8997964859 -0.511557459831
      vertex -2.37781834602 9.92157840729 0.646722316742
    endloop
  endfacet
  facet normal -0.10363458842 0.218079179525 0.970412969589
    outer loop
      vertex -3.11155843735 10.2004318237 0.938671171665
      vertex -4.41955471039 10.2202119827 0.405108124018
      vertex -3.34819793701 9.8997964859 -0.511557459831
    endloop
  endfacet
  facet normal -0.489010423422 0.200978532434 0.848808825016
    outer loop
      vertex -1.77595031261 9.29971218109 -0.515221953392
      vertex -1.59062242508 9.61004066467 1.24634575844
      vertex -2.37781834602 9.92157840729 0.646722316742
    endloop
  endfacet
  facet normal -0.403702616692 0.260297209024 0.877080142498
    outer loop
      vertex -2.55907821655 9.56407642365 -0.839013814926
      vertex -1.77595031261 9.29971218109 -0.515221953392
      vertex -2.37781834602 9.92157840729 0.646722316742
    endloop
  endfacet
  facet normal -0.539004802704 0.200813338161 0.81801456213
    outer loop
      vertex -1.59062242508 9.61004066467 1.24634575844
      vertex -1.77595031261 9.29971218109 -0.515221953392
      vertex -1.20777308941 9.02841663361 -0.095294393599
    endloop
  endfacet
  facet normal -0.600607872009 0.167532458901 0.781794786453
    outer loop
      vertex -0.988129794598 9.11678886414 1.1045229435
      vertex -1.59062242508 9.61004066467 1.24634575844
      vertex -1.20777308941 9.02841663361 -0.095294393599
    endloop
  endfacet
  facet normal -0.68468183279 0.17740856111 0.706920742989
    outer loop
      vertex -0.988129794598 9.11678886414 1.1045229435
      vertex -1.20777308941 9.02841663361 -0.095294393599
      vertex -0.800215005875 8.68546676636 0.111059628427
    endloop
  endfacet
  facet normal 0.773531794548 -0.180042102933 -0.60764580965
    outer loop
      vertex 1.05817210674 10.5781536102 1.04315280914
      vertex 1.48028600216 9.90858078003 0.596899330616
      vertex 1.12251341343 9.92589855194 -0.881785094738
    endloop
  endfacet
  facet normal 0.866261839867 -0.128247857094 -0.482848763466
    outer loop
      vertex 1.68403029442 9.18284606934 -0.759258210659
      vertex 1.48028600216 9.90858078003 0.596899330616
      vertex 1.87893688679 9.31983661652 1.07302248478
    endloop
  endfacet
  facet normal -0.628459334373 -0.337410897017 -0.70085144043
    outer loop
      vertex -8.68213558197 11.7242517471 0.291928321123
      vertex -9.19278907776 10.7570505142 -0.765949428082
      vertex -9.74609279633 10.5988826752 -0.0639072358608
    endloop
  endfacet
  facet normal 0.122995838523 0.131648972631 0.983636379242
    outer loop
      vertex -4.19781923294 10.3444662094 1.12632954121
      vertex -5.28340625763 10.1421670914 0.629054069519
      vertex -4.41955471039 10.2202119827 0.405108124018
    endloop
  endfacet
  facet normal -0.0952724590898 0.197384491563 0.975685656071
    outer loop
      vertex -4.41955471039 10.2202119827 0.405108124018
      vertex -3.11155843735 10.2004318237 0.938671171665
      vertex -4.19781923294 10.3444662094 1.12632954121
    endloop
  endfacet
  facet normal 0.62364512682 -0.198696553707 -0.756033360958
    outer loop
      vertex -0.281694889069 11.8283061981 1.05911064148
      vertex 0.587195158005 10.9885911942 0.591194272041
      vertex -0.223251149058 11.5044059753 0.0101186623797
    endloop
  endfacet
  facet normal 0.74311375618 -0.192336320877 -0.640928030014
    outer loop
      vertex 1.12251341343 9.92589855194 -0.881785094738
      vertex 0.587195158005 10.9885911942 0.591194272041
      vertex 1.05817210674 10.5781536102 1.04315280914
    endloop
  endfacet
  facet normal -0.394251704216 -0.347979426384 -0.850573897362
    outer loop
      vertex -7.59844112396 11.8883142471 -0.732143461704
      vertex -7.8190279007 12.5615282059 1.16332817078
      vertex -7.07924032211 12.4670963287 0.0943455025554
    endloop
  endfacet
  facet normal -0.450576603413 -0.344892144203 -0.823425889015
    outer loop
      vertex -7.59844112396 11.8883142471 -0.732143461704
      vertex -8.68213558197 11.7242517471 0.291928321123
      vertex -7.8190279007 12.5615282059 1.16332817078
    endloop
  endfacet
  facet normal 0.50044298172 -0.22985099256 -0.834700763226
    outer loop
      vertex -0.281694889069 11.8283061981 1.05911064148
      vertex -0.223251149058 11.5044059753 0.0101186623797
      vertex -1.22758495808 12.3516874313 0.900323927402
    endloop
  endfacet
  facet normal 0.476266384125 -0.261662513018 -0.839465916157
    outer loop
      vertex -1.22758495808 12.3516874313 0.900323927402
      vertex -0.223251149058 11.5044059753 0.0101186623797
      vertex -1.40647828579 12.0335969925 -0.445787966251
    endloop
  endfacet
  facet normal -0.358648389578 -0.325488060713 -0.874887883663
    outer loop
      vertex -7.16958856583 12.7994976044 1.08736884594
      vertex -7.07924032211 12.4670963287 0.0943455025554
      vertex -7.8190279007 12.5615282059 1.16332817078
    endloop
  endfacet
  facet normal -0.24857853353 -0.327724099159 -0.911485373974
    outer loop
      vertex -7.07924032211 12.4670963287 0.0943455025554
      vertex -7.16958856583 12.7994976044 1.08736884594
      vertex -6.04418706894 12.6816921234 -0.0938951075077
    endloop
  endfacet
  facet normal -0.0180508084595 -0.307699739933 -0.951312243938
    outer loop
      vertex -4.85534286499 12.6888532639 -0.435311853886
      vertex -5.44732570648 13.1852731705 1.13419210911
      vertex -4.41865062714 13.2247438431 1.19587790966
    endloop
  endfacet
  facet normal -0.101760484278 -0.334688842297 -0.936818122864
    outer loop
      vertex -6.04418706894 12.6816921234 -0.0938951075077
      vertex -5.44732570648 13.1852731705 1.13419210911
      vertex -4.85534286499 12.6888532639 -0.435311853886
    endloop
  endfacet
  facet normal 0.0328653976321 -0.3198774755 -0.946888744831
    outer loop
      vertex -4.85534286499 12.6888532639 -0.435311853886
      vertex -4.41865062714 13.2247438431 1.19587790966
      vertex -3.60458040237 12.9287052155 0.403195589781
    endloop
  endfacet
  facet normal 0.396437495947 -0.260695666075 -0.880269885063
    outer loop
      vertex -1.40647828579 12.0335969925 -0.445787966251
      vertex -1.81244778633 12.5459699631 0.666945457458
      vertex -1.22758495808 12.3516874313 0.900323927402
    endloop
  endfacet
  facet normal 0.0418568477035 0.151563033462 0.987560987473
    outer loop
      vertex -4.97388029099 -5.01335668564 -1.44994783401
      vertex -4.28177022934 -5.18450021744 -2.75623059273
      vertex -3.73007106781 -4.83982419968 -0.662738204002
    endloop
  endfacet
  facet normal 0.118779420853 0.130750462413 0.984274208546
    outer loop
      vertex -4.28177022934 -5.18450021744 -2.75623059273
      vertex -3.34312534332 -4.99605894089 -2.19037461281
      vertex -3.73007106781 -4.83982419968 -0.662738204002
    endloop
  endfacet
  facet normal 0.312174528837 0.114273957908 0.94312697649
    outer loop
      vertex -1.76575636864 -4.4004240036 -1.58354067802
      vertex -3.34312534332 -4.99605894089 -2.19037461281
      vertex -2.37860250473 -4.7208237648 -2.55368995667
    endloop
  endfacet
  facet normal -0.46377068758 0.082323551178 0.882122218609
    outer loop
      vertex -7.55729961395 -4.08847475052 0.285875022411
      vertex -8.15622425079 -3.91173553467 -1.19435870647
      vertex -7.00541687012 -4.536901474 -1.41011691093
    endloop
  endfacet
  facet normal -0.316839277744 0.144743353128 0.937369823456
    outer loop
      vertex -6.27733755112 -4.71264696121 -0.954515457153
      vertex -7.55729961395 -4.08847475052 0.285875022411
      vertex -7.00541687012 -4.536901474 -1.41011691093
    endloop
  endfacet
  facet normal -0.141549915075 0.16343319416 0.976346850395
    outer loop
      vertex -5.10079574585 -4.70913171768 0.257562667131
      vertex -6.00448846817 -4.6029920578 0.108949303627
      vertex -4.97388029099 -5.01335668564 -1.44994783401
    endloop
  endfacet
  facet normal -0.170100659132 0.144157364964 0.974825322628
    outer loop
      vertex -4.97388029099 -5.01335668564 -1.44994783401
      vertex -6.00448846817 -4.6029920578 0.108949303627
      vertex -6.27733755112 -4.71264696121 -0.954515457153
    endloop
  endfacet
  facet normal 0.0251392293721 0.177161559463 0.98386067152
    outer loop
      vertex -3.73007106781 -4.83982419968 -0.662738204002
      vertex -5.10079574585 -4.70913171768 0.257562667131
      vertex -4.97388029099 -5.01335668564 -1.44994783401
    endloop
  endfacet
  facet normal 0.211669057608 0.152348250151 0.965394318104
    outer loop
      vertex -2.49983406067 -4.53554439545 -0.443851053715
      vertex -3.73007106781 -4.83982419968 -0.662738204002
      vertex -3.34312534332 -4.99605894089 -2.19037461281
    endloop
  endfacet
  facet normal 0.370314657688 0.129465609789 0.919840037823
    outer loop
      vertex -1.76575636864 -4.4004240036 -1.58354067802
      vertex -2.07842421532 -4.17638587952 0.902558624744
      vertex -2.49983406067 -4.53554439545 -0.443851053715
    endloop
  endfacet
  facet normal 0.319776654243 0.0941918864846 0.942799448967
    outer loop
      vertex -1.76575636864 -4.4004240036 -1.58354067802
      vertex -2.49983406067 -4.53554439545 -0.443851053715
      vertex -3.34312534332 -4.99605894089 -2.19037461281
    endloop
  endfacet
  facet normal 0.454706251621 0.136499777436 0.88011932373
    outer loop
      vertex -1.76575636864 -4.4004240036 -1.58354067802
      vertex -0.623592972755 -3.53146362305 0.214556246996
      vertex -2.07842421532 -4.17638587952 0.902558624744
    endloop
  endfacet
  facet normal 0.558530211449 0.045476924628 0.828236579895
    outer loop
      vertex -0.138196706772 -3.25761413574 -0.75948369503
      vertex -0.623592972755 -3.53146362305 0.214556246996
      vertex -1.76575636864 -4.4004240036 -1.58354067802
    endloop
  endfacet
  facet normal -0.644822061062 0.0335566550493 0.763595759869
    outer loop
      vertex -8.7077331543 -3.4234726429 0.468093216419
      vertex -9.67816352844 -2.6280734539 -0.0799791291356
      vertex -8.39724254608 -3.79328727722 -1.9808409214
    endloop
  endfacet
  facet normal -0.673171579838 -0.00032598033431 0.739486277103
    outer loop
      vertex -9.67816352844 -2.6280734539 -0.0799791291356
      vertex -9.17528343201 -3.08503556252 -1.94202005863
      vertex -8.39724254608 -3.79328727722 -1.9808409214
    endloop
  endfacet
  facet normal -0.570605814457 0.0514253117144 0.819612383842
    outer loop
      vertex -8.39724254608 -3.79328727722 -1.9808409214
      vertex -8.15622425079 -3.91173553467 -1.19435870647
      vertex -8.7077331543 -3.4234726429 0.468093216419
    endloop
  endfacet
  facet normal 0.716005980968 -0.0264393463731 0.697593331337
    outer loop
      vertex -0.531332910061 -3.60173487663 -2.32652401924
      vertex 0.535796642303 -2.52619671822 -1.80522441864
      vertex -0.138196706772 -3.25761413574 -0.75948369503
    endloop
  endfacet
  facet normal 0.741036176682 0.00800100434572 0.671417474747
    outer loop
      vertex 0.535796642303 -2.52619671822 -1.80522441864
      vertex 0.703878998756 -2.31634354591 0.237521722913
      vertex -0.138196706772 -3.25761413574 -0.75948369503
    endloop
  endfacet
  facet normal -0.763887524605 -0.0483731403947 0.643533945084
    outer loop
      vertex -9.17528343201 -3.08503556252 -1.94202005863
      vertex -9.67816352844 -2.6280734539 -0.0799791291356
      vertex -9.98047351837 -2.1733686924 -1.35520458221
    endloop
  endfacet
  facet normal -0.565664947033 -0.232879117131 -0.791069209576
    outer loop
      vertex -2.94392609596 -1.10747015476 -1.79413545132
      vertex -3.3553340435 -1.25083684921 -1.28182625771
      vertex -3.04856324196 -0.791104316711 -0.46530520916
    endloop
  endfacet
  facet normal 0.771437287331 0.00189213978592 0.63630259037
    outer loop
      vertex 0.535796642303 -2.52619671822 -1.80522441864
      vertex 0.97282487154 -1.99391138554 -0.983576893806
      vertex 0.703878998756 -2.31634354591 0.237521722913
    endloop
  endfacet
  facet normal 0.866240262985 -0.0382492765784 0.498161405325
    outer loop
      vertex 1.35871362686 -1.25454652309 -1.87380647659
      vertex 1.65984654427 -0.830322444439 -0.579103827477
      vertex 0.97282487154 -1.99391138554 -0.983576893806
    endloop
  endfacet
  facet normal -0.883108913898 -0.142703071237 0.446938961744
    outer loop
      vertex -11.1647691727 -0.429509788752 0.0510586313903
      vertex -10.7231292725 -0.574747443199 -2.22712087631
      vertex -10.7412929535 -1.21266198158 -0.116799712181
    endloop
  endfacet
  facet normal -0.734612345695 -0.211342856288 -0.644731640816
    outer loop
      vertex -3.04856324196 -0.791104316711 -0.46530520916
      vertex -2.70063829422 -0.742199659348 -1.52547633648
      vertex -2.94392609596 -1.10747015476 -1.79413545132
    endloop
  endfacet
  facet normal -0.955028474331 -0.159005776048 -0.250275373459
    outer loop
      vertex -2.54717302322 -0.273179113865 -1.7089881897
      vertex -2.70063829422 -0.742199659348 -1.52547633648
      vertex -2.77536702156 -0.0776378363371 -0.0306147299707
    endloop
  endfacet
  facet normal -0.919498205185 -0.155226677656 0.361147850752
    outer loop
      vertex -11.2737779617 0.385025918484 -1.19830405712
      vertex -10.7231292725 -0.574747443199 -2.22712087631
      vertex -11.1647691727 -0.429509788752 0.0510586313903
    endloop
  endfacet
  facet normal 0.908107340336 0.00867299828678 -0.418647706509
    outer loop
      vertex -7.42836236954 0.926419079304 -0.196495175362
      vertex -7.18700408936 0.402508944273 -0.178705751896
      vertex -7.1207242012 0.278169423342 -1.11663842201
    endloop
  endfacet
  facet normal 0.80648213625 -0.0213399510831 -0.590873241425
    outer loop
      vertex -7.1207242012 0.278169423342 -1.11663842201
      vertex -7.18700408936 0.402508944273 -0.178705751896
      vertex -6.81866598129 -0.12019174546 -0.731266260147
    endloop
  endfacet
  facet normal -0.990936279297 -0.134276360273 0.00388658186421
    outer loop
      vertex -2.61633467674 0.338396191597 -1.21628749371
      vertex -2.54717302322 -0.273179113865 -1.7089881897
      vertex -2.77536702156 -0.0776378363371 -0.0306147299707
    endloop
  endfacet
  facet normal 0.937694191933 -0.0549955964088 0.34308168292
    outer loop
      vertex 2.00638842583 0.360630422831 -2.10002064705
      vertex 2.18764209747 0.48619812727 0.207081019878
      vertex 1.65984654427 -0.830322444439 -0.579103827477
    endloop
  endfacet
  facet normal 0.985079109669 0.134697288275 -0.107124850154
    outer loop
      vertex -7.27927446365 1.03711414337 -1.37485444546
      vertex -7.54495096207 1.45745539665 0.233814328909
      vertex -7.42836236954 0.926419079304 -0.196495175362
    endloop
  endfacet
  facet normal -0.876742959023 0.0936016589403 0.471763134003
    outer loop
      vertex -2.91518974304 0.993791401386 -0.712318897247
      vertex -2.85432362556 0.602615058422 -2.1137740612
      vertex -2.61633467674 0.338396191597 -1.21628749371
    endloop
  endfacet
  facet normal 0.952381074429 -0.0585356615484 0.299238860607
    outer loop
      vertex 2.42794442177 1.50827550888 -1.10811531544
      vertex 2.18764209747 0.48619812727 0.207081019878
      vertex 2.00638842583 0.360630422831 -2.10002064705
    endloop
  endfacet
  facet normal 0.967672228813 0.199973255396 0.153691887856
    outer loop
      vertex -7.45073795319 1.72380125523 -0.0173797812313
      vertex -7.54495096207 1.45745539665 0.233814328909
      vertex -7.27927446365 1.03711414337 -1.37485444546
    endloop
  endfacet
  facet normal 0.914022624493 0.26903629303 0.303615033627
    outer loop
      vertex -7.08237600327 1.62317061424 -1.38241529465
      vertex -7.45073795319 1.72380125523 -0.0173797812313
      vertex -7.27927446365 1.03711414337 -1.37485444546
    endloop
  endfacet
  facet normal -0.477602928877 0.214089870453 0.852092087269
    outer loop
      vertex -3.74453306198 1.84286999702 -0.5750451684
      vertex -4.2928404808 1.78615784645 -2.02395701408
      vertex -3.63892841339 1.39089155197 -2.13836145401
    endloop
  endfacet
  facet normal -0.464849770069 0.20958212018 0.860226750374
    outer loop
      vertex -4.32628631592 2.11639213562 -0.742697238922
      vertex -4.2928404808 1.78615784645 -2.02395701408
      vertex -3.74453306198 1.84286999702 -0.5750451684
    endloop
  endfacet
  facet normal -0.298017024994 0.230941906571 0.926202833652
    outer loop
      vertex -4.32628631592 2.11639213562 -0.742697238922
      vertex -5.08081817627 2.23322415352 -1.24781644344
      vertex -4.2928404808 1.78615784645 -2.02395701408
    endloop
  endfacet
  facet normal -0.59319716692 0.186360672116 0.783190190792
    outer loop
      vertex -3.74453306198 1.84286999702 -0.5750451684
      vertex -3.63892841339 1.39089155197 -2.13836145401
      vertex -3.1894724369 1.1437202692 -1.74646663666
    endloop
  endfacet
  facet normal -0.66760289669 0.122015327215 0.734451234341
    outer loop
      vertex -3.20410585403 1.40103125572 -0.277691185474
      vertex -3.74453306198 1.84286999702 -0.5750451684
      vertex -3.1894724369 1.1437202692 -1.74646663666
    endloop
  endfacet
  facet normal -0.754089534283 0.106035709381 0.648155391216
    outer loop
      vertex -3.20410585403 1.40103125572 -0.277691185474
      vertex -3.1894724369 1.1437202692 -1.74646663666
      vertex -2.91518974304 0.993791401386 -0.712318897247
    endloop
  endfacet
  facet normal -0.801877975464 0.12806943059 0.583600878716
    outer loop
      vertex -3.1894724369 1.1437202692 -1.74646663666
      vertex -2.85432362556 0.602615058422 -2.1137740612
      vertex -2.91518974304 0.993791401386 -0.712318897247
    endloop
  endfacet
  facet normal 0.746264576912 0.246953129768 0.618145108223
    outer loop
      vertex -7.45073795319 1.72380125523 -0.0173797812313
      vertex -7.08237600327 1.62317061424 -1.38241529465
      vertex -6.90545845032 1.99092209339 -0.996526062489
    endloop
  endfacet
  facet normal -0.142924487591 0.178910836577 0.973428726196
    outer loop
      vertex -5.08081817627 2.23322415352 -1.24781644344
      vertex -4.97856044769 2.55883002281 0.605449140072
      vertex -5.81457185745 2.501942873 -0.37192055583
    endloop
  endfacet
  facet normal -0.26772531867 0.181036695838 0.946334421635
    outer loop
      vertex -5.08081817627 2.23322415352 -1.24781644344
      vertex -4.32628631592 2.11639213562 -0.742697238922
      vertex -4.97856044769 2.55883002281 0.605449140072
    endloop
  endfacet
  facet normal -0.988633513451 -0.149029582739 0.0198475588113
    outer loop
      vertex -11.7976160049 2.43371725082 -0.679253697395
      vertex -12.1346130371 3.99236607552 1.34873950481
      vertex -11.7452411652 3.81837654114 -1.21110570431
    endloop
  endfacet
  facet normal -0.985248684883 -0.154819399118 -0.0729109346867
    outer loop
      vertex -12.1346130371 3.99236607552 1.34873950481
      vertex -12.0203380585 5.99853467941 1.56630003452
      vertex -11.7452411652 3.81837654114 -1.21110570431
    endloop
  endfacet
  facet normal -0.984673142433 -0.157059043646 -0.0758367478848
    outer loop
      vertex -11.7452411652 3.81837654114 -1.21110570431
      vertex -12.0203380585 5.99853467941 1.56630003452
      vertex -11.6423797607 5.37529659271 -1.10422158241
    endloop
  endfacet
  facet normal -0.980418026447 -0.164148077369 -0.108793124557
    outer loop
      vertex -12.0203380585 5.99853467941 1.56630003452
      vertex -11.7374820709 6.28222131729 0.0648896470666
      vertex -11.6423797607 5.37529659271 -1.10422158241
    endloop
  endfacet
  facet normal 0.739563345909 0.30355411768 -0.60075032711
    outer loop
      vertex -8.44266414642 6.45292377472 0.0971691757441
      vertex -8.24904823303 6.17514419556 0.175193428993
      vertex -8.19510650635 6.4258480072 -0.452383756638
    endloop
  endfacet
  facet normal 0.570173144341 0.253923892975 -0.781297147274
    outer loop
      vertex -8.24904823303 6.17514419556 0.175193428993
      vertex -7.33712005615 5.79165410995 -0.692535400391
      vertex -7.44939756393 6.04183101654 -1.21019053459
    endloop
  endfacet
  facet normal 0.672022342682 0.323808163404 -0.66598367691
    outer loop
      vertex -8.19510650635 6.4258480072 -0.452383756638
      vertex -8.24904823303 6.17514419556 0.175193428993
      vertex -7.44939756393 6.04183101654 -1.21019053459
    endloop
  endfacet
  facet normal 0.711554169655 0.411640822887 -0.569422960281
    outer loop
      vertex -8.19510650635 6.4258480072 -0.452383756638
      vertex -7.44939756393 6.04183101654 -1.21019053459
      vertex -7.82693195343 6.44400310516 -1.11391687393
    endloop
  endfacet
  facet normal 0.2440841645 -0.00467834994197 -0.969742774963
    outer loop
      vertex -5.66409444809 5.21186351776 -1.85912871361
      vertex -7.01238870621 5.55920743942 -0.205370113254
      vertex -5.33459472656 5.13911962509 0.253288805485
    endloop
  endfacet
  facet normal 0.415886223316 0.150701612234 -0.896843194962
    outer loop
      vertex -7.33712005615 5.79165410995 -0.692535400391
      vertex -7.01238870621 5.55920743942 -0.205370113254
      vertex -5.66409444809 5.21186351776 -1.85912871361
    endloop
  endfacet
  facet normal 0.0718289762735 -0.125145167112 -0.989534854889
    outer loop
      vertex -4.01303482056 4.7979388237 -1.68593227863
      vertex -5.33459472656 5.13911962509 0.253288805485
      vertex -3.50247001648 4.92137765884 -0.416843801737
    endloop
  endfacet
  facet normal 0.243628740311 -0.00460335705429 -0.969857633114
    outer loop
      vertex -5.66409444809 5.21186351776 -1.85912871361
      vertex -5.33459472656 5.13911962509 0.253288805485
      vertex -4.01303482056 4.7979388237 -1.68593227863
    endloop
  endfacet
  facet normal -0.0221384037286 -0.0879583135247 -0.995878100395
    outer loop
      vertex -4.01303482056 4.7979388237 -1.68593227863
      vertex -3.50247001648 4.92137765884 -0.416843801737
      vertex -2.2469804287 4.88974237442 -1.09101700783
    endloop
  endfacet
  facet normal -0.197394058108 -0.212790831923 -0.956951200962
    outer loop
      vertex -1.59554672241 4.77548408508 -2.20915269852
      vertex -2.2469804287 4.88974237442 -1.09101700783
      vertex -1.367654562 5.30202007294 -0.0526462905109
    endloop
  endfacet
  facet normal -0.487674355507 -0.162930324674 -0.857687234879
    outer loop
      vertex -0.770590543747 5.37777853012 -1.44094347954
      vertex -1.367654562 5.30202007294 -0.0526462905109
      vertex -0.723339080811 5.66027641296 -0.0952669903636
    endloop
  endfacet
  facet normal -0.480754554272 -0.159708723426 -0.86218804121
    outer loop
      vertex -1.59554672241 4.77548408508 -2.20915269852
      vertex -1.367654562 5.30202007294 -0.0526462905109
      vertex -0.770590543747 5.37777853012 -1.44094347954
    endloop
  endfacet
  facet normal -0.705790638924 -0.12172409147 -0.697884500027
    outer loop
      vertex -0.770590543747 5.37777853012 -1.44094347954
      vertex -0.723339080811 5.66027641296 -0.0952669903636
      vertex -0.360156238079 6.01230478287 -0.182807683945
    endloop
  endfacet
  facet normal -0.816988825798 -0.0240539871156 -0.576151609421
    outer loop
      vertex -0.400996088982 5.90051412582 -1.47334849834
      vertex -0.770590543747 5.37777853012 -1.44094347954
      vertex -0.360156238079 6.01230478287 -0.182807683945
    endloop
  endfacet
  facet normal -0.871114730835 -0.0149522125721 -0.490851849318
    outer loop
      vertex -0.400996088982 5.90051412582 -1.47334849834
      vertex -0.360156238079 6.01230478287 -0.182807683945
      vertex -0.189786553383 6.30691957474 -0.436914116144
    endloop
  endfacet
  facet normal -0.869003653526 -0.00904856342822 -0.494722962379
    outer loop
      vertex -0.189786553383 6.30691957474 -0.436914116144
      vertex -0.360156238079 6.01230478287 -0.182807683945
      vertex -0.154617130756 6.37799215317 0.0713276639581
    endloop
  endfacet
  facet normal 0.840066730976 0.474741011858 -0.262505054474
    outer loop
      vertex -8.19510650635 6.4258480072 -0.452383756638
      vertex -7.82693195343 6.44400310516 -1.11391687393
      vertex -8.13688659668 6.83529853821 -0.781808376312
    endloop
  endfacet
  facet normal -0.97113186121 0.145555824041 -0.188987746835
    outer loop
      vertex -0.400996088982 5.90051412582 -1.47334849834
      vertex -0.145088121295 6.56017780304 -0.622457921505
      vertex -0.457298219204 6.30725860596 -2.37710094452
    endloop
  endfacet
  facet normal -0.964493632317 0.100833050907 -0.244099795818
    outer loop
      vertex -0.189786553383 6.30691957474 -0.436914116144
      vertex -0.145088121295 6.56017780304 -0.622457921505
      vertex -0.400996088982 5.90051412582 -1.47334849834
    endloop
  endfacet
  facet normal -0.955533802509 -0.22530682385 -0.190241917968
    outer loop
      vertex -11.5013647079 7.04142856598 -0.295443147421
      vertex -11.6423797607 5.37529659271 -1.10422158241
      vertex -11.7374820709 6.28222131729 0.0648896470666
    endloop
  endfacet
  facet normal 0.882018685341 0.46404260397 0.0818994045258
    outer loop
      vertex -7.54242992401 7.29998350143 -1.82969594002
      vertex -8.45136451721 7.13873100281 -0.130519077182
      vertex -8.13688659668 6.83529853821 -0.781808376312
    endloop
  endfacet
  facet normal -0.960723817348 0.198846966028 0.193570628762
    outer loop
      vertex -0.457298219204 6.30725860596 -2.37710094452
      vertex -0.145088121295 6.56017780304 -0.622457921505
      vertex -0.315034866333 7.77089834213 -0.26495680213
    endloop
  endfacet
  facet normal -0.952768564224 0.213704049587 0.215783774853
    outer loop
      vertex -0.535056769848 7.01235198975 -2.01182055473
      vertex -0.457298219204 6.30725860596 -2.37710094452
      vertex -0.315034866333 7.77089834213 -0.26495680213
    endloop
  endfacet
  facet normal -0.888040661812 0.272614151239 0.370223283768
    outer loop
      vertex -0.535056769848 7.01235198975 -2.01182055473
      vertex -0.315034866333 7.77089834213 -0.26495680213
      vertex -0.627887785435 7.87611484528 -1.14118564129
    endloop
  endfacet
  facet normal -0.865463793278 -0.317308962345 -0.387669235468
    outer loop
      vertex -10.5649242401 7.95703077316 -2.06167817116
      vertex -11.1940946579 7.59359645844 -0.789631485939
      vertex -10.7134361267 9.1498003006 -0.199355199933
    endloop
  endfacet
  facet normal 0.856289148331 0.431047976017 0.284546226263
    outer loop
      vertex -8.45136451721 7.13873100281 -0.130519077182
      vertex -7.54242992401 7.29998350143 -1.82969594002
      vertex -7.39922332764 7.84087324142 -1.75712406635
    endloop
  endfacet
  facet normal 0.849935352802 0.403522968292 0.338790595531
    outer loop
      vertex -8.04566574097 8.07864570618 -0.195900976658
      vertex -8.45136451721 7.13873100281 -0.130519077182
      vertex -7.39922332764 7.84087324142 -1.75712406635
    endloop
  endfacet
  facet normal 0.77328401804 0.395647376776 0.495474517345
    outer loop
      vertex -8.04566574097 8.07864570618 -0.195900976658
      vertex -7.39922332764 7.84087324142 -1.75712406635
      vertex -7.27092504501 8.42026424408 -1.28230166435
    endloop
  endfacet
  facet normal 0.706546902657 0.302719384432 0.639650285244
    outer loop
      vertex -7.27092504501 8.42026424408 -1.28230166435
      vertex -7.73539972305 8.6650094986 0.31893196702
      vertex -8.04566574097 8.07864570618 -0.195900976658
    endloop
  endfacet
  facet normal 0.922422349453 -0.143740102649 -0.358435153961
    outer loop
      vertex 2.04754781723 8.08727359772 -1.65811216831
      vertex 2.31235408783 8.16724777222 0.240654677153
      vertex 2.37388586998 7.54914236069 -0.905806303024
    endloop
  endfacet
  facet normal 0.957156896591 -0.141933992505 -0.252399384975
    outer loop
      vertex 2.37388586998 7.54914236069 -0.905806303024
      vertex 2.61991906166 6.64256620407 -0.858790040016
      vertex 2.36591887474 6.77581882477 -2.33472514153
    endloop
  endfacet
  facet normal -0.826198756695 -0.349094480276 -0.442186266184
    outer loop
      vertex -10.7134361267 9.1498003006 -0.199355199933
      vertex -10.1505050659 9.22290039062 -1.43904471397
      vertex -10.5649242401 7.95703077316 -2.06167817116
    endloop
  endfacet
  facet normal 0.552005648613 0.401281893253 0.730932712555
    outer loop
      vertex -7.27092504501 8.42026424408 -1.28230166435
      vertex -6.20454835892 8.71270084381 -2.21654343605
      vertex -6.99735784531 9.04487991333 -0.520887315273
    endloop
  endfacet
  facet normal 0.683755278587 0.300011187792 0.665185689926
    outer loop
      vertex -7.27092504501 8.42026424408 -1.28230166435
      vertex -6.99735784531 9.04487991333 -0.520887315273
      vertex -7.73539972305 8.6650094986 0.31893196702
    endloop
  endfacet
  facet normal 0.491898268461 0.383146375418 0.781815171242
    outer loop
      vertex -6.20454835892 8.71270084381 -2.21654343605
      vertex -6.21629667282 9.49278450012 -0.609690070152
      vertex -6.99735784531 9.04487991333 -0.520887315273
    endloop
  endfacet
  facet normal -0.330845803022 0.413207739592 0.84841054678
    outer loop
      vertex -3.06720232964 9.16764068604 -2.05982923508
      vertex -2.26075410843 8.83941555023 -2.08804678917
      vertex -2.55907821655 9.56407642365 -0.839013814926
    endloop
  endfacet
  facet normal -0.43157851696 0.373353540897 0.821186423302
    outer loop
      vertex -2.55907821655 9.56407642365 -0.839013814926
      vertex -2.26075410843 8.83941555023 -2.08804678917
      vertex -1.77595031261 9.29971218109 -0.515221953392
    endloop
  endfacet
  facet normal -0.49513566494 0.381114393473 0.780764043331
    outer loop
      vertex -2.26075410843 8.83941555023 -2.08804678917
      vertex -1.62211155891 8.45594882965 -2.04392027855
      vertex -1.77595031261 9.29971218109 -0.515221953392
    endloop
  endfacet
  facet normal -0.595821797848 0.3344424963 0.730167508125
    outer loop
      vertex -1.77595031261 9.29971218109 -0.515221953392
      vertex -1.0778067112 8.27557754517 -1.50738227367
      vertex -1.20777308941 9.02841663361 -0.095294393599
    endloop
  endfacet
  facet normal -0.584466636181 0.346226751804 0.733843147755
    outer loop
      vertex -1.62211155891 8.45594882965 -2.04392027855
      vertex -1.0778067112 8.27557754517 -1.50738227367
      vertex -1.77595031261 9.29971218109 -0.515221953392
    endloop
  endfacet
  facet normal -0.7546428442 0.279748260975 0.593510806561
    outer loop
      vertex -0.627887785435 7.87611484528 -1.14118564129
      vertex -0.800215005875 8.68546676636 0.111059628427
      vertex -1.0778067112 8.27557754517 -1.50738227367
    endloop
  endfacet
  facet normal -0.697600901127 0.286023586988 0.656919658184
    outer loop
      vertex -1.0778067112 8.27557754517 -1.50738227367
      vertex -0.800215005875 8.68546676636 0.111059628427
      vertex -1.20777308941 9.02841663361 -0.095294393599
    endloop
  endfacet
  facet normal 0.898430109024 -0.142787218094 -0.415253102779
    outer loop
      vertex 2.04754781723 8.08727359772 -1.65811216831
      vertex 1.68403029442 9.18284606934 -0.759258210659
      vertex 2.31235408783 8.16724777222 0.240654677153
    endloop
  endfacet
  facet normal -0.715718865395 -0.377468079329 -0.58759200573
    outer loop
      vertex -9.74609279633 10.5988826752 -0.0639072358608
      vertex -9.35929203033 9.84866714478 -1.96515703201
      vertex -10.1505050659 9.22290039062 -1.43904471397
    endloop
  endfacet
  facet normal -0.671003222466 -0.386249989271 -0.632902562618
    outer loop
      vertex -9.35929203033 9.84866714478 -1.96515703201
      vertex -9.74609279633 10.5988826752 -0.0639072358608
      vertex -9.19278907776 10.7570505142 -0.765949428082
    endloop
  endfacet
  facet normal 0.314070433378 0.33666023612 0.887704730034
    outer loop
      vertex -5.48546361923 9.89840507507 -0.221945032477
      vertex -6.21629667282 9.49278450012 -0.609690070152
      vertex -5.4413895607 9.44473743439 -1.45929026604
    endloop
  endfacet
  facet normal 0.159175023437 0.344841390848 0.925066351891
    outer loop
      vertex -5.4413895607 9.44473743439 -1.45929026604
      vertex -4.40111351013 9.90277099609 -0.710757613182
      vertex -5.48546361923 9.89840507507 -0.221945032477
    endloop
  endfacet
  facet normal -0.222190991044 0.383563309908 0.896387398243
    outer loop
      vertex -2.55907821655 9.56407642365 -0.839013814926
      vertex -3.34819793701 9.8997964859 -0.511557459831
      vertex -3.06720232964 9.16764068604 -2.05982923508
    endloop
  endfacet
  facet normal 0.798369050026 -0.186462342739 -0.57257193327
    outer loop
      vertex 1.12251341343 9.92589855194 -0.881785094738
      vertex 1.48028600216 9.90858078003 0.596899330616
      vertex 1.68403029442 9.18284606934 -0.759258210659
    endloop
  endfacet
  facet normal -0.550371408463 -0.40291377902 -0.731267213821
    outer loop
      vertex -8.68213558197 11.7242517471 0.291928321123
      vertex -8.43752098083 10.5556669235 -2.16313076019
      vertex -9.19278907776 10.7570505142 -0.765949428082
    endloop
  endfacet
  facet normal -0.503953397274 -0.41164547205 -0.759327948093
    outer loop
      vertex -8.43752098083 10.5556669235 -2.16313076019
      vertex -8.68213558197 11.7242517471 0.291928321123
      vertex -7.59844112396 11.8883142471 -0.732143461704
    endloop
  endfacet
  facet normal 0.571801126003 -0.30651986599 -0.760978996754
    outer loop
      vertex -0.5612231493 11.1395626068 -1.52613079548
      vertex -0.223251149058 11.5044059753 0.0101186623797
      vertex 0.374736636877 10.5198030472 -1.31877434254
    endloop
  endfacet
  facet normal 0.640904188156 -0.249471724033 -0.725951552391
    outer loop
      vertex -0.223251149058 11.5044059753 0.0101186623797
      vertex 0.587195158005 10.9885911942 0.591194272041
      vertex 0.374736636877 10.5198030472 -1.31877434254
    endloop
  endfacet
  facet normal 0.686633467674 -0.244429066777 -0.684681594372
    outer loop
      vertex 0.374736636877 10.5198030472 -1.31877434254
      vertex 0.587195158005 10.9885911942 0.591194272041
      vertex 1.12251341343 9.92589855194 -0.881785094738
    endloop
  endfacet
  facet normal -0.32104820013 -0.427933424711 -0.84486746788
    outer loop
      vertex -6.52414655685 12.2370786667 -0.84954559803
      vertex -7.22983932495 11.4209489822 -1.93139588833
      vertex -7.59844112396 11.8883142471 -0.732143461704
    endloop
  endfacet
  facet normal -0.322302520275 -0.398763746023 -0.85855025053
    outer loop
      vertex -6.52414655685 12.2370786667 -0.84954559803
      vertex -7.59844112396 11.8883142471 -0.732143461704
      vertex -7.07924032211 12.4670963287 0.0943455025554
    endloop
  endfacet
  facet normal -0.178418308496 -0.412333518267 -0.893391251564
    outer loop
      vertex -6.52414655685 12.2370786667 -0.84954559803
      vertex -6.04418706894 12.6816921234 -0.0938951075077
      vertex -5.53110837936 12.0064430237 -1.77894830704
    endloop
  endfacet
  facet normal -0.120536461473 -0.40066754818 -0.90826010704
    outer loop
      vertex -6.04418706894 12.6816921234 -0.0938951075077
      vertex -4.85534286499 12.6888532639 -0.435311853886
      vertex -5.53110837936 12.0064430237 -1.77894830704
    endloop
  endfacet
  facet normal -0.0473440438509 -0.433289021254 -0.90001064539
    outer loop
      vertex -5.53110837936 12.0064430237 -1.77894830704
      vertex -4.85534286499 12.6888532639 -0.435311853886
      vertex -4.33373785019 11.7027320862 -2.54063749313
    endloop
  endfacet
  facet normal -0.00691912695765 -0.425564467907 -0.904901683331
    outer loop
      vertex -4.85534286499 12.6888532639 -0.435311853886
      vertex -3.72344088554 12.2771205902 -1.32920658588
      vertex -4.33373785019 11.7027320862 -2.54063749313
    endloop
  endfacet
  facet normal 0.191510692239 -0.368738859892 -0.90959072113
    outer loop
      vertex -3.72344088554 12.2771205902 -1.32920658588
      vertex -2.68085718155 12.7139072418 0.28972607851
      vertex -2.36751627922 11.7394351959 -1.95132398605
    endloop
  endfacet
  facet normal 0.275418281555 -0.350694805384 -0.895074248314
    outer loop
      vertex -2.68085718155 12.7139072418 0.28972607851
      vertex -1.40647828579 12.0335969925 -0.445787966251
      vertex -2.36751627922 11.7394351959 -1.95132398605
    endloop
  endfacet
  facet normal 0.299583733082 -0.363580852747 -0.882076263428
    outer loop
      vertex -2.36751627922 11.7394351959 -1.95132398605
      vertex -1.40647828579 12.0335969925 -0.445787966251
      vertex -1.62010037899 11.5339803696 -1.83391809464
    endloop
  endfacet
  facet normal 0.416173607111 -0.363956004381 -0.833267986774
    outer loop
      vertex -1.40647828579 12.0335969925 -0.445787966251
      vertex -0.5612231493 11.1395626068 -1.52613079548
      vertex -1.62010037899 11.5339803696 -1.83391809464
    endloop
  endfacet
  facet normal 0.483671545982 -0.301543802023 -0.821664869785
    outer loop
      vertex -1.40647828579 12.0335969925 -0.445787966251
      vertex -0.223251149058 11.5044059753 0.0101186623797
      vertex -0.5612231493 11.1395626068 -1.52613079548
    endloop
  endfacet
  facet normal -0.25233772397 -0.3666215837 -0.895496666431
    outer loop
      vertex -6.04418706894 12.6816921234 -0.0938951075077
      vertex -6.52414655685 12.2370786667 -0.84954559803
      vertex -7.07924032211 12.4670963287 0.0943455025554
    endloop
  endfacet
  facet normal 0.0590541511774 -0.354972034693 -0.933009922504
    outer loop
      vertex -3.60458040237 12.9287052155 0.403195589781
      vertex -3.72344088554 12.2771205902 -1.32920658588
      vertex -4.85534286499 12.6888532639 -0.435311853886
    endloop
  endfacet
  facet normal 0.169718831778 -0.357112258673 -0.918513119221
    outer loop
      vertex -2.68085718155 12.7139072418 0.28972607851
      vertex -3.72344088554 12.2771205902 -1.32920658588
      vertex -3.60458040237 12.9287052155 0.403195589781
    endloop
  endfacet
  facet normal 0.306367516518 -0.303647696972 -0.902184605598
    outer loop
      vertex -1.81244778633 12.5459699631 0.666945457458
      vertex -1.40647828579 12.0335969925 -0.445787966251
      vertex -2.68085718155 12.7139072418 0.28972607851
    endloop
  endfacet
  facet normal -0.303696066141 0.120763808489 0.945084571838
    outer loop
      vertex -6.27733755112 -4.71264696121 -0.954515457153
      vertex -7.00541687012 -4.536901474 -1.41011691093
      vertex -5.98107194901 -5.0461306572 -2.81927347183
    endloop
  endfacet
  facet normal -0.335047334433 0.0951899066567 0.937380492687
    outer loop
      vertex -7.00541687012 -4.536901474 -1.41011691093
      vertex -7.19067144394 -4.56896543503 -2.37792372704
      vertex -5.98107194901 -5.0461306572 -2.81927347183
    endloop
  endfacet
  facet normal -0.169926822186 0.144593894482 0.974790990353
    outer loop
      vertex -5.18863201141 -5.18154096603 -2.8361530304
      vertex -4.97388029099 -5.01335668564 -1.44994783401
      vertex -6.27733755112 -4.71264696121 -0.954515457153
    endloop
  endfacet
  facet normal -0.163497388363 0.148443698883 0.975311756134
    outer loop
      vertex -5.98107194901 -5.0461306572 -2.81927347183
      vertex -5.18863201141 -5.18154096603 -2.8361530304
      vertex -6.27733755112 -4.71264696121 -0.954515457153
    endloop
  endfacet
  facet normal -0.0140406247228 0.122575506568 0.992359876633
    outer loop
      vertex -5.18863201141 -5.18154096603 -2.8361530304
      vertex -4.28177022934 -5.18450021744 -2.75623059273
      vertex -4.97388029099 -5.01335668564 -1.44994783401
    endloop
  endfacet
  facet normal 0.438321322203 0.0198807325214 0.898598432541
    outer loop
      vertex -1.56523036957 -4.32804727554 -2.733273983
      vertex -1.76575636864 -4.4004240036 -1.58354067802
      vertex -2.37860250473 -4.7208237648 -2.55368995667
    endloop
  endfacet
  facet normal -0.457106083632 0.116710014641 0.881721496582
    outer loop
      vertex -7.00541687012 -4.536901474 -1.41011691093
      vertex -8.15622425079 -3.91173553467 -1.19435870647
      vertex -7.19067144394 -4.56896543503 -2.37792372704
    endloop
  endfacet
  facet normal -0.532095968723 0.0356599055231 0.845932781696
    outer loop
      vertex -8.15622425079 -3.91173553467 -1.19435870647
      vertex -8.39724254608 -3.79328727722 -1.9808409214
      vertex -7.19067144394 -4.56896543503 -2.37792372704
    endloop
  endfacet
  facet normal 0.560115158558 0.0411737002432 0.827390909195
    outer loop
      vertex -0.531332910061 -3.60173487663 -2.32652401924
      vertex -0.138196706772 -3.25761413574 -0.75948369503
      vertex -1.76575636864 -4.4004240036 -1.58354067802
    endloop
  endfacet
  facet normal 0.562034249306 0.0460383147001 0.825831651688
    outer loop
      vertex -0.531332910061 -3.60173487663 -2.32652401924
      vertex -1.76575636864 -4.4004240036 -1.58354067802
      vertex -1.56523036957 -4.32804727554 -2.733273983
    endloop
  endfacet
  facet normal 0.722414076328 -0.0570786632597 0.689100861549
    outer loop
      vertex 0.535796642303 -2.52619671822 -1.80522441864
      vertex -0.531332910061 -3.60173487663 -2.32652401924
      vertex -0.294176846743 -3.2826218605 -3.17756319046
    endloop
  endfacet
  facet normal 0.115938179195 -0.246357321739 -0.962219536304
    outer loop
      vertex -4.53957605362 -1.86347293854 -3.17263960838
      vertex -4.99739837646 -1.40118086338 -1.58248007298
      vertex -4.10764980316 -1.48025178909 -1.47259008884
    endloop
  endfacet
  facet normal 0.332378149033 -0.173801347613 -0.926993966103
    outer loop
      vertex -5.52063274384 -1.41326379776 -2.64756035805
      vertex -4.99739837646 -1.40118086338 -1.58248007298
      vertex -4.53957605362 -1.86347293854 -3.17263960838
    endloop
  endfacet
  facet normal -0.2303673774 -0.228922575712 -0.945793509483
    outer loop
      vertex -3.62791180611 -1.85489726067 -3.50320339203
      vertex -4.10764980316 -1.48025178909 -1.47259008884
      vertex -3.3553340435 -1.25083684921 -1.28182625771
    endloop
  endfacet
  facet normal -0.0814942121506 -0.199419781566 -0.976519584656
    outer loop
      vertex -4.53957605362 -1.86347293854 -3.17263960838
      vertex -4.10764980316 -1.48025178909 -1.47259008884
      vertex -3.62791180611 -1.85489726067 -3.50320339203
    endloop
  endfacet
  facet normal -0.446363121271 -0.18340036273 -0.875856280327
    outer loop
      vertex -3.20562648773 -1.59814739227 -3.30482125282
      vertex -3.62791180611 -1.85489726067 -3.50320339203
      vertex -3.3553340435 -1.25083684921 -1.28182625771
    endloop
  endfacet
  facet normal -0.51775598526 -0.181837752461 -0.835980713367
    outer loop
      vertex -2.94392609596 -1.10747015476 -1.79413545132
      vertex -3.20562648773 -1.59814739227 -3.30482125282
      vertex -3.3553340435 -1.25083684921 -1.28182625771
    endloop
  endfacet
  facet normal -0.756217062473 -0.0799327641726 -0.649420142174
    outer loop
      vertex -2.88811564445 -1.21620833874 -3.20559167862
      vertex -3.20562648773 -1.59814739227 -3.30482125282
      vertex -2.94392609596 -1.10747015476 -1.79413545132
    endloop
  endfacet
  facet normal 0.833670139313 -0.0910270363092 0.544709265232
    outer loop
      vertex 0.97282487154 -1.99391138554 -0.983576893806
      vertex 0.870923876762 -1.82080423832 -2.9527156353
      vertex 1.35871362686 -1.25454652309 -1.87380647659
    endloop
  endfacet
  facet normal 0.833971619606 -0.0910024121404 0.544251739979
    outer loop
      vertex 0.97282487154 -1.99391138554 -0.983576893806
      vertex 0.535796642303 -2.52619671822 -1.80522441864
      vertex 0.870923876762 -1.82080423832 -2.9527156353
    endloop
  endfacet
  facet normal -0.882794678211 -0.0924994572997 0.46056202054
    outer loop
      vertex -10.030670166 -1.75882124901 -2.94020819664
      vertex -9.98047351837 -2.1733686924 -1.35520458221
      vertex -10.7231292725 -0.574747443199 -2.22712087631
    endloop
  endfacet
  facet normal -0.861437797546 -0.153730660677 0.484037041664
    outer loop
      vertex -10.7231292725 -0.574747443199 -2.22712087631
      vertex -9.98047351837 -2.1733686924 -1.35520458221
      vertex -10.7412929535 -1.21266198158 -0.116799712181
    endloop
  endfacet
  facet normal 0.592457234859 -0.0927127152681 -0.800249159336
    outer loop
      vertex -5.82829761505 -1.33679461479 -3.95357203484
      vertex -6.3778629303 -0.630640745163 -1.3702685833
      vertex -5.52063274384 -1.41326379776 -2.64756035805
    endloop
  endfacet
  facet normal 0.698292613029 -0.046699680388 -0.71428745985
    outer loop
      vertex -6.64236164093 -0.449166178703 -2.54956150055
      vertex -6.3778629303 -0.630640745163 -1.3702685833
      vertex -5.82829761505 -1.33679461479 -3.95357203484
    endloop
  endfacet
  facet normal -0.988539397717 -0.00491320667788 -0.150883242488
    outer loop
      vertex -2.59202551842 -0.592089951038 -2.4783115387
      vertex -2.54717302322 -0.273179113865 -1.7089881897
      vertex -2.56481933594 -0.409582793713 -2.3474624157
    endloop
  endfacet
  facet normal -0.955580234528 -0.0635872706771 -0.287789940834
    outer loop
      vertex -2.59202551842 -0.592089951038 -2.4783115387
      vertex -2.70063829422 -0.742199659348 -1.52547633648
      vertex -2.54717302322 -0.273179113865 -1.7089881897
    endloop
  endfacet
  facet normal -0.889344990253 -0.0294925030321 -0.456284612417
    outer loop
      vertex -2.59202551842 -0.592089951038 -2.4783115387
      vertex -2.88811564445 -1.21620833874 -3.20559167862
      vertex -2.70063829422 -0.742199659348 -1.52547633648
    endloop
  endfacet
  facet normal -0.802630245686 -0.0773017331958 -0.591446638107
    outer loop
      vertex -2.88811564445 -1.21620833874 -3.20559167862
      vertex -2.94392609596 -1.10747015476 -1.79413545132
      vertex -2.70063829422 -0.742199659348 -1.52547633648
    endloop
  endfacet
  facet normal 0.920103192329 -0.0890275463462 0.381423890591
    outer loop
      vertex 2.00638842583 0.360630422831 -2.10002064705
      vertex 1.65984654427 -0.830322444439 -0.579103827477
      vertex 1.35871362686 -1.25454652309 -1.87380647659
    endloop
  endfacet
  facet normal -0.930480659008 -0.239036560059 0.277609854937
    outer loop
      vertex -11.1420049667 1.03467309475 -2.46572589874
      vertex -10.7231292725 -0.574747443199 -2.22712087631
      vertex -11.2737779617 0.385025918484 -1.19830405712
    endloop
  endfacet
  facet normal 0.871202230453 0.0425912924111 -0.48907327652
    outer loop
      vertex -6.96140861511 0.113308593631 -2.48234248161
      vertex -7.1207242012 0.278169423342 -1.11663842201
      vertex -6.64236164093 -0.449166178703 -2.54956150055
    endloop
  endfacet
  facet normal 0.809247672558 -0.0277035553008 -0.586814045906
    outer loop
      vertex -7.1207242012 0.278169423342 -1.11663842201
      vertex -6.81866598129 -0.12019174546 -0.731266260147
      vertex -6.64236164093 -0.449166178703 -2.54956150055
    endloop
  endfacet
  facet normal 0.720468997955 -0.0552131347358 -0.691285729408
    outer loop
      vertex -6.64236164093 -0.449166178703 -2.54956150055
      vertex -6.81866598129 -0.12019174546 -0.731266260147
      vertex -6.3778629303 -0.630640745163 -1.3702685833
    endloop
  endfacet
  facet normal -0.991855502129 0.0173884481192 0.126175582409
    outer loop
      vertex -2.57376885414 -0.14036975801 -2.26234793663
      vertex -2.54717302322 -0.273179113865 -1.7089881897
      vertex -2.61633467674 0.338396191597 -1.21628749371
    endloop
  endfacet
  facet normal -0.998296797276 0.0371935069561 0.0449462980032
    outer loop
      vertex -2.57376885414 -0.14036975801 -2.26234793663
      vertex -2.56481933594 -0.409582793713 -2.3474624157
      vertex -2.54717302322 -0.273179113865 -1.7089881897
    endloop
  endfacet
  facet normal 0.911051213741 -0.145621046424 0.385720312595
    outer loop
      vertex 1.79551744461 0.257918715477 -3.14723467827
      vertex 2.00638842583 0.360630422831 -2.10002064705
      vertex 1.35871362686 -1.25454652309 -1.87380647659
    endloop
  endfacet
  facet normal -0.944251954556 -0.222535356879 0.242623701692
    outer loop
      vertex -11.1420049667 1.03467309475 -2.46572589874
      vertex -11.2737779617 0.385025918484 -1.19830405712
      vertex -11.5341434479 1.20588839054 -0.988492548466
    endloop
  endfacet
  facet normal -0.954799354076 -0.231903329492 0.18595443666
    outer loop
      vertex -11.3895673752 1.94181883335 -2.17386007309
      vertex -11.1420049667 1.03467309475 -2.46572589874
      vertex -11.5341434479 1.20588839054 -0.988492548466
    endloop
  endfacet
  facet normal 0.971336841583 0.232947021723 0.0473327673972
    outer loop
      vertex -6.89222145081 0.288946539164 -3.14079928398
      vertex -6.91221618652 0.877332031727 -2.93787193298
      vertex -7.27927446365 1.03711414337 -1.37485444546
    endloop
  endfacet
  facet normal 0.976103961468 0.145593971014 -0.161318033934
    outer loop
      vertex -6.96140861511 0.113308593631 -2.48234248161
      vertex -6.89222145081 0.288946539164 -3.14079928398
      vertex -7.27927446365 1.03711414337 -1.37485444546
    endloop
  endfacet
  facet normal 0.975766718388 0.139307096601 -0.168738916516
    outer loop
      vertex -6.96140861511 0.113308593631 -2.48234248161
      vertex -7.27927446365 1.03711414337 -1.37485444546
      vertex -7.42836236954 0.926419079304 -0.196495175362
    endloop
  endfacet
  facet normal 0.934877932072 0.0669773742557 -0.348593324423
    outer loop
      vertex -6.96140861511 0.113308593631 -2.48234248161
      vertex -7.42836236954 0.926419079304 -0.196495175362
      vertex -7.1207242012 0.278169423342 -1.11663842201
    endloop
  endfacet
  facet normal -0.560997903347 0.34400972724 0.752953290939
    outer loop
      vertex -3.90780186653 1.01136755943 -3.4075152874
      vertex -3.32363438606 0.746214210987 -3.0352332592
      vertex -3.63892841339 1.39089155197 -2.13836145401
    endloop
  endfacet
  facet normal -0.641197502613 0.28634262085 0.711950600147
    outer loop
      vertex -3.63892841339 1.39089155197 -2.13836145401
      vertex -3.32363438606 0.746214210987 -3.0352332592
      vertex -3.1894724369 1.1437202692 -1.74646663666
    endloop
  endfacet
  facet normal -0.725267410278 0.270742177963 0.632997572422
    outer loop
      vertex -3.32363438606 0.746214210987 -3.0352332592
      vertex -2.85432362556 0.602615058422 -2.1137740612
      vertex -3.1894724369 1.1437202692 -1.74646663666
    endloop
  endfacet
  facet normal -0.918030261993 0.133521780372 0.373352825642
    outer loop
      vertex -2.57376885414 -0.14036975801 -2.26234793663
      vertex -2.61633467674 0.338396191597 -1.21628749371
      vertex -2.85432362556 0.602615058422 -2.1137740612
    endloop
  endfacet
  facet normal -0.960387408733 -0.270092844963 0.0685993358493
    outer loop
      vertex -11.5275802612 3.44196152687 -2.06413269043
      vertex -11.3747243881 3.06355977058 -2.5115442276
      vertex -11.3895673752 1.94181883335 -2.17386007309
    endloop
  endfacet
  facet normal -0.953043043613 -0.293230652809 0.0756618231535
    outer loop
      vertex -11.3747243881 3.06355977058 -2.5115442276
      vertex -11.2580366135 1.91932785511 -2.5955529213
      vertex -11.3895673752 1.94181883335 -2.17386007309
    endloop
  endfacet
  facet normal -0.964942157269 -0.212946861982 0.153428554535
    outer loop
      vertex -11.5341434479 1.20588839054 -0.988492548466
      vertex -11.7976160049 2.43371725082 -0.679253697395
      vertex -11.3895673752 1.94181883335 -2.17386007309
    endloop
  endfacet
  facet normal -0.96795374155 -0.240752279758 0.0714415386319
    outer loop
      vertex -11.3895673752 1.94181883335 -2.17386007309
      vertex -11.7976160049 2.43371725082 -0.679253697395
      vertex -11.5275802612 3.44196152687 -2.06413269043
    endloop
  endfacet
  facet normal 0.919473290443 0.247182324529 0.3057282269
    outer loop
      vertex -7.08237600327 1.62317061424 -1.38241529465
      vertex -7.27927446365 1.03711414337 -1.37485444546
      vertex -6.91221618652 0.877332031727 -2.93787193298
    endloop
  endfacet
  facet normal 0.793026149273 0.331745684147 0.510934710503
    outer loop
      vertex -6.6921672821 1.52723312378 -2.46295237541
      vertex -7.08237600327 1.62317061424 -1.38241529465
      vertex -6.91221618652 0.877332031727 -2.93787193298
    endloop
  endfacet
  facet normal 0.434574753046 0.40162062645 0.806130051613
    outer loop
      vertex -6.6921672821 1.52723312378 -2.46295237541
      vertex -6.02362346649 1.52513849735 -3.19055652618
      vertex -6.47951126099 1.86594760418 -2.01319217682
    endloop
  endfacet
  facet normal 0.237160742283 0.353735655546 0.904779434204
    outer loop
      vertex -6.47951126099 1.86594760418 -2.01319217682
      vertex -6.02362346649 1.52513849735 -3.19055652618
      vertex -5.88415670395 2.10380411148 -1.80395972729
    endloop
  endfacet
  facet normal 0.0391867384315 0.381480127573 0.923546075821
    outer loop
      vertex -6.02362346649 1.52513849735 -3.19055652618
      vertex -5.11074972153 1.87520730495 -2.43682909012
      vertex -5.88415670395 2.10380411148 -1.80395972729
    endloop
  endfacet
  facet normal -0.24485065043 0.285187840462 0.926669359207
    outer loop
      vertex -5.08081817627 2.23322415352 -1.24781644344
      vertex -5.11074972153 1.87520730495 -2.43682909012
      vertex -4.2928404808 1.78615784645 -2.02395701408
    endloop
  endfacet
  facet normal -0.0460779331625 0.289074927568 0.956196904182
    outer loop
      vertex -5.08081817627 2.23322415352 -1.24781644344
      vertex -5.88415670395 2.10380411148 -1.80395972729
      vertex -5.11074972153 1.87520730495 -2.43682909012
    endloop
  endfacet
  facet normal -0.441677629948 0.341645002365 0.829577922821
    outer loop
      vertex -3.63892841339 1.39089155197 -2.13836145401
      vertex -4.2928404808 1.78615784645 -2.02395701408
      vertex -3.90780186653 1.01136755943 -3.4075152874
    endloop
  endfacet
  facet normal 0.962152123451 -0.135054796934 0.236692786217
    outer loop
      vertex 2.42794442177 1.50827550888 -1.10811531544
      vertex 2.00638842583 0.360630422831 -2.10002064705
      vertex 2.30772280693 2.19390892982 -3.16621279716
    endloop
  endfacet
  facet normal 0.975724995136 -0.118376530707 0.184248968959
    outer loop
      vertex 2.66338467598 2.56040072441 -0.805082440376
      vertex 2.42794442177 1.50827550888 -1.10811531544
      vertex 2.30772280693 2.19390892982 -3.16621279716
    endloop
  endfacet
  facet normal -0.972808897495 -0.226134002209 0.0500621721148
    outer loop
      vertex -11.7976160049 2.43371725082 -0.679253697395
      vertex -11.7452411652 3.81837654114 -1.21110570431
      vertex -11.5275802612 3.44196152687 -2.06413269043
    endloop
  endfacet
  facet normal 0.690440058708 0.307471990585 0.65479272604
    outer loop
      vertex -6.90545845032 1.99092209339 -0.996526062489
      vertex -7.08237600327 1.62317061424 -1.38241529465
      vertex -6.6921672821 1.52723312378 -2.46295237541
    endloop
  endfacet
  facet normal 0.433088690042 0.286501973867 0.854605615139
    outer loop
      vertex -6.47252750397 2.30774831772 -0.705903470516
      vertex -6.90545845032 1.99092209339 -0.996526062489
      vertex -6.47951126099 1.86594760418 -2.01319217682
    endloop
  endfacet
  facet normal 0.546017825603 0.32374599576 0.772692084312
    outer loop
      vertex -6.47951126099 1.86594760418 -2.01319217682
      vertex -6.90545845032 1.99092209339 -0.996526062489
      vertex -6.6921672821 1.52723312378 -2.46295237541
    endloop
  endfacet
  facet normal 0.150703713298 0.257999002934 0.954319059849
    outer loop
      vertex -5.81457185745 2.501942873 -0.37192055583
      vertex -6.47252750397 2.30774831772 -0.705903470516
      vertex -5.88415670395 2.10380411148 -1.80395972729
    endloop
  endfacet
  facet normal 0.257597059011 0.308122873306 0.915807843208
    outer loop
      vertex -5.88415670395 2.10380411148 -1.80395972729
      vertex -6.47252750397 2.30774831772 -0.705903470516
      vertex -6.47951126099 1.86594760418 -2.01319217682
    endloop
  endfacet
  facet normal -0.0312471818179 0.269140839577 0.962593793869
    outer loop
      vertex -5.88415670395 2.10380411148 -1.80395972729
      vertex -5.08081817627 2.23322415352 -1.24781644344
      vertex -5.81457185745 2.501942873 -0.37192055583
    endloop
  endfacet
  facet normal 0.986245810986 -0.116324566305 0.117421284318
    outer loop
      vertex 2.78109741211 3.62192511559 -0.878600299358
      vertex 2.66338467598 2.56040072441 -0.805082440376
      vertex 2.54827165604 3.71132564545 -2.9428331852
    endloop
  endfacet
  facet normal 0.982421994209 -0.126705870032 0.137086167932
    outer loop
      vertex 2.54827165604 3.71132564545 -2.9428331852
      vertex 2.66338467598 2.56040072441 -0.805082440376
      vertex 2.30772280693 2.19390892982 -3.16621279716
    endloop
  endfacet
  facet normal -0.93628257513 -0.349497199059 -0.0350233763456
    outer loop
      vertex -11.343952179 4.41051197052 -2.45900225639
      vertex -11.3747243881 3.06355977058 -2.5115442276
      vertex -11.5275802612 3.44196152687 -2.06413269043
    endloop
  endfacet
  facet normal -0.956338107586 -0.280396938324 -0.0824319943786
    outer loop
      vertex -11.7452411652 3.81837654114 -1.21110570431
      vertex -11.6423797607 5.37529659271 -1.10422158241
      vertex -11.5275802612 3.44196152687 -2.06413269043
    endloop
  endfacet
  facet normal -0.961450636387 -0.264734596014 -0.0743519812822
    outer loop
      vertex -11.5275802612 3.44196152687 -2.06413269043
      vertex -11.6423797607 5.37529659271 -1.10422158241
      vertex -11.343952179 4.41051197052 -2.45900225639
    endloop
  endfacet
  facet normal -0.210061937571 -0.26957398653 -0.939789235592
    outer loop
      vertex -2.10602426529 4.23041296005 -3.71159672737
      vertex -1.59554672241 4.77548408508 -2.20915269852
      vertex -1.50361561775 4.30402374268 -3.92439460754
    endloop
  endfacet
  facet normal -0.401058256626 -0.262709885836 -0.877573788166
    outer loop
      vertex -1.59554672241 4.77548408508 -2.20915269852
      vertex -1.12978553772 4.8764872551 -2.58279538155
      vertex -1.50361561775 4.30402374268 -3.92439460754
    endloop
  endfacet
  facet normal -0.497103780508 -0.219668850303 -0.839424490929
    outer loop
      vertex -1.50361561775 4.30402374268 -3.92439460754
      vertex -1.12978553772 4.8764872551 -2.58279538155
      vertex -1.1262717247 4.57758522034 -3.7329454422
    endloop
  endfacet
  facet normal -0.663417577744 -0.19010181725 -0.723697721958
    outer loop
      vertex -0.759046554565 5.21144294739 -2.60145998001
      vertex -1.1262717247 4.57758522034 -3.7329454422
      vertex -1.12978553772 4.8764872551 -2.58279538155
    endloop
  endfacet
  facet normal 0.993553638458 -0.111725203693 0.0192015748471
    outer loop
      vertex 2.77617716789 5.31949329376 -1.21410703659
      vertex 2.78109741211 3.62192511559 -0.878600299358
      vertex 2.58097219467 4.7299952507 -2.84871792793
    endloop
  endfacet
  facet normal 0.993366658688 -0.112971320748 0.0214508883655
    outer loop
      vertex 2.58097219467 4.7299952507 -2.84871792793
      vertex 2.78109741211 3.62192511559 -0.878600299358
      vertex 2.54827165604 3.71132564545 -2.9428331852
    endloop
  endfacet
  facet normal -0.936032295227 -0.316196113825 -0.154478251934
    outer loop
      vertex -11.343952179 4.41051197052 -2.45900225639
      vertex -11.6423797607 5.37529659271 -1.10422158241
      vertex -11.162946701 6.0582242012 -2.18983769417
    endloop
  endfacet
  facet normal 0.547195017338 0.265018552542 -0.793941259384
    outer loop
      vertex -7.44939756393 6.04183101654 -1.21019053459
      vertex -7.33712005615 5.79165410995 -0.692535400391
      vertex -5.98793506622 5.43022489548 -2.39548778534
    endloop
  endfacet
  facet normal 0.402287125587 0.126268297434 -0.90676420927
    outer loop
      vertex -7.33712005615 5.79165410995 -0.692535400391
      vertex -5.66409444809 5.21186351776 -1.85912871361
      vertex -5.98793506622 5.43022489548 -2.39548778534
    endloop
  endfacet
  facet normal 0.253630131483 -0.125637620687 -0.959107339382
    outer loop
      vertex -5.66409444809 5.21186351776 -1.85912871361
      vertex -4.01303482056 4.7979388237 -1.68593227863
      vertex -4.16343975067 4.70548534393 -2.69534301758
    endloop
  endfacet
  facet normal 0.0330400951207 -0.247507944703 -0.968322336674
    outer loop
      vertex -2.6347527504 4.44890928268 -2.86744856834
      vertex -4.01303482056 4.7979388237 -1.68593227863
      vertex -2.2469804287 4.88974237442 -1.09101700783
    endloop
  endfacet
  facet normal 0.152129888535 -0.112603716552 -0.981925070286
    outer loop
      vertex -4.16343975067 4.70548534393 -2.69534301758
      vertex -4.01303482056 4.7979388237 -1.68593227863
      vertex -2.6347527504 4.44890928268 -2.86744856834
    endloop
  endfacet
  facet normal -0.175652310252 -0.200818896294 -0.963752090931
    outer loop
      vertex -1.59554672241 4.77548408508 -2.20915269852
      vertex -2.6347527504 4.44890928268 -2.86744856834
      vertex -2.2469804287 4.88974237442 -1.09101700783
    endloop
  endfacet
  facet normal -0.101763047278 -0.308534145355 -0.945754170418
    outer loop
      vertex -1.59554672241 4.77548408508 -2.20915269852
      vertex -2.10602426529 4.23041296005 -3.71159672737
      vertex -2.6347527504 4.44890928268 -2.86744856834
    endloop
  endfacet
  facet normal -0.399419873953 -0.260269373655 -0.879046976566
    outer loop
      vertex -0.770590543747 5.37777853012 -1.44094347954
      vertex -1.12978553772 4.8764872551 -2.58279538155
      vertex -1.59554672241 4.77548408508 -2.20915269852
    endloop
  endfacet
  facet normal -0.915493607521 0.0464595891535 -0.39964106679
    outer loop
      vertex -0.400996088982 5.90051412582 -1.47334849834
      vertex -0.674417972565 5.48995876312 -3.32960987091
      vertex -0.759046554565 5.21144294739 -2.60145998001
    endloop
  endfacet
  facet normal -0.815830945969 -0.089991427958 -0.5712454319
    outer loop
      vertex -0.770590543747 5.37777853012 -1.44094347954
      vertex -0.400996088982 5.90051412582 -1.47334849834
      vertex -0.759046554565 5.21144294739 -2.60145998001
    endloop
  endfacet
  facet normal -0.669274091721 -0.111937791109 -0.734535336494
    outer loop
      vertex -0.770590543747 5.37777853012 -1.44094347954
      vertex -0.759046554565 5.21144294739 -2.60145998001
      vertex -1.12978553772 4.8764872551 -2.58279538155
    endloop
  endfacet
  facet normal 0.97854924202 -0.138283699751 -0.152705609798
    outer loop
      vertex 2.61991906166 6.64256620407 -0.858790040016
      vertex 2.77617716789 5.31949329376 -1.21410703659
      vertex 2.48880672455 5.61278867722 -2.92376756668
    endloop
  endfacet
  facet normal 0.984570741653 -0.150047063828 -0.0900351107121
    outer loop
      vertex 2.48880672455 5.61278867722 -2.92376756668
      vertex 2.77617716789 5.31949329376 -1.21410703659
      vertex 2.58097219467 4.7299952507 -2.84871792793
    endloop
  endfacet
  facet normal -0.936178565025 -0.278538376093 -0.214443579316
    outer loop
      vertex -11.5013647079 7.04142856598 -0.295443147421
      vertex -11.162946701 6.0582242012 -2.18983769417
      vertex -11.6423797607 5.37529659271 -1.10422158241
    endloop
  endfacet
  facet normal 0.835457801819 0.492543101311 -0.243744835258
    outer loop
      vertex -7.21482133865 6.84855794907 -2.3523888588
      vertex -8.13688659668 6.83529853821 -0.781808376312
      vertex -7.82693195343 6.44400310516 -1.11391687393
    endloop
  endfacet
  facet normal 0.813052296638 0.499527901411 -0.299028217793
    outer loop
      vertex -6.98120450974 6.33149385452 -2.42310738564
      vertex -7.21482133865 6.84855794907 -2.3523888588
      vertex -7.82693195343 6.44400310516 -1.11391687393
    endloop
  endfacet
  facet normal 0.711737334728 0.410810172558 -0.569793760777
    outer loop
      vertex -6.98120450974 6.33149385452 -2.42310738564
      vertex -7.82693195343 6.44400310516 -1.11391687393
      vertex -7.44939756393 6.04183101654 -1.21019053459
    endloop
  endfacet
  facet normal 0.556484520435 0.283072799444 -0.781149685383
    outer loop
      vertex -5.98793506622 5.43022489548 -2.39548778534
      vertex -6.4856877327 5.85048627853 -2.57669615746
      vertex -7.44939756393 6.04183101654 -1.21019053459
    endloop
  endfacet
  facet normal 0.697593808174 0.409657865763 -0.587829351425
    outer loop
      vertex -6.4856877327 5.85048627853 -2.57669615746
      vertex -6.98120450974 6.33149385452 -2.42310738564
      vertex -7.44939756393 6.04183101654 -1.21019053459
    endloop
  endfacet
  facet normal 0.385217249393 0.138837426901 -0.912322223186
    outer loop
      vertex -4.16343975067 4.70548534393 -2.69534301758
      vertex -5.98793506622 5.43022489548 -2.39548778534
      vertex -5.66409444809 5.21186351776 -1.85912871361
    endloop
  endfacet
  facet normal -0.985202372074 0.117524541914 -0.124756857753
    outer loop
      vertex -0.457298219204 6.30725860596 -2.37710094452
      vertex -0.674417972565 5.48995876312 -3.32960987091
      vertex -0.400996088982 5.90051412582 -1.47334849834
    endloop
  endfacet
  facet normal 0.972128093243 -0.151114434004 -0.179252177477
    outer loop
      vertex 2.36591887474 6.77581882477 -2.33472514153
      vertex 2.61991906166 6.64256620407 -0.858790040016
      vertex 2.48880672455 5.61278867722 -2.92376756668
    endloop
  endfacet
  facet normal -0.922445595264 -0.294436573982 -0.249802440405
    outer loop
      vertex -11.1940946579 7.59359645844 -0.789631485939
      vertex -11.162946701 6.0582242012 -2.18983769417
      vertex -11.5013647079 7.04142856598 -0.295443147421
    endloop
  endfacet
  facet normal -0.885831952095 -0.351652741432 -0.302724391222
    outer loop
      vertex -10.5649242401 7.95703077316 -2.06167817116
      vertex -11.162946701 6.0582242012 -2.18983769417
      vertex -11.1940946579 7.59359645844 -0.789631485939
    endloop
  endfacet
  facet normal 0.861559569836 0.506140291691 -0.0392055734992
    outer loop
      vertex -7.54242992401 7.29998350143 -1.82969594002
      vertex -8.13688659668 6.83529853821 -0.781808376312
      vertex -7.21482133865 6.84855794907 -2.3523888588
    endloop
  endfacet
  facet normal -0.848482370377 0.324384212494 0.41815379262
    outer loop
      vertex -0.627887785435 7.87611484528 -1.14118564129
      vertex -0.857035577297 6.9467587471 -2.93856573105
      vertex -0.535056769848 7.01235198975 -2.01182055473
    endloop
  endfacet
  facet normal -0.786020815372 -0.423459976912 -0.450391918421
    outer loop
      vertex -9.71206378937 8.79250907898 -2.75613188744
      vertex -10.2784786224 7.68143367767 -2.88649940491
      vertex -10.5649242401 7.95703077316 -2.06167817116
    endloop
  endfacet
  facet normal 0.799560844898 0.529845714569 0.282782584429
    outer loop
      vertex -7.39922332764 7.84087324142 -1.75712406635
      vertex -7.54242992401 7.29998350143 -1.82969594002
      vertex -6.74927663803 7.42162227631 -2.96168017387
    endloop
  endfacet
  facet normal 0.740961074829 0.539151787758 0.400364905596
    outer loop
      vertex -6.65865802765 7.99153375626 -2.66301131248
      vertex -7.39922332764 7.84087324142 -1.75712406635
      vertex -6.74927663803 7.42162227631 -2.96168017387
    endloop
  endfacet
  facet normal -0.566995799541 0.474082648754 0.673618137836
    outer loop
      vertex -1.92404484749 7.91170930862 -3.1783311367
      vertex -1.52620649338 7.34531164169 -3.5073094368
      vertex -1.62211155891 8.45594882965 -2.04392027855
    endloop
  endfacet
  facet normal -0.76675838232 0.369261741638 0.525097489357
    outer loop
      vertex -0.857035577297 6.9467587471 -2.93856573105
      vertex -0.627887785435 7.87611484528 -1.14118564129
      vertex -1.0778067112 8.27557754517 -1.50738227367
    endloop
  endfacet
  facet normal -0.701473474503 0.423804938793 0.572995901108
    outer loop
      vertex -1.52620649338 7.34531164169 -3.5073094368
      vertex -0.857035577297 6.9467587471 -2.93856573105
      vertex -1.0778067112 8.27557754517 -1.50738227367
    endloop
  endfacet
  facet normal -0.640316128731 0.437296748161 0.631479859352
    outer loop
      vertex -1.52620649338 7.34531164169 -3.5073094368
      vertex -1.0778067112 8.27557754517 -1.50738227367
      vertex -1.62211155891 8.45594882965 -2.04392027855
    endloop
  endfacet
  facet normal 0.846283078194 -0.250206232071 -0.470320940018
    outer loop
      vertex 1.38635659218 8.9016160965 -2.36373996735
      vertex 2.04754781723 8.08727359772 -1.65811216831
      vertex 1.524964571 8.42715454102 -2.7867808342
    endloop
  endfacet
  facet normal 0.931596159935 -0.177013799548 -0.317481845617
    outer loop
      vertex 2.04754781723 8.08727359772 -1.65811216831
      vertex 2.37388586998 7.54914236069 -0.905806303024
      vertex 2.36591887474 6.77581882477 -2.33472514153
    endloop
  endfacet
  facet normal -0.718138158321 -0.420301258564 -0.554639041424
    outer loop
      vertex -9.71206378937 8.79250907898 -2.75613188744
      vertex -10.1505050659 9.22290039062 -1.43904471397
      vertex -9.35929203033 9.84866714478 -1.96515703201
    endloop
  endfacet
  facet normal -0.78637701273 -0.412144184113 -0.460161238909
    outer loop
      vertex -9.71206378937 8.79250907898 -2.75613188744
      vertex -10.5649242401 7.95703077316 -2.06167817116
      vertex -10.1505050659 9.22290039062 -1.43904471397
    endloop
  endfacet
  facet normal 0.589376330376 0.466218352318 0.659754514694
    outer loop
      vertex -6.65865802765 7.99153375626 -2.66301131248
      vertex -6.20454835892 8.71270084381 -2.21654343605
      vertex -7.27092504501 8.42026424408 -1.28230166435
    endloop
  endfacet
  facet normal 0.692142248154 0.475525468588 0.542968392372
    outer loop
      vertex -6.65865802765 7.99153375626 -2.66301131248
      vertex -7.27092504501 8.42026424408 -1.28230166435
      vertex -7.39922332764 7.84087324142 -1.75712406635
    endloop
  endfacet
  facet normal 0.320145189762 0.471627384424 0.821629285812
    outer loop
      vertex -5.4413895607 9.44473743439 -1.45929026604
      vertex -6.20454835892 8.71270084381 -2.21654343605
      vertex -5.37501239777 8.64216423035 -2.90252351761
    endloop
  endfacet
  facet normal 0.391829162836 0.404123306274 0.826531469822
    outer loop
      vertex -5.4413895607 9.44473743439 -1.45929026604
      vertex -6.21629667282 9.49278450012 -0.609690070152
      vertex -6.20454835892 8.71270084381 -2.21654343605
    endloop
  endfacet
  facet normal 0.18183067441 0.48427516222 0.855812609196
    outer loop
      vertex -5.4413895607 9.44473743439 -1.45929026604
      vertex -5.37501239777 8.64216423035 -2.90252351761
      vertex -4.42941427231 9.31973361969 -2.06016373634
    endloop
  endfacet
  facet normal -0.475692331791 0.480180829763 0.73698246479
    outer loop
      vertex -1.62211155891 8.45594882965 -2.04392027855
      vertex -2.26075410843 8.83941555023 -2.08804678917
      vertex -1.92404484749 7.91170930862 -3.1783311367
    endloop
  endfacet
  facet normal 0.632502377033 -0.375049322844 -0.677701115608
    outer loop
      vertex 0.215834766626 9.77821159363 -3.12975096703
      vertex 0.706981658936 9.85960197449 -2.15438580513
      vertex 0.694879710674 9.32101249695 -3.14800739288
    endloop
  endfacet
  facet normal 0.734338879585 -0.330359429121 -0.592966258526
    outer loop
      vertex 0.706981658936 9.85960197449 -2.15438580513
      vertex 1.38635659218 8.9016160965 -2.36373996735
      vertex 0.694879710674 9.32101249695 -3.14800739288
    endloop
  endfacet
  facet normal 0.754099547863 -0.277245819569 -0.595372676849
    outer loop
      vertex 0.706981658936 9.85960197449 -2.15438580513
      vertex 1.12251341343 9.92589855194 -0.881785094738
      vertex 1.38635659218 8.9016160965 -2.36373996735
    endloop
  endfacet
  facet normal 0.792515158653 -0.244926393032 -0.558507680893
    outer loop
      vertex 1.12251341343 9.92589855194 -0.881785094738
      vertex 1.68403029442 9.18284606934 -0.759258210659
      vertex 1.38635659218 8.9016160965 -2.36373996735
    endloop
  endfacet
  facet normal 0.844977557659 -0.240491971374 -0.47767829895
    outer loop
      vertex 1.38635659218 8.9016160965 -2.36373996735
      vertex 1.68403029442 9.18284606934 -0.759258210659
      vertex 2.04754781723 8.08727359772 -1.65811216831
    endloop
  endfacet
  facet normal -0.606637835503 -0.424783229828 -0.671974539757
    outer loop
      vertex -8.43752098083 10.5556669235 -2.16313076019
      vertex -9.35929203033 9.84866714478 -1.96515703201
      vertex -9.19278907776 10.7570505142 -0.765949428082
    endloop
  endfacet
  facet normal 0.119859926403 0.391651570797 0.912273347378
    outer loop
      vertex -4.40111351013 9.90277099609 -0.710757613182
      vertex -5.4413895607 9.44473743439 -1.45929026604
      vertex -4.42941427231 9.31973361969 -2.06016373634
    endloop
  endfacet
  facet normal -0.0776544883847 0.396804630756 0.914612412453
    outer loop
      vertex -3.34819793701 9.8997964859 -0.511557459831
      vertex -4.40111351013 9.90277099609 -0.710757613182
      vertex -4.42941427231 9.31973361969 -2.06016373634
    endloop
  endfacet
  facet normal -0.101295292377 0.410214096308 0.906346321106
    outer loop
      vertex -4.42941427231 9.31973361969 -2.06016373634
      vertex -3.06720232964 9.16764068604 -2.05982923508
      vertex -3.34819793701 9.8997964859 -0.511557459831
    endloop
  endfacet
  facet normal 0.466421455145 -0.404538869858 -0.786637961864
    outer loop
      vertex -1.34596645832 10.8504610062 -2.9930832386
      vertex -0.5612231493 11.1395626068 -1.52613079548
      vertex -0.337849885225 10.081445694 -3.32612872124
    endloop
  endfacet
  facet normal 0.544010639191 -0.374022752047 -0.751105427742
    outer loop
      vertex -0.5612231493 11.1395626068 -1.52613079548
      vertex 0.215834766626 9.77821159363 -3.12975096703
      vertex -0.337849885225 10.081445694 -3.32612872124
    endloop
  endfacet
  facet normal 0.573544681072 -0.350589782 -0.74036026001
    outer loop
      vertex -0.5612231493 11.1395626068 -1.52613079548
      vertex 0.706981658936 9.85960197449 -2.15438580513
      vertex 0.215834766626 9.77821159363 -3.12975096703
    endloop
  endfacet
  facet normal 0.569333195686 -0.358246177435 -0.739945530891
    outer loop
      vertex -0.5612231493 11.1395626068 -1.52613079548
      vertex 0.374736636877 10.5198030472 -1.31877434254
      vertex 0.706981658936 9.85960197449 -2.15438580513
    endloop
  endfacet
  facet normal 0.689178645611 -0.260260403156 -0.676237642765
    outer loop
      vertex 0.706981658936 9.85960197449 -2.15438580513
      vertex 0.374736636877 10.5198030472 -1.31877434254
      vertex 1.12251341343 9.92589855194 -0.881785094738
    endloop
  endfacet
  facet normal -0.464900553226 -0.441882640123 -0.767207384109
    outer loop
      vertex -7.22983932495 11.4209489822 -1.93139588833
      vertex -8.43752098083 10.5556669235 -2.16313076019
      vertex -7.59844112396 11.8883142471 -0.732143461704
    endloop
  endfacet
  facet normal -0.458320528269 -0.45725646615 -0.762140929699
    outer loop
      vertex -7.22983932495 11.4209489822 -1.93139588833
      vertex -7.89452648163 10.3461856842 -3.05654525757
      vertex -8.43752098083 10.5556669235 -2.16313076019
    endloop
  endfacet
  facet normal -0.171732068062 -0.500595808029 -0.848476231098
    outer loop
      vertex -6.45874357224 11.3777084351 -2.52638101578
      vertex -5.53110837936 12.0064430237 -1.77894830704
      vertex -4.94358301163 10.9796819687 -3.7207930088
    endloop
  endfacet
  facet normal -0.0890214368701 -0.486494958401 -0.869136273861
    outer loop
      vertex -5.53110837936 12.0064430237 -1.77894830704
      vertex -4.33373785019 11.7027320862 -2.54063749313
      vertex -4.94358301163 10.9796819687 -3.7207930088
    endloop
  endfacet
  facet normal 0.0843185186386 -0.461261719465 -0.883248567581
    outer loop
      vertex -4.33373785019 11.7027320862 -2.54063749313
      vertex -3.72344088554 12.2771205902 -1.32920658588
      vertex -3.25135064125 11.1969413757 -3.31129336357
    endloop
  endfacet
  facet normal 0.145216390491 -0.446561783552 -0.882889986038
    outer loop
      vertex -3.72344088554 12.2771205902 -1.32920658588
      vertex -2.36751627922 11.7394351959 -1.95132398605
      vertex -3.25135064125 11.1969413757 -3.31129336357
    endloop
  endfacet
  facet normal 0.301482796669 -0.430392116308 -0.850805938244
    outer loop
      vertex -2.36751627922 11.7394351959 -1.95132398605
      vertex -1.62010037899 11.5339803696 -1.83391809464
      vertex -1.34596645832 10.8504610062 -2.9930832386
    endloop
  endfacet
  facet normal 0.418423950672 -0.385872453451 -0.822206676006
    outer loop
      vertex -1.62010037899 11.5339803696 -1.83391809464
      vertex -0.5612231493 11.1395626068 -1.52613079548
      vertex -1.34596645832 10.8504610062 -2.9930832386
    endloop
  endfacet
  facet normal -0.295798152685 -0.444789856672 -0.845378875732
    outer loop
      vertex -6.52414655685 12.2370786667 -0.84954559803
      vertex -6.45874357224 11.3777084351 -2.52638101578
      vertex -7.22983932495 11.4209489822 -1.93139588833
    endloop
  endfacet
  facet normal -0.221906498075 -0.451557099819 -0.864206969738
    outer loop
      vertex -5.53110837936 12.0064430237 -1.77894830704
      vertex -6.45874357224 11.3777084351 -2.52638101578
      vertex -6.52414655685 12.2370786667 -0.84954559803
    endloop
  endfacet
  facet normal -0.169979706407 0.00891846884042 0.985407233238
    outer loop
      vertex -6.23020601273 -5.00795888901 -3.35001206398
      vertex -4.95268630981 -5.23120164871 -3.66759705544
      vertex -5.98107194901 -5.0461306572 -2.81927347183
    endloop
  endfacet
  facet normal -0.168195515871 0.0111432094127 0.985690653324
    outer loop
      vertex -5.98107194901 -5.0461306572 -2.81927347183
      vertex -4.95268630981 -5.23120164871 -3.66759705544
      vertex -5.18863201141 -5.18154096603 -2.8361530304
    endloop
  endfacet
  facet normal -0.00830477662385 0.057271271944 0.998324096203
    outer loop
      vertex -5.18863201141 -5.18154096603 -2.8361530304
      vertex -4.95268630981 -5.23120164871 -3.66759705544
      vertex -4.28177022934 -5.18450021744 -2.75623059273
    endloop
  endfacet
  facet normal 0.0626546144485 0.00501798978075 0.998022675514
    outer loop
      vertex -4.95268630981 -5.23120164871 -3.66759705544
      vertex -3.8403673172 -5.16103458405 -3.60059189796
      vertex -4.28177022934 -5.18450021744 -2.75623059273
    endloop
  endfacet
  facet normal -0.655662119389 -0.107404142618 0.747376441956
    outer loop
      vertex -8.13994312286 -3.82912921906 -4.65407657623
      vertex -7.73714971542 -4.21682691574 -4.41516923904
      vertex -8.36785316467 -3.82061457634 -3.32202315331
    endloop
  endfacet
  facet normal -0.581513524055 -0.0410184077919 0.812501966953
    outer loop
      vertex -8.36785316467 -3.82061457634 -3.32202315331
      vertex -7.73714971542 -4.21682691574 -4.41516923904
      vertex -7.48008871078 -4.4610748291 -3.22137284279
    endloop
  endfacet
  facet normal -0.497014284134 -0.0699381530285 0.864919364452
    outer loop
      vertex -7.73714971542 -4.21682691574 -4.41516923904
      vertex -6.80682277679 -4.78727054596 -3.97189450264
      vertex -7.48008871078 -4.4610748291 -3.22137284279
    endloop
  endfacet
  facet normal -0.396814674139 0.0425447262824 0.916912257671
    outer loop
      vertex -7.48008871078 -4.4610748291 -3.22137284279
      vertex -6.80682277679 -4.78727054596 -3.97189450264
      vertex -6.23020601273 -5.00795888901 -3.35001206398
    endloop
  endfacet
  facet normal -0.399077951908 0.0196765828878 0.916705846786
    outer loop
      vertex -7.48008871078 -4.4610748291 -3.22137284279
      vertex -6.23020601273 -5.00795888901 -3.35001206398
      vertex -7.19067144394 -4.56896543503 -2.37792372704
    endloop
  endfacet
  facet normal -0.33666318655 0.0906246230006 0.937254011631
    outer loop
      vertex -7.19067144394 -4.56896543503 -2.37792372704
      vertex -6.23020601273 -5.00795888901 -3.35001206398
      vertex -5.98107194901 -5.0461306572 -2.81927347183
    endloop
  endfacet
  facet normal 0.286890208721 0.0364350788295 0.95727032423
    outer loop
      vertex -2.86681699753 -4.90817165375 -3.63173890114
      vertex -2.37860250473 -4.7208237648 -2.55368995667
      vertex -3.34312534332 -4.99605894089 -2.19037461281
    endloop
  endfacet
  facet normal 0.252045691013 0.0243022125214 0.96741014719
    outer loop
      vertex -3.8403673172 -5.16103458405 -3.60059189796
      vertex -2.86681699753 -4.90817165375 -3.63173890114
      vertex -3.34312534332 -4.99605894089 -2.19037461281
    endloop
  endfacet
  facet normal 0.162900686264 0.0577864907682 0.984948754311
    outer loop
      vertex -3.8403673172 -5.16103458405 -3.60059189796
      vertex -3.34312534332 -4.99605894089 -2.19037461281
      vertex -4.28177022934 -5.18450021744 -2.75623059273
    endloop
  endfacet
  facet normal 0.416237354279 -0.0305757131428 0.908741772175
    outer loop
      vertex -2.05389356613 -4.52813339233 -3.86027121544
      vertex -2.37860250473 -4.7208237648 -2.55368995667
      vertex -2.86681699753 -4.90817165375 -3.63173890114
    endloop
  endfacet
  facet normal 0.430000036955 -0.0262272339314 0.90244781971
    outer loop
      vertex -2.05389356613 -4.52813339233 -3.86027121544
      vertex -1.56523036957 -4.32804727554 -2.733273983
      vertex -2.37860250473 -4.7208237648 -2.55368995667
    endloop
  endfacet
  facet normal -0.714151084423 -0.117778070271 0.690011978149
    outer loop
      vertex -9.03803157806 -3.09823513031 -3.49049043655
      vertex -8.13994312286 -3.82912921906 -4.65407657623
      vertex -8.36785316467 -3.82061457634 -3.32202315331
    endloop
  endfacet
  facet normal -0.585340082645 0.00369327445515 0.810779511929
    outer loop
      vertex -8.39724254608 -3.79328727722 -1.9808409214
      vertex -8.36785316467 -3.82061457634 -3.32202315331
      vertex -7.48008871078 -4.4610748291 -3.22137284279
    endloop
  endfacet
  facet normal -0.522838532925 0.0707410126925 0.849491357803
    outer loop
      vertex -8.39724254608 -3.79328727722 -1.9808409214
      vertex -7.48008871078 -4.4610748291 -3.22137284279
      vertex -7.19067144394 -4.56896543503 -2.37792372704
    endloop
  endfacet
  facet normal 0.540363013744 -0.0856896713376 0.837057411671
    outer loop
      vertex -1.2247723341 -3.99274301529 -3.86174201965
      vertex -1.56523036957 -4.32804727554 -2.733273983
      vertex -2.05389356613 -4.52813339233 -3.86027121544
    endloop
  endfacet
  facet normal 0.589792490005 -0.061317935586 0.80522352457
    outer loop
      vertex -1.56523036957 -4.32804727554 -2.733273983
      vertex -1.2247723341 -3.99274301529 -3.86174201965
      vertex -0.531332910061 -3.60173487663 -2.32652401924
    endloop
  endfacet
  facet normal 0.649593651295 -0.101509414613 0.753474593163
    outer loop
      vertex -1.2247723341 -3.99274301529 -3.86174201965
      vertex -0.294176846743 -3.2826218605 -3.17756319046
      vertex -0.531332910061 -3.60173487663 -2.32652401924
    endloop
  endfacet
  facet normal -0.725017547607 -0.0584138520062 0.686248779297
    outer loop
      vertex -9.03803157806 -3.09823513031 -3.49049043655
      vertex -8.36785316467 -3.82061457634 -3.32202315331
      vertex -9.17528343201 -3.08503556252 -1.94202005863
    endloop
  endfacet
  facet normal -0.673154056072 0.000316651334288 0.739502191544
    outer loop
      vertex -9.17528343201 -3.08503556252 -1.94202005863
      vertex -8.36785316467 -3.82061457634 -3.32202315331
      vertex -8.39724254608 -3.79328727722 -1.9808409214
    endloop
  endfacet
  facet normal 0.00628561293706 -0.113643631339 -0.993501722813
    outer loop
      vertex -4.55978155136 -2.04695153236 -4.32220602036
      vertex -3.99584197998 -2.00235438347 -3.90113472939
      vertex -4.21674537659 -2.08287072182 -4.61724805832
    endloop
  endfacet
  facet normal -0.204587697983 -0.0468207933009 -0.97772783041
    outer loop
      vertex -4.21674537659 -2.08287072182 -4.61724805832
      vertex -3.99584197998 -2.00235438347 -3.90113472939
      vertex -3.87434649467 -2.01290869713 -4.65242052078
    endloop
  endfacet
  facet normal -0.311186403036 -0.0636449828744 -0.94821536541
    outer loop
      vertex -3.62791180611 -1.85489726067 -3.50320339203
      vertex -3.87434649467 -2.01290869713 -4.65242052078
      vertex -3.99584197998 -2.00235438347 -3.90113472939
    endloop
  endfacet
  facet normal 0.774785041809 -0.127231165767 0.619290232658
    outer loop
      vertex 0.535796642303 -2.52619671822 -1.80522441864
      vertex -0.294176846743 -3.2826218605 -3.17756319046
      vertex -0.0408721081913 -2.79281663895 -4.0191411972
    endloop
  endfacet
  facet normal 0.792116165161 -0.134630098939 0.595337450504
    outer loop
      vertex 0.535796642303 -2.52619671822 -1.80522441864
      vertex -0.0408721081913 -2.79281663895 -4.0191411972
      vertex 0.870923876762 -1.82080423832 -2.9527156353
    endloop
  endfacet
  facet normal -0.847738444805 -0.21111561358 0.486589938402
    outer loop
      vertex -9.3570690155 -2.57379317284 -3.76667714119
      vertex -10.030670166 -1.75882124901 -2.94020819664
      vertex -9.66239643097 -1.87541103363 -4.15029668808
    endloop
  endfacet
  facet normal -0.820214748383 -0.116157352924 0.560138583183
    outer loop
      vertex -9.03803157806 -3.09823513031 -3.49049043655
      vertex -10.030670166 -1.75882124901 -2.94020819664
      vertex -9.3570690155 -2.57379317284 -3.76667714119
    endloop
  endfacet
  facet normal -0.820576190948 -0.120154075325 0.558764457703
    outer loop
      vertex -9.03803157806 -3.09823513031 -3.49049043655
      vertex -9.98047351837 -2.1733686924 -1.35520458221
      vertex -10.030670166 -1.75882124901 -2.94020819664
    endloop
  endfacet
  facet normal -0.767703175545 -0.0626108944416 0.637739479542
    outer loop
      vertex -9.03803157806 -3.09823513031 -3.49049043655
      vertex -9.17528343201 -3.08503556252 -1.94202005863
      vertex -9.98047351837 -2.1733686924 -1.35520458221
    endloop
  endfacet
  facet normal 0.76169615984 0.0325281582773 -0.647117316723
    outer loop
      vertex -6.21117925644 -0.858184695244 -4.50931310654
      vertex -6.64236164093 -0.449166178703 -2.54956150055
      vertex -5.82829761505 -1.33679461479 -3.95357203484
    endloop
  endfacet
  facet normal 0.342870861292 -0.153931677341 -0.926684737206
    outer loop
      vertex -4.55978155136 -2.04695153236 -4.32220602036
      vertex -5.52063274384 -1.41326379776 -2.64756035805
      vertex -4.53957605362 -1.86347293854 -3.17263960838
    endloop
  endfacet
  facet normal -0.103366263211 -0.260169029236 -0.960014343262
    outer loop
      vertex -3.62791180611 -1.85489726067 -3.50320339203
      vertex -3.99584197998 -2.00235438347 -3.90113472939
      vertex -4.53957605362 -1.86347293854 -3.17263960838
    endloop
  endfacet
  facet normal 0.0400792211294 -0.158172130585 -0.986597836018
    outer loop
      vertex -3.99584197998 -2.00235438347 -3.90113472939
      vertex -4.55978155136 -2.04695153236 -4.32220602036
      vertex -4.53957605362 -1.86347293854 -3.17263960838
    endloop
  endfacet
  facet normal -0.899248659611 -0.238332659006 0.366809666157
    outer loop
      vertex -10.431596756 -0.339942991734 -3.61122632027
      vertex -9.66239643097 -1.87541103363 -4.15029668808
      vertex -10.030670166 -1.75882124901 -2.94020819664
    endloop
  endfacet
  facet normal -0.89382737875 -0.251271098852 0.371396660805
    outer loop
      vertex -10.7231292725 -0.574747443199 -2.22712087631
      vertex -10.431596756 -0.339942991734 -3.61122632027
      vertex -10.030670166 -1.75882124901 -2.94020819664
    endloop
  endfacet
  facet normal 0.949821233749 0.169862493873 -0.262652605772
    outer loop
      vertex -6.89222145081 0.288946539164 -3.14079928398
      vertex -6.96140861511 0.113308593631 -2.48234248161
      vertex -6.61821126938 -0.209953561425 -3.90155148506
    endloop
  endfacet
  facet normal 0.885263621807 0.111213944852 -0.451596915722
    outer loop
      vertex -6.96140861511 0.113308593631 -2.48234248161
      vertex -6.21117925644 -0.858184695244 -4.50931310654
      vertex -6.61821126938 -0.209953561425 -3.90155148506
    endloop
  endfacet
  facet normal 0.870841264725 0.0907718837261 -0.483110666275
    outer loop
      vertex -6.96140861511 0.113308593631 -2.48234248161
      vertex -6.64236164093 -0.449166178703 -2.54956150055
      vertex -6.21117925644 -0.858184695244 -4.50931310654
    endloop
  endfacet
  facet normal -0.952091813087 0.168757349253 -0.255033552647
    outer loop
      vertex -2.59202551842 -0.592089951038 -2.4783115387
      vertex -2.81383109093 -0.7432538867 -3.50124502182
      vertex -2.88811564445 -1.21620833874 -3.20559167862
    endloop
  endfacet
  facet normal -0.976670980453 0.200354978442 -0.0772764310241
    outer loop
      vertex -2.59202551842 -0.592089951038 -2.4783115387
      vertex -2.61510682106 -0.365218758583 -2.67832970619
      vertex -2.81383109093 -0.7432538867 -3.50124502182
    endloop
  endfacet
  facet normal -0.987270414829 0.154895156622 -0.0361189730465
    outer loop
      vertex -2.61510682106 -0.365218758583 -2.67832970619
      vertex -2.59202551842 -0.592089951038 -2.4783115387
      vertex -2.56481933594 -0.409582793713 -2.3474624157
    endloop
  endfacet
  facet normal 0.886781692505 -0.176799193025 0.427036583424
    outer loop
      vertex 0.963763833046 -1.06718575954 -4.30732536316
      vertex 1.35871362686 -1.25454652309 -1.87380647659
      vertex 0.870923876762 -1.82080423832 -2.9527156353
    endloop
  endfacet
  facet normal -0.929392755032 -0.242901057005 0.277899652719
    outer loop
      vertex -10.431596756 -0.339942991734 -3.61122632027
      vertex -10.7231292725 -0.574747443199 -2.22712087631
      vertex -11.1420049667 1.03467309475 -2.46572589874
    endloop
  endfacet
  facet normal -0.825681090355 0.397023051977 0.400778472424
    outer loop
      vertex -3.27231097221 -0.147430807352 -4.18302631378
      vertex -3.01318907738 -0.428852260113 -3.92821884155
      vertex -2.8191151619 -0.062470715493 -3.1547601223
    endloop
  endfacet
  facet normal -0.934782445431 0.313592255116 0.166858360171
    outer loop
      vertex -2.8191151619 -0.062470715493 -3.1547601223
      vertex -3.01318907738 -0.428852260113 -3.92821884155
      vertex -2.81383109093 -0.7432538867 -3.50124502182
    endloop
  endfacet
  facet normal -0.940148413181 0.300689518452 0.160333156586
    outer loop
      vertex -2.8191151619 -0.062470715493 -3.1547601223
      vertex -2.81383109093 -0.7432538867 -3.50124502182
      vertex -2.61510682106 -0.365218758583 -2.67832970619
    endloop
  endfacet
  facet normal -0.936197280884 0.234532937407 0.261780381203
    outer loop
      vertex -2.8191151619 -0.062470715493 -3.1547601223
      vertex -2.61510682106 -0.365218758583 -2.67832970619
      vertex -2.57376885414 -0.14036975801 -2.26234793663
    endloop
  endfacet
  facet normal -0.987193703651 0.139717236161 0.0769911110401
    outer loop
      vertex -2.61510682106 -0.365218758583 -2.67832970619
      vertex -2.56481933594 -0.409582793713 -2.3474624157
      vertex -2.57376885414 -0.14036975801 -2.26234793663
    endloop
  endfacet
  facet normal 0.895895600319 -0.176780194044 0.407577961683
    outer loop
      vertex 1.79551744461 0.257918715477 -3.14723467827
      vertex 1.35871362686 -1.25454652309 -1.87380647659
      vertex 0.963763833046 -1.06718575954 -4.30732536316
    endloop
  endfacet
  facet normal 0.903830945492 -0.258804887533 0.340748637915
    outer loop
      vertex 1.79551744461 0.257918715477 -3.14723467827
      vertex 0.963763833046 -1.06718575954 -4.30732536316
      vertex 1.70183038712 0.850645184517 -4.25481796265
    endloop
  endfacet
  facet normal -0.923247873783 -0.32310205698 0.20789052546
    outer loop
      vertex -10.8066959381 1.32371795177 -3.60983371735
      vertex -10.431596756 -0.339942991734 -3.61122632027
      vertex -11.1420049667 1.03467309475 -2.46572589874
    endloop
  endfacet
  facet normal -0.933527350426 -0.316252291203 0.168852671981
    outer loop
      vertex -11.2580366135 1.91932785511 -2.5955529213
      vertex -10.8066959381 1.32371795177 -3.60983371735
      vertex -11.1420049667 1.03467309475 -2.46572589874
    endloop
  endfacet
  facet normal -0.943918347359 -0.285581558943 0.165714502335
    outer loop
      vertex -11.2580366135 1.91932785511 -2.5955529213
      vertex -11.1420049667 1.03467309475 -2.46572589874
      vertex -11.3895673752 1.94181883335 -2.17386007309
    endloop
  endfacet
  facet normal -0.783426403999 0.315572202206 0.53540378809
    outer loop
      vertex -2.8191151619 -0.062470715493 -3.1547601223
      vertex -2.85432362556 0.602615058422 -2.1137740612
      vertex -3.32363438606 0.746214210987 -3.0352332592
    endloop
  endfacet
  facet normal -0.759204387665 0.37836587429 0.529573380947
    outer loop
      vertex -2.8191151619 -0.062470715493 -3.1547601223
      vertex -3.32363438606 0.746214210987 -3.0352332592
      vertex -3.27231097221 -0.147430807352 -4.18302631378
    endloop
  endfacet
  facet normal -0.899000108242 0.21379339695 0.382218778133
    outer loop
      vertex -2.8191151619 -0.062470715493 -3.1547601223
      vertex -2.57376885414 -0.14036975801 -2.26234793663
      vertex -2.85432362556 0.602615058422 -2.1137740612
    endloop
  endfacet
  facet normal 0.952760994434 -0.166967689991 0.253708988428
    outer loop
      vertex 2.00638842583 0.360630422831 -2.10002064705
      vertex 1.79551744461 0.257918715477 -3.14723467827
      vertex 2.30772280693 2.19390892982 -3.16621279716
    endloop
  endfacet
  facet normal -0.948719382286 -0.307290762663 0.0741886124015
    outer loop
      vertex -11.2580366135 1.91932785511 -2.5955529213
      vertex -11.3747243881 3.06355977058 -2.5115442276
      vertex -11.1572551727 2.59653568268 -3.07019782066
    endloop
  endfacet
  facet normal -0.93024790287 -0.350842773914 0.107462465763
    outer loop
      vertex -11.1572551727 2.59653568268 -3.07019782066
      vertex -10.8066959381 1.32371795177 -3.60983371735
      vertex -11.2580366135 1.91932785511 -2.5955529213
    endloop
  endfacet
  facet normal 0.785220623016 0.342299073935 0.516003787518
    outer loop
      vertex -6.91221618652 0.877332031727 -2.93787193298
      vertex -6.66926431656 0.76897585392 -3.65853714943
      vertex -6.6921672821 1.52723312378 -2.46295237541
    endloop
  endfacet
  facet normal 0.712631464005 0.385416984558 0.586182653904
    outer loop
      vertex -6.6921672821 1.52723312378 -2.46295237541
      vertex -6.66926431656 0.76897585392 -3.65853714943
      vertex -6.43490219116 0.95665115118 -3.80643320084
    endloop
  endfacet
  facet normal 0.455181896687 0.420493811369 0.784853100777
    outer loop
      vertex -6.43490219116 0.95665115118 -3.80643320084
      vertex -6.02362346649 1.52513849735 -3.19055652618
      vertex -6.6921672821 1.52723312378 -2.46295237541
    endloop
  endfacet
  facet normal 0.0218848511577 0.399208605289 0.916598916054
    outer loop
      vertex -5.44589185715 1.2318046093 -3.89573431015
      vertex -5.11074972153 1.87520730495 -2.43682909012
      vertex -6.02362346649 1.52513849735 -3.19055652618
    endloop
  endfacet
  facet normal -0.282191008329 0.367931842804 0.885999083519
    outer loop
      vertex -4.6596288681 1.21160101891 -3.68883371353
      vertex -4.2928404808 1.78615784645 -2.02395701408
      vertex -5.11074972153 1.87520730495 -2.43682909012
    endloop
  endfacet
  facet normal -0.134992077947 0.425622105598 0.894775390625
    outer loop
      vertex -5.44589185715 1.2318046093 -3.89573431015
      vertex -4.6596288681 1.21160101891 -3.68883371353
      vertex -5.11074972153 1.87520730495 -2.43682909012
    endloop
  endfacet
  facet normal -0.366961836815 0.374681681395 0.851441502571
    outer loop
      vertex -4.6596288681 1.21160101891 -3.68883371353
      vertex -3.90780186653 1.01136755943 -3.4075152874
      vertex -4.2928404808 1.78615784645 -2.02395701408
    endloop
  endfacet
  facet normal 0.965355634689 -0.247734755278 0.0819509029388
    outer loop
      vertex 2.41926765442 4.05166244507 -3.55811047554
      vertex 2.54827165604 3.71132564545 -2.9428331852
      vertex 2.30331039429 2.80034422874 -3.59602761269
    endloop
  endfacet
  facet normal 0.973851263523 -0.188635632396 0.126610785723
    outer loop
      vertex 2.54827165604 3.71132564545 -2.9428331852
      vertex 2.30772280693 2.19390892982 -3.16621279716
      vertex 2.30331039429 2.80034422874 -3.59602761269
    endloop
  endfacet
  facet normal -0.931029736996 -0.364931076765 -0.00299778277986
    outer loop
      vertex -11.1572551727 2.59653568268 -3.07019782066
      vertex -11.3747243881 3.06355977058 -2.5115442276
      vertex -11.1181554794 3.78941869736 -3.16015195847
    endloop
  endfacet
  facet normal -0.94195830822 -0.33394780755 -0.0345464870334
    outer loop
      vertex -11.3747243881 3.06355977058 -2.5115442276
      vertex -11.343952179 4.41051197052 -2.45900225639
      vertex -11.1181554794 3.78941869736 -3.16015195847
    endloop
  endfacet
  facet normal 0.130402192473 -0.17109888792 -0.976586103439
    outer loop
      vertex -3.56882953644 4.40757608414 -3.81526780128
      vertex -2.6347527504 4.44890928268 -2.86744856834
      vertex -2.10602426529 4.23041296005 -3.71159672737
    endloop
  endfacet
  facet normal -0.77473449707 -0.0984457433224 -0.624575793743
    outer loop
      vertex -0.893356800079 4.86273574829 -3.75680875778
      vertex -1.1262717247 4.57758522034 -3.7329454422
      vertex -0.759046554565 5.21144294739 -2.60145998001
    endloop
  endfacet
  facet normal -0.894452691078 -0.404063671827 -0.191538184881
    outer loop
      vertex -11.162946701 6.0582242012 -2.18983769417
      vertex -10.7178268433 6.35944366455 -3.03238582611
      vertex -10.660487175 4.71389102936 -3.93935608864
    endloop
  endfacet
  facet normal -0.908070445061 -0.385885059834 -0.162790700793
    outer loop
      vertex -11.343952179 4.41051197052 -2.45900225639
      vertex -11.162946701 6.0582242012 -2.18983769417
      vertex -10.660487175 4.71389102936 -3.93935608864
    endloop
  endfacet
  facet normal -0.910593450069 -0.396519064903 -0.11658551544
    outer loop
      vertex -11.343952179 4.41051197052 -2.45900225639
      vertex -10.660487175 4.71389102936 -3.93935608864
      vertex -11.1181554794 3.78941869736 -3.16015195847
    endloop
  endfacet
  facet normal 0.545246124268 0.0969954952598 -0.832645475864
    outer loop
      vertex -5.587413311 5.43757390976 -3.57015228271
      vertex -4.92650747299 4.99169874191 -3.45777869225
      vertex -4.72836399078 4.96582937241 -4.34954118729
    endloop
  endfacet
  facet normal 0.513881146908 0.0894305258989 -0.853187203407
    outer loop
      vertex -4.92650747299 4.99169874191 -3.45777869225
      vertex -3.99584960938 4.54045915604 -4.50054979324
      vertex -4.72836399078 4.96582937241 -4.34954118729
    endloop
  endfacet
  facet normal 0.381425201893 -0.0587904751301 -0.922528326511
    outer loop
      vertex -4.92650747299 4.99169874191 -3.45777869225
      vertex -3.56882953644 4.40757608414 -3.81526780128
      vertex -3.99584960938 4.54045915604 -4.50054979324
    endloop
  endfacet
  facet normal 0.385925799608 -0.0402641408145 -0.921650707722
    outer loop
      vertex -4.92650747299 4.99169874191 -3.45777869225
      vertex -4.16343975067 4.70548534393 -2.69534301758
      vertex -3.56882953644 4.40757608414 -3.81526780128
    endloop
  endfacet
  facet normal 0.142656430602 -0.183006256819 -0.972706437111
    outer loop
      vertex -2.6347527504 4.44890928268 -2.86744856834
      vertex -3.56882953644 4.40757608414 -3.81526780128
      vertex -4.16343975067 4.70548534393 -2.69534301758
    endloop
  endfacet
  facet normal -0.946774303913 0.0129872020334 -0.321635991335
    outer loop
      vertex -0.674417972565 5.48995876312 -3.32960987091
      vertex -0.893356800079 4.86273574829 -3.75680875778
      vertex -0.759046554565 5.21144294739 -2.60145998001
    endloop
  endfacet
  facet normal 0.9647372365 -0.259875327349 -0.0417955219746
    outer loop
      vertex 2.36069488525 5.28945875168 -3.57647657394
      vertex 2.58097219467 4.7299952507 -2.84871792793
      vertex 2.41926765442 4.05166244507 -3.55811047554
    endloop
  endfacet
  facet normal 0.977315247059 -0.211458817124 0.0118363145739
    outer loop
      vertex 2.58097219467 4.7299952507 -2.84871792793
      vertex 2.54827165604 3.71132564545 -2.9428331852
      vertex 2.41926765442 4.05166244507 -3.55811047554
    endloop
  endfacet
  facet normal 0.70647162199 0.346405655146 -0.617171764374
    outer loop
      vertex -6.05877780914 5.85385990143 -3.4533624649
      vertex -6.98120450974 6.33149385452 -2.42310738564
      vertex -6.4856877327 5.85048627853 -2.57669615746
    endloop
  endfacet
  facet normal 0.745850205421 0.433197826147 -0.506011009216
    outer loop
      vertex -6.05877780914 5.85385990143 -3.4533624649
      vertex -6.12417173386 6.13988828659 -3.67487597466
      vertex -6.98120450974 6.33149385452 -2.42310738564
    endloop
  endfacet
  facet normal 0.586788117886 0.20497636497 -0.783367335796
    outer loop
      vertex -5.98793506622 5.43022489548 -2.39548778534
      vertex -5.587413311 5.43757390976 -3.57015228271
      vertex -6.4856877327 5.85048627853 -2.57669615746
    endloop
  endfacet
  facet normal 0.66962826252 0.328652024269 -0.66602241993
    outer loop
      vertex -5.587413311 5.43757390976 -3.57015228271
      vertex -6.05877780914 5.85385990143 -3.4533624649
      vertex -6.4856877327 5.85048627853 -2.57669615746
    endloop
  endfacet
  facet normal 0.366595894098 -0.0177044458687 -0.930211782455
    outer loop
      vertex -4.16343975067 4.70548534393 -2.69534301758
      vertex -4.92650747299 4.99169874191 -3.45777869225
      vertex -5.98793506622 5.43022489548 -2.39548778534
    endloop
  endfacet
  facet normal 0.527773916721 0.185139730573 -0.828961968422
    outer loop
      vertex -4.92650747299 4.99169874191 -3.45777869225
      vertex -5.587413311 5.43757390976 -3.57015228271
      vertex -5.98793506622 5.43022489548 -2.39548778534
    endloop
  endfacet
  facet normal -0.961333930492 0.269145846367 0.0582885742188
    outer loop
      vertex -0.872035384178 5.78222465515 -3.97216320038
      vertex -0.674417972565 5.48995876312 -3.32960987091
      vertex -0.457298219204 6.30725860596 -2.37710094452
    endloop
  endfacet
  facet normal 0.951156795025 -0.265072703362 -0.158231377602
    outer loop
      vertex 2.25925087929 6.08043575287 -3.468323946
      vertex 2.48880672455 5.61278867722 -2.92376756668
      vertex 2.36069488525 5.28945875168 -3.57647657394
    endloop
  endfacet
  facet normal 0.969587981701 -0.23073528707 -0.0816112533212
    outer loop
      vertex 2.48880672455 5.61278867722 -2.92376756668
      vertex 2.58097219467 4.7299952507 -2.84871792793
      vertex 2.36069488525 5.28945875168 -3.57647657394
    endloop
  endfacet
  facet normal -0.88320684433 -0.358502566814 -0.302359938622
    outer loop
      vertex -10.5649242401 7.95703077316 -2.06167817116
      vertex -10.7178268433 6.35944366455 -3.03238582611
      vertex -11.162946701 6.0582242012 -2.18983769417
    endloop
  endfacet
  facet normal -0.852937281132 -0.405889451504 -0.328255563974
    outer loop
      vertex -10.2784786224 7.68143367767 -2.88649940491
      vertex -10.7178268433 6.35944366455 -3.03238582611
      vertex -10.5649242401 7.95703077316 -2.06167817116
    endloop
  endfacet
  facet normal -0.829868674278 -0.452970683575 -0.325784534216
    outer loop
      vertex -10.2784786224 7.68143367767 -2.88649940491
      vertex -10.1657791138 6.29896831512 -4.08726501465
      vertex -10.7178268433 6.35944366455 -3.03238582611
    endloop
  endfacet
  facet normal -0.789668560028 -0.493619114161 -0.364367574453
    outer loop
      vertex -9.61975765228 7.89826917648 -3.78023171425
      vertex -10.1657791138 6.29896831512 -4.08726501465
      vertex -10.2784786224 7.68143367767 -2.88649940491
    endloop
  endfacet
  facet normal 0.841655194759 0.539827406406 0.0142448171973
    outer loop
      vertex -6.79781103134 7.11935949326 -2.99541163445
      vertex -7.54242992401 7.29998350143 -1.82969594002
      vertex -7.21482133865 6.84855794907 -2.3523888588
    endloop
  endfacet
  facet normal -0.903387665749 0.326429545879 0.278090775013
    outer loop
      vertex -0.872035384178 5.78222465515 -3.97216320038
      vertex -0.457298219204 6.30725860596 -2.37710094452
      vertex -0.857035577297 6.9467587471 -2.93856573105
    endloop
  endfacet
  facet normal -0.902854204178 0.332933425903 0.272047072649
    outer loop
      vertex -0.857035577297 6.9467587471 -2.93856573105
      vertex -0.457298219204 6.30725860596 -2.37710094452
      vertex -0.535056769848 7.01235198975 -2.01182055473
    endloop
  endfacet
  facet normal 0.906659007072 -0.242488667369 -0.345208227634
    outer loop
      vertex 1.97908711433 6.94662952423 -3.53791117668
      vertex 2.04754781723 8.08727359772 -1.65811216831
      vertex 2.36591887474 6.77581882477 -2.33472514153
    endloop
  endfacet
  facet normal 0.925156533718 -0.257903784513 -0.27851575613
    outer loop
      vertex 2.25925087929 6.08043575287 -3.468323946
      vertex 1.97908711433 6.94662952423 -3.53791117668
      vertex 2.36591887474 6.77581882477 -2.33472514153
    endloop
  endfacet
  facet normal 0.952329516411 -0.219547271729 -0.211819544435
    outer loop
      vertex 2.25925087929 6.08043575287 -3.468323946
      vertex 2.36591887474 6.77581882477 -2.33472514153
      vertex 2.48880672455 5.61278867722 -2.92376756668
    endloop
  endfacet
  facet normal -0.768821060658 -0.458511978388 -0.445736438036
    outer loop
      vertex -10.2784786224 7.68143367767 -2.88649940491
      vertex -9.71206378937 8.79250907898 -2.75613188744
      vertex -9.61975765228 7.89826917648 -3.78023171425
    endloop
  endfacet
  facet normal 0.813323915005 0.549256026745 0.191890537739
    outer loop
      vertex -6.74927663803 7.42162227631 -2.96168017387
      vertex -7.54242992401 7.29998350143 -1.82969594002
      vertex -6.79781103134 7.11935949326 -2.99541163445
    endloop
  endfacet
  facet normal 0.589574933052 0.596185803413 0.544943928719
    outer loop
      vertex -6.30394601822 7.59492301941 -3.37631249428
      vertex -6.0781211853 8.02048873901 -3.21064472198
      vertex -6.65865802765 7.99153375626 -2.66301131248
    endloop
  endfacet
  facet normal 0.701203584671 0.579570233822 0.415225058794
    outer loop
      vertex -6.30394601822 7.59492301941 -3.37631249428
      vertex -6.65865802765 7.99153375626 -2.66301131248
      vertex -6.74927663803 7.42162227631 -2.96168017387
    endloop
  endfacet
  facet normal -0.71140640974 0.472402065992 0.520324170589
    outer loop
      vertex -1.23130249977 6.28990077972 -4.22567892075
      vertex -0.857035577297 6.9467587471 -2.93856573105
      vertex -1.52620649338 7.34531164169 -3.5073094368
    endloop
  endfacet
  facet normal 0.870298743248 -0.278279751539 -0.406374841928
    outer loop
      vertex 1.53738033772 7.66378355026 -3.87204790115
      vertex 2.04754781723 8.08727359772 -1.65811216831
      vertex 1.97908711433 6.94662952423 -3.53791117668
    endloop
  endfacet
  facet normal 0.868424773216 -0.278572976589 -0.410165280104
    outer loop
      vertex 1.524964571 8.42715454102 -2.7867808342
      vertex 2.04754781723 8.08727359772 -1.65811216831
      vertex 1.53738033772 7.66378355026 -3.87204790115
    endloop
  endfacet
  facet normal -0.680874228477 -0.458711773157 -0.570958673954
    outer loop
      vertex -9.00084114075 9.14430809021 -3.37392830849
      vertex -9.71206378937 8.79250907898 -2.75613188744
      vertex -9.35929203033 9.84866714478 -1.96515703201
    endloop
  endfacet
  facet normal 0.531562566757 0.528503656387 0.661910176277
    outer loop
      vertex -6.20454835892 8.71270084381 -2.21654343605
      vertex -6.65865802765 7.99153375626 -2.66301131248
      vertex -6.0781211853 8.02048873901 -3.21064472198
    endloop
  endfacet
  facet normal 0.399196147919 0.557577311993 0.727839231491
    outer loop
      vertex -6.0781211853 8.02048873901 -3.21064472198
      vertex -5.37501239777 8.64216423035 -2.90252351761
      vertex -6.20454835892 8.71270084381 -2.21654343605
    endloop
  endfacet
  facet normal 0.145312428474 0.515937387943 0.844211399555
    outer loop
      vertex -4.58149957657 8.52599430084 -3.31609869003
      vertex -4.42941427231 9.31973361969 -2.06016373634
      vertex -5.37501239777 8.64216423035 -2.90252351761
    endloop
  endfacet
  facet normal -0.0963762849569 0.497493386269 0.862097382545
    outer loop
      vertex -3.51434421539 8.48919963837 -3.32211017609
      vertex -3.06720232964 9.16764068604 -2.05982923508
      vertex -4.42941427231 9.31973361969 -2.06016373634
    endloop
  endfacet
  facet normal -0.026066025719 0.536313891411 0.843616008759
    outer loop
      vertex -4.58149957657 8.52599430084 -3.31609869003
      vertex -3.51434421539 8.48919963837 -3.32211017609
      vertex -4.42941427231 9.31973361969 -2.06016373634
    endloop
  endfacet
  facet normal -0.308268100023 0.512461304665 0.801470041275
    outer loop
      vertex -2.64131832123 8.01004981995 -3.61407017708
      vertex -2.26075410843 8.83941555023 -2.08804678917
      vertex -3.06720232964 9.16764068604 -2.05982923508
    endloop
  endfacet
  facet normal -0.266173541546 0.527803480625 0.806582391262
    outer loop
      vertex -3.51434421539 8.48919963837 -3.32211017609
      vertex -2.64131832123 8.01004981995 -3.61407017708
      vertex -3.06720232964 9.16764068604 -2.05982923508
    endloop
  endfacet
  facet normal -0.414305120707 0.512199342251 0.752331793308
    outer loop
      vertex -2.64131832123 8.01004981995 -3.61407017708
      vertex -1.92404484749 7.91170930862 -3.1783311367
      vertex -2.26075410843 8.83941555023 -2.08804678917
    endloop
  endfacet
  facet normal 0.735660731792 -0.333279818296 -0.589684545994
    outer loop
      vertex 0.694879710674 9.32101249695 -3.14800739288
      vertex 1.38635659218 8.9016160965 -2.36373996735
      vertex 1.13001930714 8.56737804413 -3.52094221115
    endloop
  endfacet
  facet normal 0.789421737194 -0.325237452984 -0.520609200001
    outer loop
      vertex 1.13001930714 8.56737804413 -3.52094221115
      vertex 1.38635659218 8.9016160965 -2.36373996735
      vertex 1.524964571 8.42715454102 -2.7867808342
    endloop
  endfacet
  facet normal 0.802119791508 -0.337396234274 -0.492714554071
    outer loop
      vertex 1.13001930714 8.56737804413 -3.52094221115
      vertex 1.524964571 8.42715454102 -2.7867808342
      vertex 1.53738033772 7.66378355026 -3.87204790115
    endloop
  endfacet
  facet normal -0.597513496876 -0.475025415421 -0.646009624004
    outer loop
      vertex -9.35929203033 9.84866714478 -1.96515703201
      vertex -8.43752098083 10.5556669235 -2.16313076019
      vertex -9.00084114075 9.14430809021 -3.37392830849
    endloop
  endfacet
  facet normal -0.568080961704 -0.498755306005 -0.65461987257
    outer loop
      vertex -8.43752098083 10.5556669235 -2.16313076019
      vertex -7.89452648163 10.3461856842 -3.05654525757
      vertex -9.00084114075 9.14430809021 -3.37392830849
    endloop
  endfacet
  facet normal 0.332619607449 -0.501037478447 -0.798952817917
    outer loop
      vertex -1.85478103161 10.0386772156 -4.62533473969
      vertex -1.34596645832 10.8504610062 -2.9930832386
      vertex -1.05626320839 10.1100912094 -3.98135280609
    endloop
  endfacet
  facet normal 0.442305892706 -0.451072067022 -0.775177061558
    outer loop
      vertex -1.34596645832 10.8504610062 -2.9930832386
      vertex -0.337849885225 10.081445694 -3.32612872124
      vertex -1.05626320839 10.1100912094 -3.98135280609
    endloop
  endfacet
  facet normal -0.338461190462 -0.49672421813 -0.799192786217
    outer loop
      vertex -7.02660799026 10.5483951569 -3.4737508297
      vertex -7.22983932495 11.4209489822 -1.93139588833
      vertex -6.45874357224 11.3777084351 -2.52638101578
    endloop
  endfacet
  facet normal -0.413928210735 -0.488939672709 -0.767855107784
    outer loop
      vertex -7.02660799026 10.5483951569 -3.4737508297
      vertex -7.89452648163 10.3461856842 -3.05654525757
      vertex -7.22983932495 11.4209489822 -1.93139588833
    endloop
  endfacet
  facet normal 0.211652427912 -0.477678656578 -0.852658390999
    outer loop
      vertex -2.61593770981 10.4252138138 -4.40728759766
      vertex -3.25135064125 11.1969413757 -3.31129336357
      vertex -2.36751627922 11.7394351959 -1.95132398605
    endloop
  endfacet
  facet normal 0.248126596212 -0.476447701454 -0.843463540077
    outer loop
      vertex -1.34596645832 10.8504610062 -2.9930832386
      vertex -2.61593770981 10.4252138138 -4.40728759766
      vertex -2.36751627922 11.7394351959 -1.95132398605
    endloop
  endfacet
  facet normal 0.276189118624 -0.49563023448 -0.82345020771
    outer loop
      vertex -1.34596645832 10.8504610062 -2.9930832386
      vertex -1.85478103161 10.0386772156 -4.62533473969
      vertex -2.61593770981 10.4252138138 -4.40728759766
    endloop
  endfacet
  facet normal -0.30355116725 -0.0560849122703 0.951163053513
    outer loop
      vertex -6.80682277679 -4.78727054596 -3.97189450264
      vertex -6.03542470932 -5.00839567184 -4.39683055878
      vertex -6.23020601273 -5.00795888901 -3.35001206398
    endloop
  endfacet
  facet normal -0.180019766092 -0.0330860801041 0.983106374741
    outer loop
      vertex -6.23020601273 -5.00795888901 -3.35001206398
      vertex -6.03542470932 -5.00839567184 -4.39683055878
      vertex -4.95268630981 -5.23120164871 -3.66759705544
    endloop
  endfacet
  facet normal -0.142114177346 -0.0901698991656 0.985734701157
    outer loop
      vertex -6.03542470932 -5.00839567184 -4.39683055878
      vertex -4.91806554794 -5.18798065186 -4.19465208054
      vertex -4.95268630981 -5.23120164871 -3.66759705544
    endloop
  endfacet
  facet normal 0.0386295318604 -0.0791485160589 0.996114075184
    outer loop
      vertex -4.91806554794 -5.18798065186 -4.19465208054
      vertex -4.29942321777 -5.1442284584 -4.4433555603
      vertex -4.95268630981 -5.23120164871 -3.66759705544
    endloop
  endfacet
  facet normal 0.0662136226892 -0.0559337921441 0.996236503124
    outer loop
      vertex -4.95268630981 -5.23120164871 -3.66759705544
      vertex -4.29942321777 -5.1442284584 -4.4433555603
      vertex -3.8403673172 -5.16103458405 -3.60059189796
    endloop
  endfacet
  facet normal 0.144601300359 -0.0983994677663 0.984585225582
    outer loop
      vertex -4.29942321777 -5.1442284584 -4.4433555603
      vertex -3.59013438225 -5.06102514267 -4.23356151581
      vertex -3.8403673172 -5.16103458405 -3.60059189796
    endloop
  endfacet
  facet normal -0.469562828541 -0.136940211058 0.872214496136
    outer loop
      vertex -7.73714971542 -4.21682691574 -4.41516923904
      vertex -7.19670438766 -4.39532423019 -5.13143253326
      vertex -6.80682277679 -4.78727054596 -3.97189450264
    endloop
  endfacet
  facet normal -0.572447121143 -0.236263155937 0.785164952278
    outer loop
      vertex -7.73714971542 -4.21682691574 -4.41516923904
      vertex -7.5148563385 -4.07141017914 -5.43702697754
      vertex -7.19670438766 -4.39532423019 -5.13143253326
    endloop
  endfacet
  facet normal -0.364089131355 -0.186052799225 0.912591636181
    outer loop
      vertex -6.80682277679 -4.78727054596 -3.97189450264
      vertex -7.19670438766 -4.39532423019 -5.13143253326
      vertex -6.03542470932 -5.00839567184 -4.39683055878
    endloop
  endfacet
  facet normal -0.129148796201 -0.156077772379 0.979265213013
    outer loop
      vertex -4.91806554794 -5.18798065186 -4.19465208054
      vertex -6.03542470932 -5.00839567184 -4.39683055878
      vertex -5.47042608261 -4.96690559387 -5.12466621399
    endloop
  endfacet
  facet normal -0.0195563342422 -0.220214530826 0.975255429745
    outer loop
      vertex -4.29942321777 -5.1442284584 -4.4433555603
      vertex -4.91806554794 -5.18798065186 -4.19465208054
      vertex -5.47042608261 -4.96690559387 -5.12466621399
    endloop
  endfacet
  facet normal 0.332341372967 -0.163513630629 0.92887699604
    outer loop
      vertex -3.59013438225 -5.06102514267 -4.23356151581
      vertex -2.55346703529 -4.58296632767 -4.84225940704
      vertex -2.86681699753 -4.90817165375 -3.63173890114
    endloop
  endfacet
  facet normal 0.249398514628 -0.0541731119156 0.966884493828
    outer loop
      vertex -3.59013438225 -5.06102514267 -4.23356151581
      vertex -2.86681699753 -4.90817165375 -3.63173890114
      vertex -3.8403673172 -5.16103458405 -3.60059189796
    endloop
  endfacet
  facet normal 0.385251611471 -0.145104080439 0.911332011223
    outer loop
      vertex -2.55346703529 -4.58296632767 -4.84225940704
      vertex -2.05389356613 -4.52813339233 -3.86027121544
      vertex -2.86681699753 -4.90817165375 -3.63173890114
    endloop
  endfacet
  facet normal -0.741713285446 -0.163952082396 0.650369942188
    outer loop
      vertex -8.8544254303 -3.0332198143 -4.57902336121
      vertex -8.13994312286 -3.82912921906 -4.65407657623
      vertex -9.03803157806 -3.09823513031 -3.49049043655
    endloop
  endfacet
  facet normal -0.596175849438 -0.238772630692 0.766525924206
    outer loop
      vertex -8.13994312286 -3.82912921906 -4.65407657623
      vertex -7.5148563385 -4.07141017914 -5.43702697754
      vertex -7.73714971542 -4.21682691574 -4.41516923904
    endloop
  endfacet
  facet normal 0.530192553997 -0.209266722202 0.821646690369
    outer loop
      vertex -1.2247723341 -3.99274301529 -3.86174201965
      vertex -2.05389356613 -4.52813339233 -3.86027121544
      vertex -1.42909133434 -3.82192277908 -5.05009365082
    endloop
  endfacet
  facet normal 0.612563669682 -0.214670062065 0.760711848736
    outer loop
      vertex -0.845291137695 -3.49146413803 -4.55523586273
      vertex -1.2247723341 -3.99274301529 -3.86174201965
      vertex -1.42909133434 -3.82192277908 -5.05009365082
    endloop
  endfacet
  facet normal 0.669787049294 -0.157948628068 0.725560188293
    outer loop
      vertex -0.845291137695 -3.49146413803 -4.55523586273
      vertex -0.294176846743 -3.2826218605 -3.17756319046
      vertex -1.2247723341 -3.99274301529 -3.86174201965
    endloop
  endfacet
  facet normal -0.835699677467 -0.236874595284 0.495476007462
    outer loop
      vertex -9.3570690155 -2.57379317284 -3.76667714119
      vertex -9.66239643097 -1.87541103363 -4.15029668808
      vertex -8.8544254303 -3.0332198143 -4.57902336121
    endloop
  endfacet
  facet normal -0.799891829491 -0.169309392571 0.575766801834
    outer loop
      vertex -8.8544254303 -3.0332198143 -4.57902336121
      vertex -9.03803157806 -3.09823513031 -3.49049043655
      vertex -9.3570690155 -2.57379317284 -3.76667714119
    endloop
  endfacet
  facet normal 0.0295866057277 0.0979738086462 -0.994749069214
    outer loop
      vertex -4.21674537659 -2.08287072182 -4.61724805832
      vertex -4.33064842224 -2.00803518295 -5.3426733017
      vertex -4.64468622208 -2.01769351959 -5.1497759819
    endloop
  endfacet
  facet normal 0.123184382915 0.0224378630519 -0.992130100727
    outer loop
      vertex -4.55978155136 -2.04695153236 -4.32220602036
      vertex -4.21674537659 -2.08287072182 -4.61724805832
      vertex -4.64468622208 -2.01769351959 -5.1497759819
    endloop
  endfacet
  facet normal 0.344096899033 -0.00210745446384 -0.938931763172
    outer loop
      vertex -4.55978155136 -2.04695153236 -4.32220602036
      vertex -4.64468622208 -2.01769351959 -5.1497759819
      vertex -5.12295770645 -1.84228920937 -5.09237718582
    endloop
  endfacet
  facet normal -0.185702890158 0.129638746381 -0.974016547203
    outer loop
      vertex -4.33064842224 -2.00803518295 -5.3426733017
      vertex -4.21674537659 -2.08287072182 -4.61724805832
      vertex -3.87434649467 -2.01290869713 -4.65242052078
    endloop
  endfacet
  facet normal -0.42200216651 -0.0340713225305 -0.905954360962
    outer loop
      vertex -3.57973575592 -1.87070024014 -4.52010774612
      vertex -3.87434649467 -2.01290869713 -4.65242052078
      vertex -3.62791180611 -1.85489726067 -3.50320339203
    endloop
  endfacet
  facet normal 0.710980057716 -0.181423678994 0.679406225681
    outer loop
      vertex -0.845291137695 -3.49146413803 -4.55523586273
      vertex -0.0408721081913 -2.79281663895 -4.0191411972
      vertex -0.294176846743 -3.2826218605 -3.17756319046
    endloop
  endfacet
  facet normal 0.728635489941 -0.27702537179 0.626376330853
    outer loop
      vertex -0.845291137695 -3.49146413803 -4.55523586273
      vertex -0.891063392162 -3.12291049957 -5.50895595551
      vertex -0.0408721081913 -2.79281663895 -4.0191411972
    endloop
  endfacet
  facet normal 0.505466461182 -0.0687150880694 -0.860105752945
    outer loop
      vertex -5.12295770645 -1.84228920937 -5.09237718582
      vertex -5.82829761505 -1.33679461479 -3.95357203484
      vertex -5.52063274384 -1.41326379776 -2.64756035805
    endloop
  endfacet
  facet normal 0.441007167101 -0.0850539579988 -0.893464326859
    outer loop
      vertex -5.12295770645 -1.84228920937 -5.09237718582
      vertex -5.52063274384 -1.41326379776 -2.64756035805
      vertex -4.55978155136 -2.04695153236 -4.32220602036
    endloop
  endfacet
  facet normal -0.506273329258 -0.0373738445342 -0.861562848091
    outer loop
      vertex -3.20562648773 -1.59814739227 -3.30482125282
      vertex -3.57973575592 -1.87070024014 -4.52010774612
      vertex -3.62791180611 -1.85489726067 -3.50320339203
    endloop
  endfacet
  facet normal -0.890980005264 0.196258321404 -0.409435302019
    outer loop
      vertex -2.88811564445 -1.21620833874 -3.20559167862
      vertex -3.30387210846 -1.44833076 -4.60880184174
      vertex -3.32440280914 -1.64865839481 -4.28408288956
    endloop
  endfacet
  facet normal -0.775335013866 0.0616212412715 -0.628536760807
    outer loop
      vertex -3.20562648773 -1.59814739227 -3.30482125282
      vertex -2.88811564445 -1.21620833874 -3.20559167862
      vertex -3.32440280914 -1.64865839481 -4.28408288956
    endloop
  endfacet
  facet normal -0.67865717411 0.0445012710989 -0.733105778694
    outer loop
      vertex -3.20562648773 -1.59814739227 -3.30482125282
      vertex -3.32440280914 -1.64865839481 -4.28408288956
      vertex -3.57973575592 -1.87070024014 -4.52010774612
    endloop
  endfacet
  facet normal 0.822658419609 -0.22911337018 0.520326972008
    outer loop
      vertex 0.870923876762 -1.82080423832 -2.9527156353
      vertex -0.0408721081913 -2.79281663895 -4.0191411972
      vertex -0.0281732175499 -2.29303741455 -5.10856580734
    endloop
  endfacet
  facet normal 0.824640154839 -0.230792760849 0.516433298588
    outer loop
      vertex 0.870923876762 -1.82080423832 -2.9527156353
      vertex -0.0281732175499 -2.29303741455 -5.10856580734
      vertex 0.963763833046 -1.06718575954 -4.30732536316
    endloop
  endfacet
  facet normal -0.892415344715 -0.290883690119 0.344936937094
    outer loop
      vertex -10.431596756 -0.339942991734 -3.61122632027
      vertex -9.56317043304 -1.61774432659 -4.76026201248
      vertex -9.66239643097 -1.87541103363 -4.15029668808
    endloop
  endfacet
  facet normal -0.891289889812 -0.339993804693 0.300010830164
    outer loop
      vertex -10.0023679733 -0.316924005747 -4.75675630569
      vertex -9.56317043304 -1.61774432659 -4.76026201248
      vertex -10.431596756 -0.339942991734 -3.61122632027
    endloop
  endfacet
  facet normal 0.907358944416 0.238438650966 -0.346188902855
    outer loop
      vertex -6.61821126938 -0.209953561425 -3.90155148506
      vertex -6.21117925644 -0.858184695244 -4.50931310654
      vertex -6.14815807343 -0.651062786579 -5.0498547554
    endloop
  endfacet
  facet normal -0.929985582829 0.227823197842 -0.288484692574
    outer loop
      vertex -2.81383109093 -0.7432538867 -3.50124502182
      vertex -3.30387210846 -1.44833076 -4.60880184174
      vertex -2.88811564445 -1.21620833874 -3.20559167862
    endloop
  endfacet
  facet normal -0.934570133686 0.331861168146 -0.128245010972
    outer loop
      vertex -3.27595114708 -1.06691968441 -4.67756509781
      vertex -3.30387210846 -1.44833076 -4.60880184174
      vertex -2.81383109093 -0.7432538867 -3.50124502182
    endloop
  endfacet
  facet normal 0.957485437393 0.245189487934 -0.151999011636
    outer loop
      vertex -6.61821126938 -0.209953561425 -3.90155148506
      vertex -6.63173341751 0.142480418086 -4.0672287941
      vertex -6.89222145081 0.288946539164 -3.14079928398
    endloop
  endfacet
  facet normal 0.958032011986 0.279464930296 0.0638283789158
    outer loop
      vertex -6.89222145081 0.288946539164 -3.14079928398
      vertex -6.63173341751 0.142480418086 -4.0672287941
      vertex -6.91221618652 0.877332031727 -2.93787193298
    endloop
  endfacet
  facet normal 0.926051795483 0.357076793909 -0.122164644301
    outer loop
      vertex -6.27956485748 -0.12404742837 -4.88936662674
      vertex -6.63173341751 0.142480418086 -4.0672287941
      vertex -6.14815807343 -0.651062786579 -5.0498547554
    endloop
  endfacet
  facet normal 0.932528972626 0.311695933342 -0.182305797935
    outer loop
      vertex -6.63173341751 0.142480418086 -4.0672287941
      vertex -6.61821126938 -0.209953561425 -3.90155148506
      vertex -6.14815807343 -0.651062786579 -5.0498547554
    endloop
  endfacet
  facet normal -0.922167479992 0.380852669477 0.0675162449479
    outer loop
      vertex -3.27595114708 -1.06691968441 -4.67756509781
      vertex -2.81383109093 -0.7432538867 -3.50124502182
      vertex -3.01318907738 -0.428852260113 -3.92821884155
    endloop
  endfacet
  facet normal 0.897327721119 -0.284368872643 0.337545990944
    outer loop
      vertex 1.70183038712 0.850645184517 -4.25481796265
      vertex 0.963763833046 -1.06718575954 -4.30732536316
      vertex 1.18447780609 0.364401876926 -5.31015586853
    endloop
  endfacet
  facet normal -0.898069262505 -0.412887275219 0.151643186808
    outer loop
      vertex -10.1487131119 1.39665544033 -5.06779766083
      vertex -10.0023679733 -0.316924005747 -4.75675630569
      vertex -10.8066959381 1.32371795177 -3.60983371735
    endloop
  endfacet
  facet normal -0.91496938467 -0.346977442503 0.206004023552
    outer loop
      vertex -10.8066959381 1.32371795177 -3.60983371735
      vertex -10.0023679733 -0.316924005747 -4.75675630569
      vertex -10.431596756 -0.339942991734 -3.61122632027
    endloop
  endfacet
  facet normal 0.926949739456 0.337221741676 0.164455577731
    outer loop
      vertex -6.63173341751 0.142480418086 -4.0672287941
      vertex -6.66926431656 0.76897585392 -3.65853714943
      vertex -6.91221618652 0.877332031727 -2.93787193298
    endloop
  endfacet
  facet normal 0.842281520367 0.464775443077 0.273030489683
    outer loop
      vertex -6.29504442215 0.507706463337 -4.49019241333
      vertex -6.66926431656 0.76897585392 -3.65853714943
      vertex -6.27956485748 -0.12404742837 -4.88936662674
    endloop
  endfacet
  facet normal 0.861789107323 0.446936815977 0.239931210876
    outer loop
      vertex -6.66926431656 0.76897585392 -3.65853714943
      vertex -6.63173341751 0.142480418086 -4.0672287941
      vertex -6.27956485748 -0.12404742837 -4.88936662674
    endloop
  endfacet
  facet normal -0.586174428463 0.431326210499 0.685825943947
    outer loop
      vertex -3.32363438606 0.746214210987 -3.0352332592
      vertex -3.90780186653 1.01136755943 -3.4075152874
      vertex -3.92884325981 0.411592453718 -4.38977718353
    endloop
  endfacet
  facet normal -0.657808661461 0.444174140692 0.608273863792
    outer loop
      vertex -3.92884325981 0.411592453718 -4.38977718353
      vertex -3.27231097221 -0.147430807352 -4.18302631378
      vertex -3.32363438606 0.746214210987 -3.0352332592
    endloop
  endfacet
  facet normal 0.943700015545 -0.214564546943 0.251778304577
    outer loop
      vertex 1.79551744461 0.257918715477 -3.14723467827
      vertex 1.70183038712 0.850645184517 -4.25481796265
      vertex 2.30772280693 2.19390892982 -3.16621279716
    endloop
  endfacet
  facet normal -0.907521724701 -0.413305014372 0.0747211426497
    outer loop
      vertex -10.8066959381 1.32371795177 -3.60983371735
      vertex -11.1572551727 2.59653568268 -3.07019782066
      vertex -10.1487131119 1.39665544033 -5.06779766083
    endloop
  endfacet
  facet normal 0.390429973602 0.469988554716 0.791628181934
    outer loop
      vertex -6.04018783569 0.812194824219 -4.3776473999
      vertex -6.02362346649 1.52513849735 -3.19055652618
      vertex -6.43490219116 0.95665115118 -3.80643320084
    endloop
  endfacet
  facet normal 0.538874924183 0.536589980125 0.649372756481
    outer loop
      vertex -6.29504442215 0.507706463337 -4.49019241333
      vertex -6.04018783569 0.812194824219 -4.3776473999
      vertex -6.43490219116 0.95665115118 -3.80643320084
    endloop
  endfacet
  facet normal 0.712559878826 0.481073617935 0.510711848736
    outer loop
      vertex -6.29504442215 0.507706463337 -4.49019241333
      vertex -6.43490219116 0.95665115118 -3.80643320084
      vertex -6.66926431656 0.76897585392 -3.65853714943
    endloop
  endfacet
  facet normal 0.186846911907 0.503877103329 0.843324422836
    outer loop
      vertex -6.04018783569 0.812194824219 -4.3776473999
      vertex -5.44589185715 1.2318046093 -3.89573431015
      vertex -6.02362346649 1.52513849735 -3.19055652618
    endloop
  endfacet
  facet normal -0.390118181705 0.485916703939 0.782107889652
    outer loop
      vertex -3.92884325981 0.411592453718 -4.38977718353
      vertex -3.90780186653 1.01136755943 -3.4075152874
      vertex -4.6596288681 1.21160101891 -3.68883371353
    endloop
  endfacet
  facet normal 0.941332757473 -0.263050705194 0.211416482925
    outer loop
      vertex 2.30772280693 2.19390892982 -3.16621279716
      vertex 1.70183038712 0.850645184517 -4.25481796265
      vertex 1.88349127769 2.10922813416 -4.61627626419
    endloop
  endfacet
  facet normal 0.946575462818 -0.266310423613 0.181861743331
    outer loop
      vertex 2.30331039429 2.80034422874 -3.59602761269
      vertex 2.30772280693 2.19390892982 -3.16621279716
      vertex 1.88349127769 2.10922813416 -4.61627626419
    endloop
  endfacet
  facet normal 0.944394290447 -0.304431915283 0.124260596931
    outer loop
      vertex 2.30331039429 2.80034422874 -3.59602761269
      vertex 1.88349127769 2.10922813416 -4.61627626419
      vertex 2.22826647758 3.62712883949 -4.16629552841
    endloop
  endfacet
  facet normal -0.900799095631 -0.432671576738 0.0368283838034
    outer loop
      vertex -10.1487131119 1.39665544033 -5.06779766083
      vertex -11.1572551727 2.59653568268 -3.07019782066
      vertex -10.3109989166 2.9922618866 -4.86574220657
    endloop
  endfacet
  facet normal -0.904348254204 -0.426787704229 0.00254132575355
    outer loop
      vertex -11.1572551727 2.59653568268 -3.07019782066
      vertex -11.1181554794 3.78941869736 -3.16015195847
      vertex -10.3109989166 2.9922618866 -4.86574220657
    endloop
  endfacet
  facet normal -0.014901727438 -0.0797346532345 -0.996704757214
    outer loop
      vertex -2.4764714241 3.99497318268 -5.05360364914
      vertex -1.81998455524 4.02554035187 -4.79419898987
      vertex -2.17970967293 3.98037600517 -5.29153394699
    endloop
  endfacet
  facet normal -0.15932290256 0.0256168115884 -0.986894130707
    outer loop
      vertex -2.17970967293 3.98037600517 -5.29153394699
      vertex -1.81998455524 4.02554035187 -4.79419898987
      vertex -1.82280397415 4.03860712051 -5.31513929367
    endloop
  endfacet
  facet normal -0.358959585428 0.0253456328064 -0.933008909225
    outer loop
      vertex -1.81998455524 4.02554035187 -4.79419898987
      vertex -1.44174945354 4.16858959198 -4.7032661438
      vertex -1.82280397415 4.03860712051 -5.31513929367
    endloop
  endfacet
  facet normal -0.39257389307 0.0493842773139 -0.918393671513
    outer loop
      vertex -1.82280397415 4.03860712051 -5.31513929367
      vertex -1.44174945354 4.16858959198 -4.7032661438
      vertex -1.42945313454 4.19030618668 -5.00937700272
    endloop
  endfacet
  facet normal -0.6563128829 0.0271273739636 -0.754001021385
    outer loop
      vertex -1.18687236309 4.38686609268 -4.60379076004
      vertex -1.42945313454 4.19030618668 -5.00937700272
      vertex -1.44174945354 4.16858959198 -4.7032661438
    endloop
  endfacet
  facet normal 0.965782046318 -0.246036946774 0.0820418596268
    outer loop
      vertex 2.30331039429 2.80034422874 -3.59602761269
      vertex 2.22826647758 3.62712883949 -4.16629552841
      vertex 2.41926765442 4.05166244507 -3.55811047554
    endloop
  endfacet
  facet normal -0.890771329403 -0.450276434422 -0.0614622458816
    outer loop
      vertex -10.3109989166 2.9922618866 -4.86574220657
      vertex -11.1181554794 3.78941869736 -3.16015195847
      vertex -10.660487175 4.71389102936 -3.93935608864
    endloop
  endfacet
  facet normal 0.52131062746 0.177592426538 -0.834683299065
    outer loop
      vertex -4.47510623932 4.99077892303 -5.21022462845
      vertex -4.72836399078 4.96582937241 -4.34954118729
      vertex -3.99584960938 4.54045915604 -4.50054979324
    endloop
  endfacet
  facet normal 0.363555639982 -0.0461231917143 -0.93042999506
    outer loop
      vertex -3.56882953644 4.40757608414 -3.81526780128
      vertex -2.86319971085 4.08340740204 -4.7926607132
      vertex -3.99584960938 4.54045915604 -4.50054979324
    endloop
  endfacet
  facet normal 0.132821410894 -0.224308475852 -0.965424358845
    outer loop
      vertex -2.10602426529 4.23041296005 -3.71159672737
      vertex -2.86319971085 4.08340740204 -4.7926607132
      vertex -3.56882953644 4.40757608414 -3.81526780128
    endloop
  endfacet
  facet normal 0.0907776504755 -0.196343272924 -0.976324081421
    outer loop
      vertex -2.4764714241 3.99497318268 -5.05360364914
      vertex -2.86319971085 4.08340740204 -4.7926607132
      vertex -2.10602426529 4.23041296005 -3.71159672737
    endloop
  endfacet
  facet normal -0.198513165116 -0.232625067234 -0.95209145546
    outer loop
      vertex -1.50361561775 4.30402374268 -3.92439460754
      vertex -1.81998455524 4.02554035187 -4.79419898987
      vertex -2.10602426529 4.23041296005 -3.71159672737
    endloop
  endfacet
  facet normal 0.0251251067966 -0.179469436407 -0.983442664146
    outer loop
      vertex -1.81998455524 4.02554035187 -4.79419898987
      vertex -2.4764714241 3.99497318268 -5.05360364914
      vertex -2.10602426529 4.23041296005 -3.71159672737
    endloop
  endfacet
  facet normal -0.512896120548 -0.186447903514 -0.837958693504
    outer loop
      vertex -1.1262717247 4.57758522034 -3.7329454422
      vertex -1.44174945354 4.16858959198 -4.7032661438
      vertex -1.50361561775 4.30402374268 -3.92439460754
    endloop
  endfacet
  facet normal -0.307948231697 -0.186679199338 -0.932908773422
    outer loop
      vertex -1.44174945354 4.16858959198 -4.7032661438
      vertex -1.81998455524 4.02554035187 -4.79419898987
      vertex -1.50361561775 4.30402374268 -3.92439460754
    endloop
  endfacet
  facet normal -0.898628532887 0.0678975656629 -0.433424323797
    outer loop
      vertex -0.893356800079 4.86273574829 -3.75680875778
      vertex -1.03989446163 4.69654178619 -4.63534545898
      vertex -1.18687236309 4.38686609268 -4.60379076004
    endloop
  endfacet
  facet normal -0.775190770626 -0.083201944828 -0.626224160194
    outer loop
      vertex -1.1262717247 4.57758522034 -3.7329454422
      vertex -0.893356800079 4.86273574829 -3.75680875778
      vertex -1.18687236309 4.38686609268 -4.60379076004
    endloop
  endfacet
  facet normal -0.616019189358 -0.127378836274 -0.777364134789
    outer loop
      vertex -1.1262717247 4.57758522034 -3.7329454422
      vertex -1.18687236309 4.38686609268 -4.60379076004
      vertex -1.44174945354 4.16858959198 -4.7032661438
    endloop
  endfacet
  facet normal 0.951698064804 -0.306824564934 -0.0113787455484
    outer loop
      vertex 2.22826647758 3.62712883949 -4.16629552841
      vertex 2.15223526955 4.61219978333 -4.36559486389
      vertex 2.41926765442 4.05166244507 -3.55811047554
    endloop
  endfacet
  facet normal 0.673528552055 0.279901564121 -0.684115767479
    outer loop
      vertex -6.05877780914 5.85385990143 -3.4533624649
      vertex -5.587413311 5.43757390976 -3.57015228271
      vertex -5.27950906754 5.47642469406 -4.40601968765
    endloop
  endfacet
  facet normal 0.757002174854 0.421366274357 -0.499397784472
    outer loop
      vertex -6.12417173386 6.13988828659 -3.67487597466
      vertex -6.05877780914 5.85385990143 -3.4533624649
      vertex -5.27950906754 5.47642469406 -4.40601968765
    endloop
  endfacet
  facet normal 0.758728444576 0.51738935709 -0.395777016878
    outer loop
      vertex -6.12417173386 6.13988828659 -3.67487597466
      vertex -5.27950906754 5.47642469406 -4.40601968765
      vertex -5.84924936295 6.31236076355 -4.20997047424
    endloop
  endfacet
  facet normal 0.639561712742 0.26906260848 -0.720115363598
    outer loop
      vertex -4.72836399078 4.96582937241 -4.34954118729
      vertex -5.27950906754 5.47642469406 -4.40601968765
      vertex -5.587413311 5.43757390976 -3.57015228271
    endloop
  endfacet
  facet normal 0.652176380157 0.212993815541 -0.72752982378
    outer loop
      vertex -4.72836399078 4.96582937241 -4.34954118729
      vertex -4.47510623932 4.99077892303 -5.21022462845
      vertex -5.27950906754 5.47642469406 -4.40601968765
    endloop
  endfacet
  facet normal -0.868273735046 0.438648492098 0.231707155704
    outer loop
      vertex -1.25040960312 5.23837566376 -5.00840520859
      vertex -1.06792747974 4.97915792465 -4.78412151337
      vertex -0.872035384178 5.78222465515 -3.97216320038
    endloop
  endfacet
  facet normal -0.959398686886 0.110972136259 -0.259305536747
    outer loop
      vertex -1.03989446163 4.69654178619 -4.63534545898
      vertex -0.893356800079 4.86273574829 -3.75680875778
      vertex -0.674417972565 5.48995876312 -3.32960987091
    endloop
  endfacet
  facet normal -0.967751562595 0.249419748783 -0.0353083238006
    outer loop
      vertex -1.06792747974 4.97915792465 -4.78412151337
      vertex -1.03989446163 4.69654178619 -4.63534545898
      vertex -0.674417972565 5.48995876312 -3.32960987091
    endloop
  endfacet
  facet normal -0.960346758366 0.275300085545 0.0440908186138
    outer loop
      vertex -1.06792747974 4.97915792465 -4.78412151337
      vertex -0.674417972565 5.48995876312 -3.32960987091
      vertex -0.872035384178 5.78222465515 -3.97216320038
    endloop
  endfacet
  facet normal 0.956770837307 -0.287938207388 -0.0410021580756
    outer loop
      vertex 2.41926765442 4.05166244507 -3.55811047554
      vertex 2.15223526955 4.61219978333 -4.36559486389
      vertex 2.36069488525 5.28945875168 -3.57647657394
    endloop
  endfacet
  facet normal 0.940243661404 -0.327715456486 -0.0924362838268
    outer loop
      vertex 2.15223526955 4.61219978333 -4.36559486389
      vertex 2.04031252861 5.37494754791 -4.4715681076
      vertex 2.36069488525 5.28945875168 -3.57647657394
    endloop
  endfacet
  facet normal -0.858002007008 -0.461897671223 -0.224684357643
    outer loop
      vertex -10.660487175 4.71389102936 -3.93935608864
      vertex -10.7178268433 6.35944366455 -3.03238582611
      vertex -10.1657791138 6.29896831512 -4.08726501465
    endloop
  endfacet
  facet normal 0.815722882748 0.493961006403 -0.300996214151
    outer loop
      vertex -7.21482133865 6.84855794907 -2.3523888588
      vertex -6.98120450974 6.33149385452 -2.42310738564
      vertex -6.47810173035 6.58890533447 -3.41078138351
    endloop
  endfacet
  facet normal 0.79465597868 0.512933969498 -0.324685394764
    outer loop
      vertex -6.12417173386 6.13988828659 -3.67487597466
      vertex -5.84924936295 6.31236076355 -4.20997047424
      vertex -6.47810173035 6.58890533447 -3.41078138351
    endloop
  endfacet
  facet normal 0.799701094627 0.495658367872 -0.338822931051
    outer loop
      vertex -6.12417173386 6.13988828659 -3.67487597466
      vertex -6.47810173035 6.58890533447 -3.41078138351
      vertex -6.98120450974 6.33149385452 -2.42310738564
    endloop
  endfacet
  facet normal -0.81275498867 0.474320888519 0.338303089142
    outer loop
      vertex -1.23130249977 6.28990077972 -4.22567892075
      vertex -1.25040960312 5.23837566376 -5.00840520859
      vertex -0.872035384178 5.78222465515 -3.97216320038
    endloop
  endfacet
  facet normal 0.933711647987 -0.318608015776 -0.163314059377
    outer loop
      vertex 2.36069488525 5.28945875168 -3.57647657394
      vertex 2.04031252861 5.37494754791 -4.4715681076
      vertex 2.25925087929 6.08043575287 -3.468323946
    endloop
  endfacet
  facet normal 0.928726434708 -0.326378077269 -0.175910592079
    outer loop
      vertex 2.04031252861 5.37494754791 -4.4715681076
      vertex 2.01356720924 6.30675458908 -4.0454492569
      vertex 2.25925087929 6.08043575287 -3.468323946
    endloop
  endfacet
  facet normal -0.759947538376 -0.5391959548 -0.362970292568
    outer loop
      vertex -9.11680984497 6.66561841965 -5.31887340546
      vertex -10.1657791138 6.29896831512 -4.08726501465
      vertex -9.61975765228 7.89826917648 -3.78023171425
    endloop
  endfacet
  facet normal -0.708893716335 -0.567381799221 -0.418983966112
    outer loop
      vertex -8.67652511597 7.51770448685 -5.23974704742
      vertex -9.11680984497 6.66561841965 -5.31887340546
      vertex -9.61975765228 7.89826917648 -3.78023171425
    endloop
  endfacet
  facet normal 0.826038360596 0.560522973537 -0.0589456409216
    outer loop
      vertex -6.79781103134 7.11935949326 -2.99541163445
      vertex -7.21482133865 6.84855794907 -2.3523888588
      vertex -6.47810173035 6.58890533447 -3.41078138351
    endloop
  endfacet
  facet normal 0.790599286556 0.611579537392 -0.0303837358952
    outer loop
      vertex -6.47810173035 6.58890533447 -3.41078138351
      vertex -5.84924936295 6.31236076355 -4.20997047424
      vertex -6.06613779068 6.83107471466 -3.95536518097
    endloop
  endfacet
  facet normal 0.79618948698 0.605016410351 -0.00611508172005
    outer loop
      vertex -6.79781103134 7.11935949326 -2.99541163445
      vertex -6.47810173035 6.58890533447 -3.41078138351
      vertex -6.06613779068 6.83107471466 -3.95536518097
    endloop
  endfacet
  facet normal 0.752133846283 0.630678772926 0.191151738167
    outer loop
      vertex -6.79781103134 7.11935949326 -2.99541163445
      vertex -6.06613779068 6.83107471466 -3.95536518097
      vertex -6.74927663803 7.42162227631 -2.96168017387
    endloop
  endfacet
  facet normal -0.606489777565 0.568171203136 0.556193888187
    outer loop
      vertex -1.52620649338 7.34531164169 -3.5073094368
      vertex -2.09908986092 6.6505074501 -4.79898643494
      vertex -1.23130249977 6.28990077972 -4.22567892075
    endloop
  endfacet
  facet normal -0.824554502964 0.428380638361 0.369594216347
    outer loop
      vertex -1.23130249977 6.28990077972 -4.22567892075
      vertex -0.872035384178 5.78222465515 -3.97216320038
      vertex -0.857035577297 6.9467587471 -2.93856573105
    endloop
  endfacet
  facet normal 0.855712354183 -0.381967246532 -0.349080741405
    outer loop
      vertex 2.01356720924 6.30675458908 -4.0454492569
      vertex 1.53738033772 7.66378355026 -3.87204790115
      vertex 1.97908711433 6.94662952423 -3.53791117668
    endloop
  endfacet
  facet normal 0.918855905533 -0.283546745777 -0.27441778779
    outer loop
      vertex 2.01356720924 6.30675458908 -4.0454492569
      vertex 1.97908711433 6.94662952423 -3.53791117668
      vertex 2.25925087929 6.08043575287 -3.468323946
    endloop
  endfacet
  facet normal -0.674621641636 -0.561060369015 -0.479684114456
    outer loop
      vertex -8.7134513855 8.78339576721 -4.11323165894
      vertex -8.67652511597 7.51770448685 -5.23974704742
      vertex -9.61975765228 7.89826917648 -3.78023171425
    endloop
  endfacet
  facet normal 0.710309207439 0.649526774883 0.27124863863
    outer loop
      vertex -6.30394601822 7.59492301941 -3.37631249428
      vertex -6.74927663803 7.42162227631 -2.96168017387
      vertex -6.06613779068 6.83107471466 -3.95536518097
    endloop
  endfacet
  facet normal 0.399935990572 0.628574728966 0.667041957378
    outer loop
      vertex -5.4664812088 7.54654979706 -4.10274887085
      vertex -5.18699884415 8.02899360657 -3.76860332489
      vertex -6.0781211853 8.02048873901 -3.21064472198
    endloop
  endfacet
  facet normal 0.534604132175 0.652108192444 0.537543833256
    outer loop
      vertex -5.4664812088 7.54654979706 -4.10274887085
      vertex -6.0781211853 8.02048873901 -3.21064472198
      vertex -6.30394601822 7.59492301941 -3.37631249428
    endloop
  endfacet
  facet normal 0.560359597206 0.677710950375 0.47613543272
    outer loop
      vertex -5.4664812088 7.54654979706 -4.10274887085
      vertex -6.30394601822 7.59492301941 -3.37631249428
      vertex -5.71510744095 7.03105831146 -4.25933980942
    endloop
  endfacet
  facet normal 0.713441491127 0.647221148014 0.268525630236
    outer loop
      vertex -5.71510744095 7.03105831146 -4.25933980942
      vertex -6.30394601822 7.59492301941 -3.37631249428
      vertex -6.06613779068 6.83107471466 -3.95536518097
    endloop
  endfacet
  facet normal 0.270904421806 0.710738480091 0.649200737476
    outer loop
      vertex -5.4664812088 7.54654979706 -4.10274887085
      vertex -4.19329214096 7.169713974 -4.93224477768
      vertex -5.18699884415 8.02899360657 -3.76860332489
    endloop
  endfacet
  facet normal 0.0999454036355 0.644880771637 0.757720053196
    outer loop
      vertex -5.18699884415 8.02899360657 -3.76860332489
      vertex -4.19329214096 7.169713974 -4.93224477768
      vertex -3.71390461922 7.69304323196 -4.39164161682
    endloop
  endfacet
  facet normal -0.23696064949 0.628793299198 0.740586698055
    outer loop
      vertex -3.71390461922 7.69304323196 -4.39164161682
      vertex -2.86962199211 6.9031124115 -5.00384712219
      vertex -2.64131832123 8.01004981995 -3.61407017708
    endloop
  endfacet
  facet normal -0.388528257608 0.612279295921 0.688592672348
    outer loop
      vertex -2.64131832123 8.01004981995 -3.61407017708
      vertex -2.86962199211 6.9031124115 -5.00384712219
      vertex -2.09908986092 6.6505074501 -4.79898643494
    endloop
  endfacet
  facet normal -0.460245192051 0.570173025131 0.680497705936
    outer loop
      vertex -2.64131832123 8.01004981995 -3.61407017708
      vertex -2.09908986092 6.6505074501 -4.79898643494
      vertex -1.52620649338 7.34531164169 -3.5073094368
    endloop
  endfacet
  facet normal -0.452691316605 0.595372498035 0.663778722286
    outer loop
      vertex -2.64131832123 8.01004981995 -3.61407017708
      vertex -1.52620649338 7.34531164169 -3.5073094368
      vertex -1.92404484749 7.91170930862 -3.1783311367
    endloop
  endfacet
  facet normal 0.776075541973 -0.385009586811 -0.499474138021
    outer loop
      vertex 1.00327050686 8.22611141205 -4.21916007996
      vertex 1.13001930714 8.56737804413 -3.52094221115
      vertex 1.53738033772 7.66378355026 -3.87204790115
    endloop
  endfacet
  facet normal -0.69381159544 -0.508139491081 -0.510313391685
    outer loop
      vertex -9.00084114075 9.14430809021 -3.37392830849
      vertex -9.61975765228 7.89826917648 -3.78023171425
      vertex -9.71206378937 8.79250907898 -2.75613188744
    endloop
  endfacet
  facet normal -0.589983284473 -0.527682244778 -0.611122846603
    outer loop
      vertex -8.7134513855 8.78339576721 -4.11323165894
      vertex -9.00084114075 9.14430809021 -3.37392830849
      vertex -8.2665309906 9.40735054016 -3.89029860497
    endloop
  endfacet
  facet normal -0.687875926495 -0.516398429871 -0.510058164597
    outer loop
      vertex -8.7134513855 8.78339576721 -4.11323165894
      vertex -9.61975765228 7.89826917648 -3.78023171425
      vertex -9.00084114075 9.14430809021 -3.37392830849
    endloop
  endfacet
  facet normal 0.375299990177 0.588480055332 0.716129243374
    outer loop
      vertex -5.37501239777 8.64216423035 -2.90252351761
      vertex -6.0781211853 8.02048873901 -3.21064472198
      vertex -5.18699884415 8.02899360657 -3.76860332489
    endloop
  endfacet
  facet normal 0.195736005902 0.594599962234 0.779832243919
    outer loop
      vertex -4.58149957657 8.52599430084 -3.31609869003
      vertex -5.37501239777 8.64216423035 -2.90252351761
      vertex -5.18699884415 8.02899360657 -3.76860332489
    endloop
  endfacet
  facet normal -0.024195658043 0.599846124649 0.799749433994
    outer loop
      vertex -3.51434421539 8.48919963837 -3.32211017609
      vertex -4.58149957657 8.52599430084 -3.31609869003
      vertex -3.71390461922 7.69304323196 -4.39164161682
    endloop
  endfacet
  facet normal 0.111750937998 0.663245022297 0.74001199007
    outer loop
      vertex -3.71390461922 7.69304323196 -4.39164161682
      vertex -4.58149957657 8.52599430084 -3.31609869003
      vertex -5.18699884415 8.02899360657 -3.76860332489
    endloop
  endfacet
  facet normal -0.215550407767 0.608643710613 0.7636038661
    outer loop
      vertex -2.64131832123 8.01004981995 -3.61407017708
      vertex -3.51434421539 8.48919963837 -3.32211017609
      vertex -3.71390461922 7.69304323196 -4.39164161682
    endloop
  endfacet
  facet normal 0.685874402523 -0.416259795427 -0.59691208601
    outer loop
      vertex 0.385456055403 8.92888736725 -4.2293639183
      vertex 1.13001930714 8.56737804413 -3.52094221115
      vertex 1.00327050686 8.22611141205 -4.21916007996
    endloop
  endfacet
  facet normal 0.684798359871 -0.413536667824 -0.60003221035
    outer loop
      vertex 0.385456055403 8.92888736725 -4.2293639183
      vertex 0.694879710674 9.32101249695 -3.14800739288
      vertex 1.13001930714 8.56737804413 -3.52094221115
    endloop
  endfacet
  facet normal -0.576314270496 -0.484185606241 -0.658351123333
    outer loop
      vertex -7.89452648163 10.3461856842 -3.05654525757
      vertex -8.2665309906 9.40735054016 -3.89029860497
      vertex -9.00084114075 9.14430809021 -3.37392830849
    endloop
  endfacet
  facet normal -0.487592130899 -0.547882735729 -0.679763495922
    outer loop
      vertex -8.2665309906 9.40735054016 -3.89029860497
      vertex -7.89452648163 10.3461856842 -3.05654525757
      vertex -7.2112493515 9.86630916595 -4.26001977921
    endloop
  endfacet
  facet normal -0.426588177681 -0.53343462944 -0.730390310287
    outer loop
      vertex -7.02660799026 10.5483951569 -3.4737508297
      vertex -7.2112493515 9.86630916595 -4.26001977921
      vertex -7.89452648163 10.3461856842 -3.05654525757
    endloop
  endfacet
  facet normal -0.322646349669 -0.57587569952 -0.751176774502
    outer loop
      vertex -6.00788164139 10.4785766602 -4.1355843544
      vertex -7.2112493515 9.86630916595 -4.26001977921
      vertex -7.02660799026 10.5483951569 -3.4737508297
    endloop
  endfacet
  facet normal 0.459339082241 -0.47070479393 -0.753289163113
    outer loop
      vertex -0.418920814991 9.3725233078 -4.5397605896
      vertex -1.05626320839 10.1100912094 -3.98135280609
      vertex -0.337849885225 10.081445694 -3.32612872124
    endloop
  endfacet
  facet normal 0.54643458128 -0.449340552092 -0.706754744053
    outer loop
      vertex 0.215834766626 9.77821159363 -3.12975096703
      vertex -0.418920814991 9.3725233078 -4.5397605896
      vertex -0.337849885225 10.081445694 -3.32612872124
    endloop
  endfacet
  facet normal 0.558164417744 -0.451554566622 -0.696096897125
    outer loop
      vertex 0.385456055403 8.92888736725 -4.2293639183
      vertex -0.418920814991 9.3725233078 -4.5397605896
      vertex 0.215834766626 9.77821159363 -3.12975096703
    endloop
  endfacet
  facet normal 0.618753492832 -0.418203890324 -0.665018498898
    outer loop
      vertex 0.385456055403 8.92888736725 -4.2293639183
      vertex 0.215834766626 9.77821159363 -3.12975096703
      vertex 0.694879710674 9.32101249695 -3.14800739288
    endloop
  endfacet
  facet normal -0.190146535635 -0.518931150436 -0.833399534225
    outer loop
      vertex -6.00788164139 10.4785766602 -4.1355843544
      vertex -6.45874357224 11.3777084351 -2.52638101578
      vertex -4.94358301163 10.9796819687 -3.7207930088
    endloop
  endfacet
  facet normal -0.287791460752 -0.527317225933 -0.799445211887
    outer loop
      vertex -6.00788164139 10.4785766602 -4.1355843544
      vertex -7.02660799026 10.5483951569 -3.4737508297
      vertex -6.45874357224 11.3777084351 -2.52638101578
    endloop
  endfacet
  facet normal 0.0192628968507 -0.529541313648 -0.848065435886
    outer loop
      vertex -4.94358301163 10.9796819687 -3.7207930088
      vertex -4.33373785019 11.7027320862 -2.54063749313
      vertex -3.25135064125 11.1969413757 -3.31129336357
    endloop
  endfacet
  facet normal -0.355651885271 -0.199750781059 0.913023173809
    outer loop
      vertex -7.19670438766 -4.39532423019 -5.13143253326
      vertex -6.54686355591 -4.56193780899 -5.52689933777
      vertex -6.03542470932 -5.00839567184 -4.39683055878
    endloop
  endfacet
  facet normal -0.43549773097 -0.36985117197 0.820702016354
    outer loop
      vertex -7.19670438766 -4.39532423019 -5.13143253326
      vertex -6.69138050079 -4.25939464569 -6.02807712555
      vertex -6.54686355591 -4.56193780899 -5.52689933777
    endloop
  endfacet
  facet normal -0.256664276123 -0.252424478531 0.932955145836
    outer loop
      vertex -6.54686355591 -4.56193780899 -5.52689933777
      vertex -5.47042608261 -4.96690559387 -5.12466621399
      vertex -6.03542470932 -5.00839567184 -4.39683055878
    endloop
  endfacet
  facet normal 0.0130244661123 -0.272761166096 0.961993634701
    outer loop
      vertex -4.83990287781 -4.78358650208 -5.74110031128
      vertex -4.29942321777 -5.1442284584 -4.4433555603
      vertex -5.47042608261 -4.96690559387 -5.12466621399
    endloop
  endfacet
  facet normal 0.18530215323 -0.249533712864 0.950471460819
    outer loop
      vertex -3.95401763916 -4.77679729462 -5.58640003204
      vertex -3.59013438225 -5.06102514267 -4.23356151581
      vertex -4.29942321777 -5.1442284584 -4.4433555603
    endloop
  endfacet
  facet normal 0.0578967295587 -0.289614439011 0.955390751362
    outer loop
      vertex -4.83990287781 -4.78358650208 -5.74110031128
      vertex -3.95401763916 -4.77679729462 -5.58640003204
      vertex -4.29942321777 -5.1442284584 -4.4433555603
    endloop
  endfacet
  facet normal 0.301896840334 -0.215243399143 0.928724169731
    outer loop
      vertex -3.16881036758 -4.66422939301 -5.35469865799
      vertex -2.55346703529 -4.58296632767 -4.84225940704
      vertex -3.59013438225 -5.06102514267 -4.23356151581
    endloop
  endfacet
  facet normal 0.210518866777 -0.254908651114 0.943770825863
    outer loop
      vertex -3.95401763916 -4.77679729462 -5.58640003204
      vertex -3.16881036758 -4.66422939301 -5.35469865799
      vertex -3.59013438225 -5.06102514267 -4.23356151581
    endloop
  endfacet
  facet normal -0.733571827412 -0.239766463637 0.635912239552
    outer loop
      vertex -8.8544254303 -3.0332198143 -4.57902336121
      vertex -8.32639884949 -3.376704216 -5.28353977203
      vertex -8.13994312286 -3.82912921906 -4.65407657623
    endloop
  endfacet
  facet normal -0.663387537003 -0.297105759382 0.686764240265
    outer loop
      vertex -7.90937852859 -3.62290477753 -5.64558029175
      vertex -8.13994312286 -3.82912921906 -4.65407657623
      vertex -8.32639884949 -3.376704216 -5.28353977203
    endloop
  endfacet
  facet normal -0.644505500793 -0.296463131905 0.704785227776
    outer loop
      vertex -7.90937852859 -3.62290477753 -5.64558029175
      vertex -7.5148563385 -4.07141017914 -5.43702697754
      vertex -8.13994312286 -3.82912921906 -4.65407657623
    endloop
  endfacet
  facet normal -0.455867379904 -0.378999441862 0.805322527885
    outer loop
      vertex -7.5148563385 -4.07141017914 -5.43702697754
      vertex -6.69138050079 -4.25939464569 -6.02807712555
      vertex -7.19670438766 -4.39532423019 -5.13143253326
    endloop
  endfacet
  facet normal 0.519108295441 -0.217941358685 0.826455175877
    outer loop
      vertex -2.05389356613 -4.52813339233 -3.86027121544
      vertex -2.55346703529 -4.58296632767 -4.84225940704
      vertex -1.42909133434 -3.82192277908 -5.05009365082
    endloop
  endfacet
  facet normal 0.500328183174 -0.285905748606 0.81726962328
    outer loop
      vertex -1.42909133434 -3.82192277908 -5.05009365082
      vertex -2.55346703529 -4.58296632767 -4.84225940704
      vertex -2.30379462242 -4.13225793839 -5.69370079041
    endloop
  endfacet
  facet normal -0.834936439991 -0.251439839602 0.489549994469
    outer loop
      vertex -9.66239643097 -1.87541103363 -4.15029668808
      vertex -9.064909935 -2.43540287018 -5.04402399063
      vertex -8.8544254303 -3.0332198143 -4.57902336121
    endloop
  endfacet
  facet normal -0.782025694847 -0.327629715204 0.530183494091
    outer loop
      vertex -9.064909935 -2.43540287018 -5.04402399063
      vertex -8.32639884949 -3.376704216 -5.28353977203
      vertex -8.8544254303 -3.0332198143 -4.57902336121
    endloop
  endfacet
  facet normal 0.357604295015 0.178538143635 -0.916647851467
    outer loop
      vertex -4.64468622208 -2.01769351959 -5.1497759819
      vertex -4.83464860916 -1.84521353245 -5.65483379364
      vertex -5.12295770645 -1.84228920937 -5.09237718582
    endloop
  endfacet
  facet normal 0.514041185379 0.259240686893 -0.817652702332
    outer loop
      vertex -5.12295770645 -1.84228920937 -5.09237718582
      vertex -4.83464860916 -1.84521353245 -5.65483379364
      vertex -5.23219108582 -1.55965340137 -5.76722192764
    endloop
  endfacet
  facet normal 0.138436228037 0.273040950298 -0.951989531517
    outer loop
      vertex -4.83464860916 -1.84521353245 -5.65483379364
      vertex -4.64468622208 -2.01769351959 -5.1497759819
      vertex -4.33064842224 -2.00803518295 -5.3426733017
    endloop
  endfacet
  facet normal -0.246496349573 0.169687047601 -0.954172849655
    outer loop
      vertex -4.0248837471 -1.93200922012 -5.32600784302
      vertex -4.33064842224 -2.00803518295 -5.3426733017
      vertex -3.87434649467 -2.01290869713 -4.65242052078
    endloop
  endfacet
  facet normal -0.500573039055 0.212657257915 -0.83916836977
    outer loop
      vertex -4.0248837471 -1.93200922012 -5.32600784302
      vertex -3.87434649467 -2.01290869713 -4.65242052078
      vertex -3.57973575592 -1.87070024014 -4.52010774612
    endloop
  endfacet
  facet normal -0.650954306126 0.306736409664 -0.694385528564
    outer loop
      vertex -3.88180446625 -1.75033676624 -5.43363332748
      vertex -4.0248837471 -1.93200922012 -5.32600784302
      vertex -3.57973575592 -1.87070024014 -4.52010774612
    endloop
  endfacet
  facet normal -0.758988440037 0.325283676386 -0.564027547836
    outer loop
      vertex -3.88180446625 -1.75033676624 -5.43363332748
      vertex -3.57973575592 -1.87070024014 -4.52010774612
      vertex -3.30387210846 -1.44833076 -4.60880184174
    endloop
  endfacet
  facet normal -0.768625795841 0.299970269203 -0.565006375313
    outer loop
      vertex -3.30387210846 -1.44833076 -4.60880184174
      vertex -3.57973575592 -1.87070024014 -4.52010774612
      vertex -3.32440280914 -1.64865839481 -4.28408288956
    endloop
  endfacet
  facet normal 0.650023341179 -0.30086094141 0.697819709778
    outer loop
      vertex -0.845291137695 -3.49146413803 -4.55523586273
      vertex -1.42909133434 -3.82192277908 -5.05009365082
      vertex -0.891063392162 -3.12291049957 -5.50895595551
    endloop
  endfacet
  facet normal 0.729745388031 -0.278045803308 0.624629616737
    outer loop
      vertex -0.0281732175499 -2.29303741455 -5.10856580734
      vertex -0.0408721081913 -2.79281663895 -4.0191411972
      vertex -0.891063392162 -3.12291049957 -5.50895595551
    endloop
  endfacet
  facet normal -0.855364859104 -0.313388168812 0.412478864193
    outer loop
      vertex -9.064909935 -2.43540287018 -5.04402399063
      vertex -9.66239643097 -1.87541103363 -4.15029668808
      vertex -9.56317043304 -1.61774432659 -4.76026201248
    endloop
  endfacet
  facet normal -0.839411854744 -0.393412739038 0.374985605478
    outer loop
      vertex -8.89423561096 -1.86806094646 -5.94895553589
      vertex -9.064909935 -2.43540287018 -5.04402399063
      vertex -9.56317043304 -1.61774432659 -4.76026201248
    endloop
  endfacet
  facet normal 0.726155638695 0.0870527625084 -0.681996941566
    outer loop
      vertex -5.82829761505 -1.33679461479 -3.95357203484
      vertex -5.6325879097 -1.36229276657 -5.38633680344
      vertex -6.21117925644 -0.858184695244 -4.50931310654
    endloop
  endfacet
  facet normal 0.835397481918 0.278884589672 -0.473639518023
    outer loop
      vertex -6.21117925644 -0.858184695244 -4.50931310654
      vertex -5.6325879097 -1.36229276657 -5.38633680344
      vertex -6.14815807343 -0.651062786579 -5.0498547554
    endloop
  endfacet
  facet normal 0.595397949219 0.226470842957 -0.770851671696
    outer loop
      vertex -5.23219108582 -1.55965340137 -5.76722192764
      vertex -5.6325879097 -1.36229276657 -5.38633680344
      vertex -5.12295770645 -1.84228920937 -5.09237718582
    endloop
  endfacet
  facet normal 0.659761786461 0.0768172293901 -0.747538268566
    outer loop
      vertex -5.6325879097 -1.36229276657 -5.38633680344
      vertex -5.82829761505 -1.33679461479 -3.95357203484
      vertex -5.12295770645 -1.84228920937 -5.09237718582
    endloop
  endfacet
  facet normal -0.852358520031 0.500205099583 -0.152577027678
    outer loop
      vertex -3.27595114708 -1.06691968441 -4.67756509781
      vertex -3.89297842979 -1.50576210022 -5.59513092041
      vertex -3.30387210846 -1.44833076 -4.60880184174
    endloop
  endfacet
  facet normal -0.831454336643 0.480346918106 -0.27919626236
    outer loop
      vertex -3.89297842979 -1.50576210022 -5.59513092041
      vertex -3.88180446625 -1.75033676624 -5.43363332748
      vertex -3.30387210846 -1.44833076 -4.60880184174
    endloop
  endfacet
  facet normal -0.856516897678 -0.435262322426 0.277354598045
    outer loop
      vertex -9.53733158112 -0.459469825029 -5.58103132248
      vertex -8.89423561096 -1.86806094646 -5.94895553589
      vertex -10.0023679733 -0.316924005747 -4.75675630569
    endloop
  endfacet
  facet normal -0.859043359756 -0.422588199377 0.288900822401
    outer loop
      vertex -10.0023679733 -0.316924005747 -4.75675630569
      vertex -8.89423561096 -1.86806094646 -5.94895553589
      vertex -9.56317043304 -1.61774432659 -4.76026201248
    endloop
  endfacet
  facet normal -0.826200664043 0.563153803349 0.0158197786659
    outer loop
      vertex -3.64409422874 -0.875893056393 -5.2123003006
      vertex -3.89297842979 -1.50576210022 -5.59513092041
      vertex -3.27595114708 -1.06691968441 -4.67756509781
    endloop
  endfacet
  facet normal 0.827113509178 -0.344187766314 0.444317489862
    outer loop
      vertex -0.0281732175499 -2.29303741455 -5.10856580734
      vertex 0.133853271604 -1.21721231937 -6.10800170898
      vertex 0.963763833046 -1.06718575954 -4.30732536316
    endloop
  endfacet
  facet normal 0.850528597832 -0.360058963299 0.383351892233
    outer loop
      vertex 0.133853271604 -1.21721231937 -6.10800170898
      vertex 1.18447780609 0.364401876926 -5.31015586853
      vertex 0.963763833046 -1.06718575954 -4.30732536316
    endloop
  endfacet
  facet normal -0.482823997736 0.695276796818 0.532420098782
    outer loop
      vertex -4.63914585114 -0.201925694942 -5.57423400879
      vertex -4.27479219437 -0.813852965832 -5.78980779648
      vertex -3.98559451103 -0.175223827362 -5.0999379158
    endloop
  endfacet
  facet normal -0.636418759823 0.650506198406 0.414503157139
    outer loop
      vertex -3.98559451103 -0.175223827362 -5.0999379158
      vertex -4.27479219437 -0.813852965832 -5.78980779648
      vertex -3.64409422874 -0.875893056393 -5.2123003006
    endloop
  endfacet
  facet normal -0.704836666584 0.561448395252 0.433567762375
    outer loop
      vertex -3.98559451103 -0.175223827362 -5.0999379158
      vertex -3.64409422874 -0.875893056393 -5.2123003006
      vertex -3.27231097221 -0.147430807352 -4.18302631378
    endloop
  endfacet
  facet normal -0.813253700733 0.502020835876 0.294267684221
    outer loop
      vertex -3.27231097221 -0.147430807352 -4.18302631378
      vertex -3.64409422874 -0.875893056393 -5.2123003006
      vertex -3.01318907738 -0.428852260113 -3.92821884155
    endloop
  endfacet
  facet normal -0.837831497192 0.493166476488 0.234147876501
    outer loop
      vertex -3.64409422874 -0.875893056393 -5.2123003006
      vertex -3.27595114708 -1.06691968441 -4.67756509781
      vertex -3.01318907738 -0.428852260113 -3.92821884155
    endloop
  endfacet
  facet normal -0.871407985687 -0.46418684721 0.158677905798
    outer loop
      vertex -9.53733158112 -0.459469825029 -5.58103132248
      vertex -10.0023679733 -0.316924005747 -4.75675630569
      vertex -10.1487131119 1.39665544033 -5.06779766083
    endloop
  endfacet
  facet normal 0.786187708378 0.530955195427 0.316220611334
    outer loop
      vertex -6.29504442215 0.507706463337 -4.49019241333
      vertex -6.27956485748 -0.12404742837 -4.88936662674
      vertex -6.05447435379 0.0200456772 -5.13684129715
    endloop
  endfacet
  facet normal 0.576815962791 0.617702007294 0.534534871578
    outer loop
      vertex -5.8533449173 0.276778519154 -5.10249185562
      vertex -6.29504442215 0.507706463337 -4.49019241333
      vertex -6.05447435379 0.0200456772 -5.13684129715
    endloop
  endfacet
  facet normal 0.186972901225 0.733444154263 0.653529465199
    outer loop
      vertex -5.8533449173 0.276778519154 -5.10249185562
      vertex -5.14168548584 0.0871638581157 -5.45286560059
      vertex -5.62942028046 0.518482148647 -4.9442076683
    endloop
  endfacet
  facet normal -0.0307378657162 0.629127025604 0.776694476604
    outer loop
      vertex -5.62942028046 0.518482148647 -4.9442076683
      vertex -5.14168548584 0.0871638581157 -5.45286560059
      vertex -4.8989481926 0.414932578802 -5.03635644913
    endloop
  endfacet
  facet normal -0.234037056565 0.681809365749 0.693081974983
    outer loop
      vertex -4.8989481926 0.414932578802 -5.03635644913
      vertex -5.14168548584 0.0871638581157 -5.45286560059
      vertex -4.63914585114 -0.201925694942 -5.57423400879
    endloop
  endfacet
  facet normal -0.405397385359 0.597559809685 0.69179135561
    outer loop
      vertex -4.8989481926 0.414932578802 -5.03635644913
      vertex -4.63914585114 -0.201925694942 -5.57423400879
      vertex -3.98559451103 -0.175223827362 -5.0999379158
    endloop
  endfacet
  facet normal -0.403464525938 0.601783931255 0.689255058765
    outer loop
      vertex -4.8989481926 0.414932578802 -5.03635644913
      vertex -3.98559451103 -0.175223827362 -5.0999379158
      vertex -3.92884325981 0.411592453718 -4.38977718353
    endloop
  endfacet
  facet normal -0.643335819244 0.517563343048 0.564134001732
    outer loop
      vertex -3.98559451103 -0.175223827362 -5.0999379158
      vertex -3.27231097221 -0.147430807352 -4.18302631378
      vertex -3.92884325981 0.411592453718 -4.38977718353
    endloop
  endfacet
  facet normal 0.911566674709 -0.341112911701 0.229539141059
    outer loop
      vertex 1.70183038712 0.850645184517 -4.25481796265
      vertex 1.18447780609 0.364401876926 -5.31015586853
      vertex 1.88349127769 2.10922813416 -4.61627626419
    endloop
  endfacet
  facet normal 0.494064956903 0.595366418362 0.63359183073
    outer loop
      vertex -6.04018783569 0.812194824219 -4.3776473999
      vertex -6.29504442215 0.507706463337 -4.49019241333
      vertex -5.8533449173 0.276778519154 -5.10249185562
    endloop
  endfacet
  facet normal 0.149233371019 0.538215994835 0.829489588737
    outer loop
      vertex -5.44589185715 1.2318046093 -3.89573431015
      vertex -6.04018783569 0.812194824219 -4.3776473999
      vertex -5.62942028046 0.518482148647 -4.9442076683
    endloop
  endfacet
  facet normal 0.336517006159 0.614080309868 0.713905930519
    outer loop
      vertex -5.62942028046 0.518482148647 -4.9442076683
      vertex -6.04018783569 0.812194824219 -4.3776473999
      vertex -5.8533449173 0.276778519154 -5.10249185562
    endloop
  endfacet
  facet normal -0.159196987748 0.52322858572 0.837190628052
    outer loop
      vertex -4.6596288681 1.21160101891 -3.68883371353
      vertex -5.44589185715 1.2318046093 -3.89573431015
      vertex -4.8989481926 0.414932578802 -5.03635644913
    endloop
  endfacet
  facet normal -0.0449979044497 0.567307174206 0.822275936604
    outer loop
      vertex -4.8989481926 0.414932578802 -5.03635644913
      vertex -5.44589185715 1.2318046093 -3.89573431015
      vertex -5.62942028046 0.518482148647 -4.9442076683
    endloop
  endfacet
  facet normal -0.350577056408 0.521977066994 0.777583181858
    outer loop
      vertex -4.8989481926 0.414932578802 -5.03635644913
      vertex -3.92884325981 0.411592453718 -4.38977718353
      vertex -4.6596288681 1.21160101891 -3.68883371353
    endloop
  endfacet
  facet normal 0.905755400658 -0.363168001175 0.218440204859
    outer loop
      vertex 1.32724320889 2.00646924973 -5.94177293777
      vertex 1.88349127769 2.10922813416 -4.61627626419
      vertex 1.18447780609 0.364401876926 -5.31015586853
    endloop
  endfacet
  facet normal 0.383377403021 0.232502743602 -0.893848001957
    outer loop
      vertex -3.55607533455 4.40660381317 -5.48271179199
      vertex -3.18313002586 4.191883564 -5.27218198776
      vertex -2.80582809448 4.1098613739 -5.57899093628
    endloop
  endfacet
  facet normal 0.121786132455 0.174841359258 -0.97703564167
    outer loop
      vertex -2.17970967293 3.98037600517 -5.29153394699
      vertex -2.3315050602 4.06798362732 -5.67536354065
      vertex -2.80582809448 4.1098613739 -5.57899093628
    endloop
  endfacet
  facet normal 0.146657049656 0.122701749206 -0.981547772884
    outer loop
      vertex -2.4764714241 3.99497318268 -5.05360364914
      vertex -2.17970967293 3.98037600517 -5.29153394699
      vertex -2.80582809448 4.1098613739 -5.57899093628
    endloop
  endfacet
  facet normal 0.252884358168 0.0527225546539 -0.966058909893
    outer loop
      vertex -2.4764714241 3.99497318268 -5.05360364914
      vertex -2.80582809448 4.1098613739 -5.57899093628
      vertex -3.18313002586 4.191883564 -5.27218198776
    endloop
  endfacet
  facet normal -0.137432157993 0.271756500006 -0.952502369881
    outer loop
      vertex -2.3315050602 4.06798362732 -5.67536354065
      vertex -2.17970967293 3.98037600517 -5.29153394699
      vertex -1.82280397415 4.03860712051 -5.31513929367
    endloop
  endfacet
  facet normal -0.483187586069 0.198544219136 -0.852707445621
    outer loop
      vertex -1.64474511147 4.15701293945 -5.39033651352
      vertex -1.82280397415 4.03860712051 -5.31513929367
      vertex -1.42945313454 4.19030618668 -5.00937700272
    endloop
  endfacet
  facet normal -0.681316614151 0.327837646008 -0.654469370842
    outer loop
      vertex -1.64474511147 4.15701293945 -5.39033651352
      vertex -1.42945313454 4.19030618668 -5.00937700272
      vertex -1.31706869602 4.33859968185 -5.07186031342
    endloop
  endfacet
  facet normal -0.758094847202 0.145311713219 -0.635748922825
    outer loop
      vertex -1.31706869602 4.33859968185 -5.07186031342
      vertex -1.42945313454 4.19030618668 -5.00937700272
      vertex -1.18687236309 4.38686609268 -4.60379076004
    endloop
  endfacet
  facet normal 0.92042273283 -0.378754645586 0.0967827960849
    outer loop
      vertex 1.88349127769 2.10922813416 -4.61627626419
      vertex 1.32724320889 2.00646924973 -5.94177293777
      vertex 2.22826647758 3.62712883949 -4.16629552841
    endloop
  endfacet
  facet normal 0.919475317001 -0.382084995508 0.0926076024771
    outer loop
      vertex 1.32724320889 2.00646924973 -5.94177293777
      vertex 1.48747515678 3.60885262489 -5.9445567131
      vertex 2.22826647758 3.62712883949 -4.16629552841
    endloop
  endfacet
  facet normal -0.831531465054 -0.541754126549 -0.122710816562
    outer loop
      vertex -10.3109989166 2.9922618866 -4.86574220657
      vertex -10.660487175 4.71389102936 -3.93935608864
      vertex -9.38920116425 3.18007826805 -6.23805522919
    endloop
  endfacet
  facet normal 0.571557104588 0.257188171148 -0.779215455055
    outer loop
      vertex -3.55607533455 4.40660381317 -5.48271179199
      vertex -4.12089967728 4.88515377045 -5.67737150192
      vertex -4.47510623932 4.99077892303 -5.21022462845
    endloop
  endfacet
  facet normal 0.560342848301 0.139635145664 -0.81640547514
    outer loop
      vertex -3.55607533455 4.40660381317 -5.48271179199
      vertex -4.47510623932 4.99077892303 -5.21022462845
      vertex -3.99584960938 4.54045915604 -4.50054979324
    endloop
  endfacet
  facet normal 0.36640843749 -0.0341201722622 -0.929828286171
    outer loop
      vertex -2.86319971085 4.08340740204 -4.7926607132
      vertex -3.18313002586 4.191883564 -5.27218198776
      vertex -3.99584960938 4.54045915604 -4.50054979324
    endloop
  endfacet
  facet normal 0.460343539715 0.0857023969293 -0.883594334126
    outer loop
      vertex -3.18313002586 4.191883564 -5.27218198776
      vertex -3.55607533455 4.40660381317 -5.48271179199
      vertex -3.99584960938 4.54045915604 -4.50054979324
    endloop
  endfacet
  facet normal 0.253990978003 0.0490572974086 -0.965961694717
    outer loop
      vertex -3.18313002586 4.191883564 -5.27218198776
      vertex -2.86319971085 4.08340740204 -4.7926607132
      vertex -2.4764714241 3.99497318268 -5.05360364914
    endloop
  endfacet
  facet normal -0.877331674099 0.199006035924 -0.436675816774
    outer loop
      vertex -1.03989446163 4.69654178619 -4.63534545898
      vertex -1.31706869602 4.33859968185 -5.07186031342
      vertex -1.18687236309 4.38686609268 -4.60379076004
    endloop
  endfacet
  facet normal -0.895700275898 0.298474192619 -0.329596966505
    outer loop
      vertex -1.26606857777 4.53976726532 -5.14095592499
      vertex -1.31706869602 4.33859968185 -5.07186031342
      vertex -1.03989446163 4.69654178619 -4.63534545898
    endloop
  endfacet
  facet normal 0.923108816147 -0.384483218193 0.00653974059969
    outer loop
      vertex 2.22826647758 3.62712883949 -4.16629552841
      vertex 1.48747515678 3.60885262489 -5.9445567131
      vertex 2.15223526955 4.61219978333 -4.36559486389
    endloop
  endfacet
  facet normal 0.901719331741 -0.426094383001 -0.0731149688363
    outer loop
      vertex 1.48747515678 3.60885262489 -5.9445567131
      vertex 2.04031252861 5.37494754791 -4.4715681076
      vertex 2.15223526955 4.61219978333 -4.36559486389
    endloop
  endfacet
  facet normal -0.831971764565 -0.541310250759 -0.121680654585
    outer loop
      vertex -9.38920116425 3.18007826805 -6.23805522919
      vertex -10.660487175 4.71389102936 -3.93935608864
      vertex -9.26096343994 4.22834444046 -6.19951295853
    endloop
  endfacet
  facet normal -0.812500178814 -0.546631813049 -0.202576249838
    outer loop
      vertex -10.660487175 4.71389102936 -3.93935608864
      vertex -10.1657791138 6.29896831512 -4.08726501465
      vertex -9.26096343994 4.22834444046 -6.19951295853
    endloop
  endfacet
  facet normal 0.799878180027 0.393941432238 -0.452774882317
    outer loop
      vertex -5.84924936295 6.31236076355 -4.20997047424
      vertex -5.27950906754 5.47642469406 -4.40601968765
      vertex -5.10449075699 5.67064094543 -4.98460674286
    endloop
  endfacet
  facet normal 0.723364055157 0.425533354282 -0.543751657009
    outer loop
      vertex -4.67941856384 5.55288267136 -5.58117771149
      vertex -4.47510623932 4.99077892303 -5.21022462845
      vertex -4.12089967728 4.88515377045 -5.67737150192
    endloop
  endfacet
  facet normal 0.732157468796 0.415080487728 -0.540049612522
    outer loop
      vertex -5.10449075699 5.67064094543 -4.98460674286
      vertex -4.47510623932 4.99077892303 -5.21022462845
      vertex -4.67941856384 5.55288267136 -5.58117771149
    endloop
  endfacet
  facet normal 0.73403018713 0.405021190643 -0.54512155056
    outer loop
      vertex -5.10449075699 5.67064094543 -4.98460674286
      vertex -5.27950906754 5.47642469406 -4.40601968765
      vertex -4.47510623932 4.99077892303 -5.21022462845
    endloop
  endfacet
  facet normal -0.91954344511 0.377930700779 -0.107741586864
    outer loop
      vertex -1.26606857777 4.53976726532 -5.14095592499
      vertex -1.03989446163 4.69654178619 -4.63534545898
      vertex -1.06792747974 4.97915792465 -4.78412151337
    endloop
  endfacet
  facet normal 0.878523409367 -0.464321613312 -0.11225887388
    outer loop
      vertex 1.10526430607 5.51542711258 -6.2067694664
      vertex 2.04031252861 5.37494754791 -4.4715681076
      vertex 1.48747515678 3.60885262489 -5.9445567131
    endloop
  endfacet
  facet normal -0.802811801434 -0.555705547333 -0.216065958142
    outer loop
      vertex -9.26096343994 4.22834444046 -6.19951295853
      vertex -10.1657791138 6.29896831512 -4.08726501465
      vertex -9.14307975769 5.21673107147 -5.98551845551
    endloop
  endfacet
  facet normal 0.775705218315 0.609166443348 -0.164916962385
    outer loop
      vertex -5.10449075699 5.67064094543 -4.98460674286
      vertex -5.22921895981 6.25106334686 -4.98291492462
      vertex -5.84924936295 6.31236076355 -4.20997047424
    endloop
  endfacet
  facet normal 0.78065687418 0.624645769596 -0.0198131091893
    outer loop
      vertex -5.84924936295 6.31236076355 -4.20997047424
      vertex -5.22921895981 6.25106334686 -4.98291492462
      vertex -6.06613779068 6.83107471466 -3.95536518097
    endloop
  endfacet
  facet normal 0.761531293392 0.646515190601 -0.0456965863705
    outer loop
      vertex -4.70867300034 6.0587105751 -5.58247089386
      vertex -5.22921895981 6.25106334686 -4.98291492462
      vertex -4.67941856384 5.55288267136 -5.58117771149
    endloop
  endfacet
  facet normal 0.817886650562 0.548388719559 -0.174158602953
    outer loop
      vertex -5.22921895981 6.25106334686 -4.98291492462
      vertex -5.10449075699 5.67064094543 -4.98460674286
      vertex -4.67941856384 5.55288267136 -5.58117771149
    endloop
  endfacet
  facet normal -0.505720019341 0.688888609409 0.519306957722
    outer loop
      vertex -2.50638890266 5.6628947258 -5.84248399734
      vertex -1.83593094349 5.35921144485 -5.57922029495
      vertex -2.09908986092 6.6505074501 -4.79898643494
    endloop
  endfacet
  facet normal -0.673319995403 0.59888702631 0.433560341597
    outer loop
      vertex -1.83593094349 5.35921144485 -5.57922029495
      vertex -1.25040960312 5.23837566376 -5.00840520859
      vertex -1.23130249977 6.28990077972 -4.22567892075
    endloop
  endfacet
  facet normal -0.612611234188 0.615013360977 0.496453434229
    outer loop
      vertex -1.83593094349 5.35921144485 -5.57922029495
      vertex -1.23130249977 6.28990077972 -4.22567892075
      vertex -2.09908986092 6.6505074501 -4.79898643494
    endloop
  endfacet
  facet normal 0.864487469196 -0.447278141975 -0.229354828596
    outer loop
      vertex 2.04031252861 5.37494754791 -4.4715681076
      vertex 1.10526430607 5.51542711258 -6.2067694664
      vertex 2.01356720924 6.30675458908 -4.0454492569
    endloop
  endfacet
  facet normal 0.85660392046 -0.451460361481 -0.249826416373
    outer loop
      vertex 1.10526430607 5.51542711258 -6.2067694664
      vertex 1.15805697441 6.63938903809 -5.48462915421
      vertex 2.01356720924 6.30675458908 -4.0454492569
    endloop
  endfacet
  facet normal -0.770576655865 -0.573580205441 -0.277880132198
    outer loop
      vertex -9.11680984497 6.66561841965 -5.31887340546
      vertex -9.14307975769 5.21673107147 -5.98551845551
      vertex -10.1657791138 6.29896831512 -4.08726501465
    endloop
  endfacet
  facet normal 0.703321456909 0.683370828629 0.195814281702
    outer loop
      vertex -5.22921895981 6.25106334686 -4.98291492462
      vertex -5.71510744095 7.03105831146 -4.25933980942
      vertex -6.06613779068 6.83107471466 -3.95536518097
    endloop
  endfacet
  facet normal 0.588139116764 0.741939425468 0.321897834539
    outer loop
      vertex -5.22921895981 6.25106334686 -4.98291492462
      vertex -4.84767055511 6.7804274559 -5.05570030212
      vertex -5.71510744095 7.03105831146 -4.25933980942
    endloop
  endfacet
  facet normal 0.640107870102 0.674039065838 0.368691295385
    outer loop
      vertex -4.70867300034 6.0587105751 -5.58247089386
      vertex -4.84767055511 6.7804274559 -5.05570030212
      vertex -5.22921895981 6.25106334686 -4.98291492462
    endloop
  endfacet
  facet normal 0.421297341585 0.769272446632 0.480342060328
    outer loop
      vertex -4.70867300034 6.0587105751 -5.58247089386
      vertex -4.22071170807 6.17404699326 -5.7776889801
      vertex -4.84767055511 6.7804274559 -5.05570030212
    endloop
  endfacet
  facet normal 0.237218901515 0.73727786541 0.632572948933
    outer loop
      vertex -4.84767055511 6.7804274559 -5.05570030212
      vertex -4.22071170807 6.17404699326 -5.7776889801
      vertex -4.19329214096 7.169713974 -4.93224477768
    endloop
  endfacet
  facet normal -0.0174639169127 0.762389838696 0.646882295609
    outer loop
      vertex -4.22071170807 6.17404699326 -5.7776889801
      vertex -3.23342609406 6.1874165535 -5.74372959137
      vertex -4.19329214096 7.169713974 -4.93224477768
    endloop
  endfacet
  facet normal -0.100212827325 0.716778874397 0.690061926842
    outer loop
      vertex -4.19329214096 7.169713974 -4.93224477768
      vertex -3.23342609406 6.1874165535 -5.74372959137
      vertex -2.86962199211 6.9031124115 -5.00384712219
    endloop
  endfacet
  facet normal -0.32811370492 0.735150575638 0.593207359314
    outer loop
      vertex -2.86962199211 6.9031124115 -5.00384712219
      vertex -3.23342609406 6.1874165535 -5.74372959137
      vertex -2.50638890266 5.6628947258 -5.84248399734
    endloop
  endfacet
  facet normal -0.382639974356 0.709469020367 0.591811060905
    outer loop
      vertex -2.86962199211 6.9031124115 -5.00384712219
      vertex -2.50638890266 5.6628947258 -5.84248399734
      vertex -2.09908986092 6.6505074501 -4.79898643494
    endloop
  endfacet
  facet normal 0.839026987553 -0.418350160122 -0.34787479043
    outer loop
      vertex 2.01356720924 6.30675458908 -4.0454492569
      vertex 1.15805697441 6.63938903809 -5.48462915421
      vertex 1.53738033772 7.66378355026 -3.87204790115
    endloop
  endfacet
  facet normal 0.790011644363 -0.450204849243 -0.416169673204
    outer loop
      vertex 1.15805697441 6.63938903809 -5.48462915421
      vertex 0.841606318951 7.669880867 -5.08734416962
      vertex 1.53738033772 7.66378355026 -3.87204790115
    endloop
  endfacet
  facet normal -0.621265172958 -0.594249725342 -0.510780632496
    outer loop
      vertex -8.67652511597 7.51770448685 -5.23974704742
      vertex -8.7134513855 8.78339576721 -4.11323165894
      vertex -8.14302539825 8.1909160614 -5.21884870529
    endloop
  endfacet
  facet normal 0.261481314898 0.7021946311 0.662231206894
    outer loop
      vertex -4.19329214096 7.169713974 -4.93224477768
      vertex -5.4664812088 7.54654979706 -4.10274887085
      vertex -4.84767055511 6.7804274559 -5.05570030212
    endloop
  endfacet
  facet normal 0.520473241806 0.714210927486 0.467985451221
    outer loop
      vertex -4.84767055511 6.7804274559 -5.05570030212
      vertex -5.4664812088 7.54654979706 -4.10274887085
      vertex -5.71510744095 7.03105831146 -4.25933980942
    endloop
  endfacet
  facet normal -0.0955095440149 0.734782040119 0.671545445919
    outer loop
      vertex -2.86962199211 6.9031124115 -5.00384712219
      vertex -3.71390461922 7.69304323196 -4.39164161682
      vertex -4.19329214096 7.169713974 -4.93224477768
    endloop
  endfacet
  facet normal 0.674822032452 -0.483088552952 -0.557889521122
    outer loop
      vertex 0.249900624156 8.20952320099 -5.29069185257
      vertex 1.00327050686 8.22611141205 -4.21916007996
      vertex 0.841606318951 7.669880867 -5.08734416962
    endloop
  endfacet
  facet normal 0.770995020866 -0.439091295004 -0.461265146732
    outer loop
      vertex 0.841606318951 7.669880867 -5.08734416962
      vertex 1.00327050686 8.22611141205 -4.21916007996
      vertex 1.53738033772 7.66378355026 -3.87204790115
    endloop
  endfacet
  facet normal -0.537378907204 -0.596646606922 -0.596017360687
    outer loop
      vertex -8.7134513855 8.78339576721 -4.11323165894
      vertex -7.37844562531 8.43681430817 -5.66183996201
      vertex -8.14302539825 8.1909160614 -5.21884870529
    endloop
  endfacet
  facet normal -0.536498963833 -0.596171557903 -0.597284138203
    outer loop
      vertex -8.7134513855 8.78339576721 -4.11323165894
      vertex -8.2665309906 9.40735054016 -3.89029860497
      vertex -7.37844562531 8.43681430817 -5.66183996201
    endloop
  endfacet
  facet normal -0.168032303452 -0.637080132961 -0.75225931406
    outer loop
      vertex -5.76843070984 9.42062950134 -5.58257246017
      vertex -4.74056148529 10.0055437088 -5.16301488876
      vertex -4.91249608994 8.9655752182 -6.34565353394
    endloop
  endfacet
  facet normal -0.0940970629454 -0.649678766727 -0.754362821579
    outer loop
      vertex -4.91249608994 8.9655752182 -6.34565353394
      vertex -4.74056148529 10.0055437088 -5.16301488876
      vertex -3.9760222435 9.11894321442 -6.30320739746
    endloop
  endfacet
  facet normal -0.0344087518752 -0.627760231495 -0.777645885944
    outer loop
      vertex -4.74056148529 10.0055437088 -5.16301488876
      vertex -3.7333381176 10.0551548004 -5.15676641464
      vertex -3.9760222435 9.11894321442 -6.30320739746
    endloop
  endfacet
  facet normal 0.0386666543782 -0.63693934679 -0.769943594933
    outer loop
      vertex -3.9760222435 9.11894321442 -6.30320739746
      vertex -3.7333381176 10.0551548004 -5.15676641464
      vertex -3.03790187836 9.14244556427 -6.2178478241
    endloop
  endfacet
  facet normal 0.135427981615 -0.593598544598 -0.793284296989
    outer loop
      vertex -3.7333381176 10.0551548004 -5.15676641464
      vertex -2.61593770981 10.4252138138 -4.40728759766
      vertex -3.03790187836 9.14244556427 -6.2178478241
    endloop
  endfacet
  facet normal 0.200289100409 -0.597040116787 -0.776805877686
    outer loop
      vertex -3.03790187836 9.14244556427 -6.2178478241
      vertex -2.61593770981 10.4252138138 -4.40728759766
      vertex -1.69571614265 9.0500421524 -5.88780975342
    endloop
  endfacet
  facet normal 0.229448884726 -0.582011222839 -0.780138552189
    outer loop
      vertex -2.61593770981 10.4252138138 -4.40728759766
      vertex -1.85478103161 10.0386772156 -4.62533473969
      vertex -1.69571614265 9.0500421524 -5.88780975342
    endloop
  endfacet
  facet normal 0.380491882563 -0.539978861809 -0.750765442848
    outer loop
      vertex -1.85478103161 10.0386772156 -4.62533473969
      vertex -0.418920814991 9.3725233078 -4.5397605896
      vertex -1.69571614265 9.0500421524 -5.88780975342
    endloop
  endfacet
  facet normal 0.415768444538 -0.564394533634 -0.713158786297
    outer loop
      vertex -1.69571614265 9.0500421524 -5.88780975342
      vertex -0.418920814991 9.3725233078 -4.5397605896
      vertex -0.385164827108 8.5226020813 -5.58883905411
    endloop
  endfacet
  facet normal 0.560930848122 -0.510165274143 -0.651987731457
    outer loop
      vertex -0.418920814991 9.3725233078 -4.5397605896
      vertex 0.249900624156 8.20952320099 -5.29069185257
      vertex -0.385164827108 8.5226020813 -5.58883905411
    endloop
  endfacet
  facet normal 0.557791590691 -0.513309895992 -0.652212798595
    outer loop
      vertex -0.418920814991 9.3725233078 -4.5397605896
      vertex 0.385456055403 8.92888736725 -4.2293639183
      vertex 0.249900624156 8.20952320099 -5.29069185257
    endloop
  endfacet
  facet normal 0.664008319378 -0.47577881813 -0.576825320721
    outer loop
      vertex 0.249900624156 8.20952320099 -5.29069185257
      vertex 0.385456055403 8.92888736725 -4.2293639183
      vertex 1.00327050686 8.22611141205 -4.21916007996
    endloop
  endfacet
  facet normal -0.486667871475 -0.594596683979 -0.640007197857
    outer loop
      vertex -7.2112493515 9.86630916595 -4.26001977921
      vertex -7.37844562531 8.43681430817 -5.66183996201
      vertex -8.2665309906 9.40735054016 -3.89029860497
    endloop
  endfacet
  facet normal -0.452613800764 -0.609628021717 -0.650764524937
    outer loop
      vertex -6.66626882553 8.9916639328 -5.59830093384
      vertex -7.37844562531 8.43681430817 -5.66183996201
      vertex -7.2112493515 9.86630916595 -4.26001977921
    endloop
  endfacet
  facet normal -0.333850473166 -0.607182383537 -0.721022486687
    outer loop
      vertex -7.2112493515 9.86630916595 -4.26001977921
      vertex -5.76843070984 9.42062950134 -5.58257246017
      vertex -6.66626882553 8.9916639328 -5.59830093384
    endloop
  endfacet
  facet normal -0.315355658531 -0.593548953533 -0.740439355373
    outer loop
      vertex -7.2112493515 9.86630916595 -4.26001977921
      vertex -6.00788164139 10.4785766602 -4.1355843544
      vertex -5.76843070984 9.42062950134 -5.58257246017
    endloop
  endfacet
  facet normal 0.37796613574 -0.551159143448 -0.743885159492
    outer loop
      vertex -0.418920814991 9.3725233078 -4.5397605896
      vertex -1.85478103161 10.0386772156 -4.62533473969
      vertex -1.05626320839 10.1100912094 -3.98135280609
    endloop
  endfacet
  facet normal -0.158934623003 -0.567876875401 -0.807623445988
    outer loop
      vertex -4.94358301163 10.9796819687 -3.7207930088
      vertex -4.74056148529 10.0055437088 -5.16301488876
      vertex -6.00788164139 10.4785766602 -4.1355843544
    endloop
  endfacet
  facet normal -0.196636378765 -0.599684417248 -0.775701403618
    outer loop
      vertex -4.74056148529 10.0055437088 -5.16301488876
      vertex -5.76843070984 9.42062950134 -5.58257246017
      vertex -6.00788164139 10.4785766602 -4.1355843544
    endloop
  endfacet
  facet normal 0.0193084571511 -0.529682278633 -0.847976326942
    outer loop
      vertex -3.25135064125 11.1969413757 -3.31129336357
      vertex -3.7333381176 10.0551548004 -5.15676641464
      vertex -4.94358301163 10.9796819687 -3.7207930088
    endloop
  endfacet
  facet normal -0.037176400423 -0.562926650047 -0.825670361519
    outer loop
      vertex -3.7333381176 10.0551548004 -5.15676641464
      vertex -4.74056148529 10.0055437088 -5.16301488876
      vertex -4.94358301163 10.9796819687 -3.7207930088
    endloop
  endfacet
  facet normal 0.0850618258119 -0.540203213692 -0.837224543095
    outer loop
      vertex -2.61593770981 10.4252138138 -4.40728759766
      vertex -3.7333381176 10.0551548004 -5.15676641464
      vertex -3.25135064125 11.1969413757 -3.31129336357
    endloop
  endfacet
  facet normal -0.208183541894 -0.358912169933 0.909858047962
    outer loop
      vertex -5.8416223526 -4.49866056442 -6.09637832642
      vertex -5.47042608261 -4.96690559387 -5.12466621399
      vertex -6.54686355591 -4.56193780899 -5.52689933777
    endloop
  endfacet
  facet normal -0.276148617268 -0.437092751265 0.855974197388
    outer loop
      vertex -6.69138050079 -4.25939464569 -6.02807712555
      vertex -5.8416223526 -4.49866056442 -6.09637832642
      vertex -6.54686355591 -4.56193780899 -5.52689933777
    endloop
  endfacet
  facet normal -0.119700416923 -0.393502801657 0.911497294903
    outer loop
      vertex -5.8416223526 -4.49866056442 -6.09637832642
      vertex -4.83990287781 -4.78358650208 -5.74110031128
      vertex -5.47042608261 -4.96690559387 -5.12466621399
    endloop
  endfacet
  facet normal 0.248685777187 -0.418354660273 0.873575866222
    outer loop
      vertex -3.32648658752 -4.27914619446 -6.25252819061
      vertex -3.16881036758 -4.66422939301 -5.35469865799
      vertex -3.95401763916 -4.77679729462 -5.58640003204
    endloop
  endfacet
  facet normal 0.349995583296 -0.420490324497 0.837072849274
    outer loop
      vertex -3.32648658752 -4.27914619446 -6.25252819061
      vertex -2.30379462242 -4.13225793839 -5.69370079041
      vertex -3.16881036758 -4.66422939301 -5.35469865799
    endloop
  endfacet
  facet normal 0.393744379282 -0.337204575539 0.85513651371
    outer loop
      vertex -2.30379462242 -4.13225793839 -5.69370079041
      vertex -2.55346703529 -4.58296632767 -4.84225940704
      vertex -3.16881036758 -4.66422939301 -5.35469865799
    endloop
  endfacet
  facet normal -0.565868496895 -0.435343533754 0.700192034245
    outer loop
      vertex -7.5148563385 -4.07141017914 -5.43702697754
      vertex -7.90937852859 -3.62290477753 -5.64558029175
      vertex -7.28640985489 -3.75453257561 -6.24362230301
    endloop
  endfacet
  facet normal -0.607782483101 -0.496754944324 0.619544148445
    outer loop
      vertex -7.90937852859 -3.62290477753 -5.64558029175
      vertex -7.98266172409 -3.05790162086 -6.26058006287
      vertex -7.28640985489 -3.75453257561 -6.24362230301
    endloop
  endfacet
  facet normal -0.411036550999 -0.556510448456 0.722042322159
    outer loop
      vertex -6.36301183701 -4.06330871582 -6.52502012253
      vertex -6.69138050079 -4.25939464569 -6.02807712555
      vertex -7.28640985489 -3.75453257561 -6.24362230301
    endloop
  endfacet
  facet normal -0.48553186655 -0.435344666243 0.75811201334
    outer loop
      vertex -7.28640985489 -3.75453257561 -6.24362230301
      vertex -6.69138050079 -4.25939464569 -6.02807712555
      vertex -7.5148563385 -4.07141017914 -5.43702697754
    endloop
  endfacet
  facet normal 0.382023394108 -0.493798404932 0.781166613102
    outer loop
      vertex -2.36918663979 -3.53198933601 -6.69388866425
      vertex -2.30379462242 -4.13225793839 -5.69370079041
      vertex -3.32648658752 -4.27914619446 -6.25252819061
    endloop
  endfacet
  facet normal 0.489571690559 -0.472016841173 0.733157336712
    outer loop
      vertex -2.36918663979 -3.53198933601 -6.69388866425
      vertex -1.69068157673 -3.18634867668 -6.52701377869
      vertex -2.30379462242 -4.13225793839 -5.69370079041
    endloop
  endfacet
  facet normal 0.55752068758 -0.40950769186 0.722131669521
    outer loop
      vertex -1.69068157673 -3.18634867668 -6.52701377869
      vertex -1.42909133434 -3.82192277908 -5.05009365082
      vertex -2.30379462242 -4.13225793839 -5.69370079041
    endloop
  endfacet
  facet normal -0.760984957218 -0.427078217268 0.488370835781
    outer loop
      vertex -8.32639884949 -3.376704216 -5.28353977203
      vertex -9.064909935 -2.43540287018 -5.04402399063
      vertex -7.98266172409 -3.05790162086 -6.26058006287
    endloop
  endfacet
  facet normal -0.764906406403 -0.439500629902 0.470911204815
    outer loop
      vertex -9.064909935 -2.43540287018 -5.04402399063
      vertex -8.89423561096 -1.86806094646 -5.94895553589
      vertex -7.98266172409 -3.05790162086 -6.26058006287
    endloop
  endfacet
  facet normal -0.70611178875 -0.431591778994 0.561368584633
    outer loop
      vertex -7.98266172409 -3.05790162086 -6.26058006287
      vertex -7.90937852859 -3.62290477753 -5.64558029175
      vertex -8.32639884949 -3.376704216 -5.28353977203
    endloop
  endfacet
  facet normal 0.448320150375 0.419596225023 -0.789270579815
    outer loop
      vertex -4.83464860916 -1.84521353245 -5.65483379364
      vertex -4.91071224213 -1.67579770088 -5.89223814011
      vertex -5.23219108582 -1.55965340137 -5.76722192764
    endloop
  endfacet
  facet normal 0.468738555908 0.632389307022 -0.616739749908
    outer loop
      vertex -5.23219108582 -1.55965340137 -5.76722192764
      vertex -4.91071224213 -1.67579770088 -5.89223814011
      vertex -5.20570898056 -1.39636731148 -5.94609642029
    endloop
  endfacet
  facet normal 0.0685762315989 0.372098565102 -0.925656497478
    outer loop
      vertex -4.62140321732 -1.78167903423 -5.85218667984
      vertex -4.83464860916 -1.84521353245 -5.65483379364
      vertex -4.33064842224 -2.00803518295 -5.3426733017
    endloop
  endfacet
  facet normal 0.230790302157 0.515119254589 -0.825462281704
    outer loop
      vertex -4.91071224213 -1.67579770088 -5.89223814011
      vertex -4.83464860916 -1.84521353245 -5.65483379364
      vertex -4.62140321732 -1.78167903423 -5.85218667984
    endloop
  endfacet
  facet normal -0.241510748863 0.402075201273 -0.883180677891
    outer loop
      vertex -4.28094577789 -1.81510436535 -5.73660230637
      vertex -4.33064842224 -2.00803518295 -5.3426733017
      vertex -4.0248837471 -1.93200922012 -5.32600784302
    endloop
  endfacet
  facet normal -0.058730546385 0.433096170425 -0.899432301521
    outer loop
      vertex -4.62140321732 -1.78167903423 -5.85218667984
      vertex -4.33064842224 -2.00803518295 -5.3426733017
      vertex -4.28094577789 -1.81510436535 -5.73660230637
    endloop
  endfacet
  facet normal -0.501428425312 0.511409342289 -0.697875380516
    outer loop
      vertex -4.28094577789 -1.81510436535 -5.73660230637
      vertex -4.0248837471 -1.93200922012 -5.32600784302
      vertex -3.88180446625 -1.75033676624 -5.43363332748
    endloop
  endfacet
  facet normal 0.637607216835 -0.462405055761 0.616148233414
    outer loop
      vertex -1.69068157673 -3.18634867668 -6.52701377869
      vertex -0.964890062809 -2.3195297718 -6.68124866486
      vertex -0.891063392162 -3.12291049957 -5.50895595551
    endloop
  endfacet
  facet normal 0.574802815914 -0.407243281603 0.709756731987
    outer loop
      vertex -1.69068157673 -3.18634867668 -6.52701377869
      vertex -0.891063392162 -3.12291049957 -5.50895595551
      vertex -1.42909133434 -3.82192277908 -5.05009365082
    endloop
  endfacet
  facet normal 0.722601354122 -0.421159952879 0.548152863979
    outer loop
      vertex -0.964890062809 -2.3195297718 -6.68124866486
      vertex -0.0281732175499 -2.29303741455 -5.10856580734
      vertex -0.891063392162 -3.12291049957 -5.50895595551
    endloop
  endfacet
  facet normal 0.826910018921 0.367679208517 -0.425478339195
    outer loop
      vertex -6.14815807343 -0.651062786579 -5.0498547554
      vertex -5.6325879097 -1.36229276657 -5.38633680344
      vertex -5.55388641357 -1.24515938759 -5.69888210297
    endloop
  endfacet
  facet normal 0.632655739784 0.571120560169 -0.523037314415
    outer loop
      vertex -5.55388641357 -1.24515938759 -5.69888210297
      vertex -5.23219108582 -1.55965340137 -5.76722192764
      vertex -5.20570898056 -1.39636731148 -5.94609642029
    endloop
  endfacet
  facet normal 0.682555556297 0.400885045528 -0.611072063446
    outer loop
      vertex -5.55388641357 -1.24515938759 -5.69888210297
      vertex -5.6325879097 -1.36229276657 -5.38633680344
      vertex -5.23219108582 -1.55965340137 -5.76722192764
    endloop
  endfacet
  facet normal 0.740973353386 -0.432685375214 0.513558030128
    outer loop
      vertex -0.964890062809 -2.3195297718 -6.68124866486
      vertex 0.133853271604 -1.21721231937 -6.10800170898
      vertex -0.0281732175499 -2.29303741455 -5.10856580734
    endloop
  endfacet
  facet normal -0.838896334171 -0.47937270999 0.25778824091
    outer loop
      vertex -9.53733158112 -0.459469825029 -5.58103132248
      vertex -8.94351291656 -0.748039782047 -6.46502494812
      vertex -8.89423561096 -1.86806094646 -5.94895553589
    endloop
  endfacet
  facet normal 0.844559907913 0.533288657665 -0.0481847599149
    outer loop
      vertex -5.79940128326 -0.578417897224 -5.60873889923
      vertex -6.27956485748 -0.12404742837 -4.88936662674
      vertex -6.14815807343 -0.651062786579 -5.0498547554
    endloop
  endfacet
  facet normal 0.828001022339 0.537466704845 -0.159824430943
    outer loop
      vertex -5.61748981476 -1.01093780994 -5.76036834717
      vertex -5.79940128326 -0.578417897224 -5.60873889923
      vertex -6.14815807343 -0.651062786579 -5.0498547554
    endloop
  endfacet
  facet normal 0.827715873718 0.44516953826 -0.341629236937
    outer loop
      vertex -5.61748981476 -1.01093780994 -5.76036834717
      vertex -6.14815807343 -0.651062786579 -5.0498547554
      vertex -5.55388641357 -1.24515938759 -5.69888210297
    endloop
  endfacet
  facet normal 0.638726770878 0.683716535568 -0.352930337191
    outer loop
      vertex -5.61748981476 -1.01093780994 -5.76036834717
      vertex -5.55388641357 -1.24515938759 -5.69888210297
      vertex -5.20570898056 -1.39636731148 -5.94609642029
    endloop
  endfacet
  facet normal -0.729667663574 0.673054218292 0.120760336518
    outer loop
      vertex -4.20640945435 -1.26214766502 -5.89121675491
      vertex -3.89297842979 -1.50576210022 -5.59513092041
      vertex -3.64409422874 -0.875893056393 -5.2123003006
    endloop
  endfacet
  facet normal 0.838021636009 -0.424873501062 0.342348128557
    outer loop
      vertex 0.450171798468 0.255720824003 -6.6709318161
      vertex 1.18447780609 0.364401876926 -5.31015586853
      vertex 0.133853271604 -1.21721231937 -6.10800170898
    endloop
  endfacet
  facet normal -0.8422768116 -0.522382199764 0.132991030812
    outer loop
      vertex -10.1487131119 1.39665544033 -5.06779766083
      vertex -8.94351291656 -0.748039782047 -6.46502494812
      vertex -9.53733158112 -0.459469825029 -5.58103132248
    endloop
  endfacet
  facet normal -0.839300215244 -0.52855527401 0.127296745777
    outer loop
      vertex -9.10159492493 1.07236039639 -6.65242767334
      vertex -8.94351291656 -0.748039782047 -6.46502494812
      vertex -10.1487131119 1.39665544033 -5.06779766083
    endloop
  endfacet
  facet normal 0.773983836174 0.614105403423 0.154349073768
    outer loop
      vertex -6.05447435379 0.0200456772 -5.13684129715
      vertex -6.27956485748 -0.12404742837 -4.88936662674
      vertex -5.79940128326 -0.578417897224 -5.60873889923
    endloop
  endfacet
  facet normal 0.612663567066 0.726327717304 0.311594843864
    outer loop
      vertex -5.58912658691 -0.415961503983 -5.71641349792
      vertex -6.05447435379 0.0200456772 -5.13684129715
      vertex -5.79940128326 -0.578417897224 -5.60873889923
    endloop
  endfacet
  facet normal 0.244602039456 0.887798666954 0.389850407839
    outer loop
      vertex -5.58912658691 -0.415961503983 -5.71641349792
      vertex -5.11767196655 -0.615276277065 -5.93382978439
      vertex -5.40828514099 -0.228553697467 -5.68394327164
    endloop
  endfacet
  facet normal 0.0593356005847 0.858168303967 0.509927928448
    outer loop
      vertex -5.40828514099 -0.228553697467 -5.68394327164
      vertex -5.11767196655 -0.615276277065 -5.93382978439
      vertex -5.02899551392 -0.247076794505 -5.72117471695
    endloop
  endfacet
  facet normal -0.115103960037 0.871948421001 0.475875049829
    outer loop
      vertex -5.11767196655 -0.615276277065 -5.93382978439
      vertex -4.66249513626 -0.706617951393 -5.92359352112
      vertex -5.02899551392 -0.247076794505 -5.72117471695
    endloop
  endfacet
  facet normal -0.403175681829 0.761059880257 0.508170485497
    outer loop
      vertex -4.63914585114 -0.201925694942 -5.57423400879
      vertex -4.66249513626 -0.706617951393 -5.92359352112
      vertex -4.27479219437 -0.813852965832 -5.78980779648
    endloop
  endfacet
  facet normal -0.239693239331 0.803410172462 0.545049726963
    outer loop
      vertex -4.63914585114 -0.201925694942 -5.57423400879
      vertex -5.02899551392 -0.247076794505 -5.72117471695
      vertex -4.66249513626 -0.706617951393 -5.92359352112
    endloop
  endfacet
  facet normal -0.665913522243 0.699339449406 0.259775966406
    outer loop
      vertex -4.20640945435 -1.26214766502 -5.89121675491
      vertex -3.64409422874 -0.875893056393 -5.2123003006
      vertex -4.27479219437 -0.813852965832 -5.78980779648
    endloop
  endfacet
  facet normal 0.477938920259 0.739896118641 0.473421722651
    outer loop
      vertex -5.8533449173 0.276778519154 -5.10249185562
      vertex -6.05447435379 0.0200456772 -5.13684129715
      vertex -5.58912658691 -0.415961503983 -5.71641349792
    endloop
  endfacet
  facet normal 0.17441059649 0.718582451344 0.673216342926
    outer loop
      vertex -5.14168548584 0.0871638581157 -5.45286560059
      vertex -5.8533449173 0.276778519154 -5.10249185562
      vertex -5.40828514099 -0.228553697467 -5.68394327164
    endloop
  endfacet
  facet normal 0.400456786156 0.756228506565 0.517448365688
    outer loop
      vertex -5.40828514099 -0.228553697467 -5.68394327164
      vertex -5.8533449173 0.276778519154 -5.10249185562
      vertex -5.58912658691 -0.415961503983 -5.71641349792
    endloop
  endfacet
  facet normal 0.0471562072635 0.786658287048 0.615585148335
    outer loop
      vertex -5.02899551392 -0.247076794505 -5.72117471695
      vertex -5.14168548584 0.0871638581157 -5.45286560059
      vertex -5.40828514099 -0.228553697467 -5.68394327164
    endloop
  endfacet
  facet normal -0.199546307325 0.730202198029 0.653441667557
    outer loop
      vertex -5.02899551392 -0.247076794505 -5.72117471695
      vertex -4.63914585114 -0.201925694942 -5.57423400879
      vertex -5.14168548584 0.0871638581157 -5.45286560059
    endloop
  endfacet
  facet normal 0.861069262028 -0.44500297308 0.24603267014
    outer loop
      vertex 0.450171798468 0.255720824003 -6.6709318161
      vertex 1.32724320889 2.00646924973 -5.94177293777
      vertex 1.18447780609 0.364401876926 -5.31015586853
    endloop
  endfacet
  facet normal 0.84491276741 -0.487450391054 0.220260098577
    outer loop
      vertex 0.450171798468 0.255720824003 -6.6709318161
      vertex 0.534107685089 1.41589319706 -7.04968070984
      vertex 1.32724320889 2.00646924973 -5.94177293777
    endloop
  endfacet
  facet normal -0.835657060146 -0.54903370142 0.0154677117243
    outer loop
      vertex -10.3109989166 2.9922618866 -4.86574220657
      vertex -9.10159492493 1.07236039639 -6.65242767334
      vertex -10.1487131119 1.39665544033 -5.06779766083
    endloop
  endfacet
  facet normal -0.829882323742 -0.557927131653 0.003553716233
    outer loop
      vertex -9.38920116425 3.18007826805 -6.23805522919
      vertex -9.10159492493 1.07236039639 -6.65242767334
      vertex -10.3109989166 2.9922618866 -4.86574220657
    endloop
  endfacet
  facet normal 0.482851624489 0.448294490576 -0.752254188061
    outer loop
      vertex -4.12089967728 4.88515377045 -5.67737150192
      vertex -3.55607533455 4.40660381317 -5.48271179199
      vertex -3.02082681656 4.29151248932 -5.86609268188
    endloop
  endfacet
  facet normal 0.383911073208 0.270998716354 -0.882707178593
    outer loop
      vertex -3.55607533455 4.40660381317 -5.48271179199
      vertex -2.80582809448 4.1098613739 -5.57899093628
      vertex -3.02082681656 4.29151248932 -5.86609268188
    endloop
  endfacet
  facet normal 0.166530877352 0.435130447149 -0.88483273983
    outer loop
      vertex -2.80582809448 4.1098613739 -5.57899093628
      vertex -2.3315050602 4.06798362732 -5.67536354065
      vertex -3.02082681656 4.29151248932 -5.86609268188
    endloop
  endfacet
  facet normal 0.127784430981 0.524611592293 -0.841696977615
    outer loop
      vertex -3.02082681656 4.29151248932 -5.86609268188
      vertex -2.3315050602 4.06798362732 -5.67536354065
      vertex -2.37628507614 4.22586774826 -5.91776800156
    endloop
  endfacet
  facet normal -0.197135657072 0.35297986865 -0.914627075195
    outer loop
      vertex -2.3315050602 4.06798362732 -5.67536354065
      vertex -1.82280397415 4.03860712051 -5.31513929367
      vertex -2.05868577957 4.15126228333 -5.73878479004
    endloop
  endfacet
  facet normal -0.121158599854 0.557365894318 -0.821379244328
    outer loop
      vertex -2.37628507614 4.22586774826 -5.91776800156
      vertex -2.3315050602 4.06798362732 -5.67536354065
      vertex -2.05868577957 4.15126228333 -5.73878479004
    endloop
  endfacet
  facet normal -0.36962673068 0.425466299057 -0.826047539711
    outer loop
      vertex -2.05868577957 4.15126228333 -5.73878479004
      vertex -1.82280397415 4.03860712051 -5.31513929367
      vertex -1.64474511147 4.15701293945 -5.39033651352
    endloop
  endfacet
  facet normal -0.505354225636 0.589944005013 -0.629748523235
    outer loop
      vertex -1.65161287785 4.31491613388 -5.56477594376
      vertex -2.05868577957 4.15126228333 -5.73878479004
      vertex -1.64474511147 4.15701293945 -5.39033651352
    endloop
  endfacet
  facet normal -0.731710791588 0.473035484552 -0.490751236677
    outer loop
      vertex -1.65161287785 4.31491613388 -5.56477594376
      vertex -1.64474511147 4.15701293945 -5.39033651352
      vertex -1.31706869602 4.33859968185 -5.07186031342
    endloop
  endfacet
  facet normal 0.87503606081 -0.475930958986 0.0883268713951
    outer loop
      vertex 1.48747515678 3.60885262489 -5.9445567131
      vertex 1.32724320889 2.00646924973 -5.94177293777
      vertex 0.968909740448 2.57688450813 -6.70645856857
    endloop
  endfacet
  facet normal 0.513389527798 0.602631568909 -0.610955297947
    outer loop
      vertex -3.43659353256 4.62943077087 -6.00108528137
      vertex -4.17360639572 5.1488699913 -5.89982843399
      vertex -4.12089967728 4.88515377045 -5.67737150192
    endloop
  endfacet
  facet normal 0.485593825579 0.42151209712 -0.765850007534
    outer loop
      vertex -3.43659353256 4.62943077087 -6.00108528137
      vertex -4.12089967728 4.88515377045 -5.67737150192
      vertex -3.02082681656 4.29151248932 -5.86609268188
    endloop
  endfacet
  facet normal 0.128517717123 0.598016619682 -0.791112720966
    outer loop
      vertex -2.37628507614 4.22586774826 -5.91776800156
      vertex -2.70221471786 4.36226701736 -6.02816534042
      vertex -3.02082681656 4.29151248932 -5.86609268188
    endloop
  endfacet
  facet normal 0.248818919063 0.75435012579 -0.607490777969
    outer loop
      vertex -2.70221471786 4.36226701736 -6.02816534042
      vertex -3.43659353256 4.62943077087 -6.00108528137
      vertex -3.02082681656 4.29151248932 -5.86609268188
    endloop
  endfacet
  facet normal -0.713054597378 0.68914180994 -0.128983527422
    outer loop
      vertex -1.44891929626 4.70118427277 -5.42734527588
      vertex -1.82665157318 4.5407037735 -5.78814840317
      vertex -1.65161287785 4.31491613388 -5.56477594376
    endloop
  endfacet
  facet normal -0.77635294199 0.509056031704 -0.371669232845
    outer loop
      vertex -1.31706869602 4.33859968185 -5.07186031342
      vertex -1.26606857777 4.53976726532 -5.14095592499
      vertex -1.65161287785 4.31491613388 -5.56477594376
    endloop
  endfacet
  facet normal -0.77451723814 0.602714180946 -0.191986098886
    outer loop
      vertex -1.65161287785 4.31491613388 -5.56477594376
      vertex -1.26606857777 4.53976726532 -5.14095592499
      vertex -1.44891929626 4.70118427277 -5.42734527588
    endloop
  endfacet
  facet normal 0.712761044502 0.459424942732 -0.530000329018
    outer loop
      vertex -4.17360639572 5.1488699913 -5.89982843399
      vertex -4.67941856384 5.55288267136 -5.58117771149
      vertex -4.12089967728 4.88515377045 -5.67737150192
    endloop
  endfacet
  facet normal 0.69252550602 0.608992159367 -0.386700093746
    outer loop
      vertex -4.40565681458 5.59572219849 -5.91969251633
      vertex -4.67941856384 5.55288267136 -5.58117771149
      vertex -4.17360639572 5.1488699913 -5.89982843399
    endloop
  endfacet
  facet normal 0.751143991947 0.63171172142 -0.191632419825
    outer loop
      vertex -4.40565681458 5.59572219849 -5.91969251633
      vertex -4.51290416718 5.74159431458 -5.83641958237
      vertex -4.67941856384 5.55288267136 -5.58117771149
    endloop
  endfacet
  facet normal -0.602489709854 0.771667599678 0.203802004457
    outer loop
      vertex -1.83593094349 5.35921144485 -5.57922029495
      vertex -2.23516345024 4.89775896072 -6.01279878616
      vertex -1.82665157318 4.5407037735 -5.78814840317
    endloop
  endfacet
  facet normal -0.631572842598 0.749483644962 0.198469176888
    outer loop
      vertex -1.83593094349 5.35921144485 -5.57922029495
      vertex -1.82665157318 4.5407037735 -5.78814840317
      vertex -1.44891929626 4.70118427277 -5.42734527588
    endloop
  endfacet
  facet normal -0.701111555099 0.664343357086 0.259018361568
    outer loop
      vertex -1.83593094349 5.35921144485 -5.57922029495
      vertex -1.44891929626 4.70118427277 -5.42734527588
      vertex -1.25040960312 5.23837566376 -5.00840520859
    endloop
  endfacet
  facet normal -0.831821620464 0.542801201344 0.115929536521
    outer loop
      vertex -1.25040960312 5.23837566376 -5.00840520859
      vertex -1.44891929626 4.70118427277 -5.42734527588
      vertex -1.06792747974 4.97915792465 -4.78412151337
    endloop
  endfacet
  facet normal -0.852147519588 0.5218090415 0.0394955538213
    outer loop
      vertex -1.44891929626 4.70118427277 -5.42734527588
      vertex -1.26606857777 4.53976726532 -5.14095592499
      vertex -1.06792747974 4.97915792465 -4.78412151337
    endloop
  endfacet
  facet normal 0.849154829979 -0.518805503845 -0.0988781452179
    outer loop
      vertex 1.10526430607 5.51542711258 -6.2067694664
      vertex 1.48747515678 3.60885262489 -5.9445567131
      vertex 0.821982860565 4.05376911163 -6.94900512695
    endloop
  endfacet
  facet normal -0.702912509441 -0.641236245632 -0.307782411575
    outer loop
      vertex -9.11680984497 6.66561841965 -5.31887340546
      vertex -8.49149608612 5.37545490265 -6.62358808517
      vertex -9.14307975769 5.21673107147 -5.98551845551
    endloop
  endfacet
  facet normal -0.677395761013 -0.655255794525 -0.334327459335
    outer loop
      vertex -9.11680984497 6.66561841965 -5.31887340546
      vertex -8.04053401947 6.19909477234 -6.66954660416
      vertex -8.49149608612 5.37545490265 -6.62358808517
    endloop
  endfacet
  facet normal 0.62345546484 0.761627018452 0.176713317633
    outer loop
      vertex -4.46147155762 5.88586616516 -5.84504747391
      vertex -4.51290416718 5.74159431458 -5.83641958237
      vertex -4.37947559357 5.71968173981 -5.95072603226
    endloop
  endfacet
  facet normal 0.654538571835 0.754332959652 -0.050606738776
    outer loop
      vertex -4.37947559357 5.71968173981 -5.95072603226
      vertex -4.51290416718 5.74159431458 -5.83641958237
      vertex -4.40565681458 5.59572219849 -5.91969251633
    endloop
  endfacet
  facet normal 0.819616258144 0.570825457573 -0.0488624125719
    outer loop
      vertex -4.67941856384 5.55288267136 -5.58117771149
      vertex -4.51290416718 5.74159431458 -5.83641958237
      vertex -4.70867300034 6.0587105751 -5.58247089386
    endloop
  endfacet
  facet normal 0.650411128998 0.735985994339 0.187856286764
    outer loop
      vertex -4.51290416718 5.74159431458 -5.83641958237
      vertex -4.46147155762 5.88586616516 -5.84504747391
      vertex -4.70867300034 6.0587105751 -5.58247089386
    endloop
  endfacet
  facet normal -0.371389776468 0.869652211666 0.325230121613
    outer loop
      vertex -2.50638890266 5.6628947258 -5.84248399734
      vertex -2.90808081627 5.29096364975 -6.15312242508
      vertex -2.23516345024 4.89775896072 -6.01279878616
    endloop
  endfacet
  facet normal -0.47506082058 0.808096528053 0.348277509212
    outer loop
      vertex -2.50638890266 5.6628947258 -5.84248399734
      vertex -2.23516345024 4.89775896072 -6.01279878616
      vertex -1.83593094349 5.35921144485 -5.57922029495
    endloop
  endfacet
  facet normal 0.751123666763 -0.570887684822 -0.331512361765
    outer loop
      vertex 0.336010158062 6.17715501785 -6.83462381363
      vertex 1.15805697441 6.63938903809 -5.48462915421
      vertex 1.10526430607 5.51542711258 -6.2067694664
    endloop
  endfacet
  facet normal 0.720148324966 -0.572647988796 -0.391740620136
    outer loop
      vertex 0.336010158062 6.17715501785 -6.83462381363
      vertex 0.140656113625 6.89536380768 -6.58897924423
      vertex 1.15805697441 6.63938903809 -5.48462915421
    endloop
  endfacet
  facet normal -0.580623269081 -0.657243311405 -0.48052868247
    outer loop
      vertex -7.28490352631 7.40798807144 -6.54935264587
      vertex -8.67652511597 7.51770448685 -5.23974704742
      vertex -8.14302539825 8.1909160614 -5.21884870529
    endloop
  endfacet
  facet normal -0.596855163574 -0.671078920364 -0.43979203701
    outer loop
      vertex -7.28490352631 7.40798807144 -6.54935264587
      vertex -8.04053401947 6.19909477234 -6.66954660416
      vertex -8.67652511597 7.51770448685 -5.23974704742
    endloop
  endfacet
  facet normal -0.647146642208 -0.652089059353 -0.394944399595
    outer loop
      vertex -8.04053401947 6.19909477234 -6.66954660416
      vertex -9.11680984497 6.66561841965 -5.31887340546
      vertex -8.67652511597 7.51770448685 -5.23974704742
    endloop
  endfacet
  facet normal 0.446088582277 0.838444173336 0.313075602055
    outer loop
      vertex -4.30037784576 5.80443620682 -5.9611620903
      vertex -4.46147155762 5.88586616516 -5.84504747391
      vertex -4.37947559357 5.71968173981 -5.95072603226
    endloop
  endfacet
  facet normal 0.150181651115 0.8722833395 0.465367823839
    outer loop
      vertex -4.30037784576 5.80443620682 -5.9611620903
      vertex -3.73814344406 5.80928182602 -6.05537748337
      vertex -4.22071170807 6.17404699326 -5.7776889801
    endloop
  endfacet
  facet normal 0.343114733696 0.80979090929 0.475931674242
    outer loop
      vertex -4.46147155762 5.88586616516 -5.84504747391
      vertex -4.30037784576 5.80443620682 -5.9611620903
      vertex -4.22071170807 6.17404699326 -5.7776889801
    endloop
  endfacet
  facet normal 0.420228749514 0.740687251091 0.524204313755
    outer loop
      vertex -4.46147155762 5.88586616516 -5.84504747391
      vertex -4.22071170807 6.17404699326 -5.7776889801
      vertex -4.70867300034 6.0587105751 -5.58247089386
    endloop
  endfacet
  facet normal -0.0185420755297 0.783560395241 0.621038913727
    outer loop
      vertex -3.73814344406 5.80928182602 -6.05537748337
      vertex -3.23342609406 6.1874165535 -5.74372959137
      vertex -4.22071170807 6.17404699326 -5.7776889801
    endloop
  endfacet
  facet normal -0.203652560711 0.871381223202 0.446341067553
    outer loop
      vertex -2.50638890266 5.6628947258 -5.84248399734
      vertex -3.23342609406 6.1874165535 -5.74372959137
      vertex -3.73814344406 5.80928182602 -6.05537748337
    endloop
  endfacet
  facet normal -0.204646661878 0.848645687103 0.487770646811
    outer loop
      vertex -2.50638890266 5.6628947258 -5.84248399734
      vertex -3.73814344406 5.80928182602 -6.05537748337
      vertex -2.90808081627 5.29096364975 -6.15312242508
    endloop
  endfacet
  facet normal 0.585907161236 -0.600318610668 -0.544362306595
    outer loop
      vertex -0.567927896976 7.46741628647 -6.76182222366
      vertex 0.249900624156 8.20952320099 -5.29069185257
      vertex 0.140656113625 6.89536380768 -6.58897924423
    endloop
  endfacet
  facet normal 0.710931181908 -0.554778218269 -0.432201266289
    outer loop
      vertex 1.15805697441 6.63938903809 -5.48462915421
      vertex 0.140656113625 6.89536380768 -6.58897924423
      vertex 0.841606318951 7.669880867 -5.08734416962
    endloop
  endfacet
  facet normal 0.653555095196 -0.56489610672 -0.503744125366
    outer loop
      vertex 0.140656113625 6.89536380768 -6.58897924423
      vertex 0.249900624156 8.20952320099 -5.29069185257
      vertex 0.841606318951 7.669880867 -5.08734416962
    endloop
  endfacet
  facet normal -0.547459721565 -0.657619833946 -0.517517089844
    outer loop
      vertex -7.37844562531 8.43681430817 -5.66183996201
      vertex -7.28490352631 7.40798807144 -6.54935264587
      vertex -8.14302539825 8.1909160614 -5.21884870529
    endloop
  endfacet
  facet normal -0.41145503521 -0.68071770668 -0.606076061726
    outer loop
      vertex -6.12040472031 8.29640674591 -6.54726552963
      vertex -7.37844562531 8.43681430817 -5.66183996201
      vertex -6.66626882553 8.9916639328 -5.59830093384
    endloop
  endfacet
  facet normal -0.431021630764 -0.702260673046 -0.566613018513
    outer loop
      vertex -6.12040472031 8.29640674591 -6.54726552963
      vertex -7.28490352631 7.40798807144 -6.54935264587
      vertex -7.37844562531 8.43681430817 -5.66183996201
    endloop
  endfacet
  facet normal 0.450036108494 -0.634974896908 -0.627912700176
    outer loop
      vertex -1.43826055527 8.17603874207 -6.6779255867
      vertex -0.385164827108 8.5226020813 -5.58883905411
      vertex -0.567927896976 7.46741628647 -6.76182222366
    endloop
  endfacet
  facet normal 0.562253475189 -0.599769055843 -0.569340109825
    outer loop
      vertex -0.385164827108 8.5226020813 -5.58883905411
      vertex 0.249900624156 8.20952320099 -5.29069185257
      vertex -0.567927896976 7.46741628647 -6.76182222366
    endloop
  endfacet
  facet normal -0.309862405062 -0.671436190605 -0.673170626163
    outer loop
      vertex -5.76843070984 9.42062950134 -5.58257246017
      vertex -6.12040472031 8.29640674591 -6.54726552963
      vertex -6.66626882553 8.9916639328 -5.59830093384
    endloop
  endfacet
  facet normal -0.258157938719 -0.691750764847 -0.674414813519
    outer loop
      vertex -6.12040472031 8.29640674591 -6.54726552963
      vertex -5.76843070984 9.42062950134 -5.58257246017
      vertex -4.91249608994 8.9655752182 -6.34565353394
    endloop
  endfacet
  facet normal 0.411374539137 -0.612556159496 -0.674941420555
    outer loop
      vertex -0.385164827108 8.5226020813 -5.58883905411
      vertex -1.43826055527 8.17603874207 -6.6779255867
      vertex -1.69571614265 9.0500421524 -5.88780975342
    endloop
  endfacet
  facet normal -0.271460175514 -0.503121316433 0.82047444582
    outer loop
      vertex -6.69138050079 -4.25939464569 -6.02807712555
      vertex -6.36301183701 -4.06330871582 -6.52502012253
      vertex -5.8416223526 -4.49866056442 -6.09637832642
    endloop
  endfacet
  facet normal -0.142199143767 -0.614874720573 0.775698661804
    outer loop
      vertex -6.36301183701 -4.06330871582 -6.52502012253
      vertex -4.79523181915 -4.26388788223 -6.63455104828
      vertex -5.8416223526 -4.49866056442 -6.09637832642
    endloop
  endfacet
  facet normal -0.0661073699594 -0.504169285297 0.861070930958
    outer loop
      vertex -5.8416223526 -4.49866056442 -6.09637832642
      vertex -4.79523181915 -4.26388788223 -6.63455104828
      vertex -4.83990287781 -4.78358650208 -5.74110031128
    endloop
  endfacet
  facet normal 0.093420214951 -0.497108608484 0.862644612789
    outer loop
      vertex -4.83990287781 -4.78358650208 -5.74110031128
      vertex -4.79523181915 -4.26388788223 -6.63455104828
      vertex -3.95401763916 -4.77679729462 -5.58640003204
    endloop
  endfacet
  facet normal 0.125240519643 -0.515367090702 0.847768604755
    outer loop
      vertex -4.79523181915 -4.26388788223 -6.63455104828
      vertex -3.32648658752 -4.27914619446 -6.25252819061
      vertex -3.95401763916 -4.77679729462 -5.58640003204
    endloop
  endfacet
  facet normal -0.581617832184 -0.554907739162 0.594809293747
    outer loop
      vertex -7.98266172409 -3.05790162086 -6.26058006287
      vertex -7.33252239227 -3.25427889824 -6.73151493073
      vertex -7.28640985489 -3.75453257561 -6.24362230301
    endloop
  endfacet
  facet normal -0.449249714613 -0.618534564972 0.644662439823
    outer loop
      vertex -6.58716583252 -3.61296916008 -6.8990354538
      vertex -7.28640985489 -3.75453257561 -6.24362230301
      vertex -7.33252239227 -3.25427889824 -6.73151493073
    endloop
  endfacet
  facet normal -0.411984860897 -0.589591801167 0.694730162621
    outer loop
      vertex -6.58716583252 -3.61296916008 -6.8990354538
      vertex -6.36301183701 -4.06330871582 -6.52502012253
      vertex -7.28640985489 -3.75453257561 -6.24362230301
    endloop
  endfacet
  facet normal -0.142267435789 -0.612638413906 0.777453660965
    outer loop
      vertex -4.79523181915 -4.26388788223 -6.63455104828
      vertex -6.36301183701 -4.06330871582 -6.52502012253
      vertex -5.12334918976 -3.81152534485 -7.13241529465
    endloop
  endfacet
  facet normal -0.204429909587 -0.700615167618 0.683627665043
    outer loop
      vertex -5.12334918976 -3.81152534485 -7.13241529465
      vertex -6.36301183701 -4.06330871582 -6.52502012253
      vertex -6.58716583252 -3.61296916008 -6.8990354538
    endloop
  endfacet
  facet normal 0.143059149384 -0.581986308098 0.80051612854
    outer loop
      vertex -3.32648658752 -4.27914619446 -6.25252819061
      vertex -4.79523181915 -4.26388788223 -6.63455104828
      vertex -3.54751801491 -3.74161863327 -7.04622411728
    endloop
  endfacet
  facet normal 0.0697667449713 -0.695634126663 0.715000510216
    outer loop
      vertex -3.54751801491 -3.74161863327 -7.04622411728
      vertex -4.79523181915 -4.26388788223 -6.63455104828
      vertex -5.12334918976 -3.81152534485 -7.13241529465
    endloop
  endfacet
  facet normal 0.314656734467 -0.629778146744 0.710190534592
    outer loop
      vertex -3.54751801491 -3.74161863327 -7.04622411728
      vertex -2.55867934227 -3.16089487076 -7.20704221725
      vertex -2.36918663979 -3.53198933601 -6.69388866425
    endloop
  endfacet
  facet normal 0.309231460094 -0.590802371502 0.745203614235
    outer loop
      vertex -3.32648658752 -4.27914619446 -6.25252819061
      vertex -3.54751801491 -3.74161863327 -7.04622411728
      vertex -2.36918663979 -3.53198933601 -6.69388866425
    endloop
  endfacet
  facet normal -0.741521239281 -0.511547744274 0.43412566185
    outer loop
      vertex -8.89423561096 -1.86806094646 -5.94895553589
      vertex -8.29360771179 -2.09567952156 -6.62643384933
      vertex -7.98266172409 -3.05790162086 -6.26058006287
    endloop
  endfacet
  facet normal -0.675818443298 -0.589450001717 0.442513346672
    outer loop
      vertex -7.80970001221 -2.46848249435 -6.90137481689
      vertex -7.98266172409 -3.05790162086 -6.26058006287
      vertex -8.29360771179 -2.09567952156 -6.62643384933
    endloop
  endfacet
  facet normal -0.601977407932 -0.622501969337 0.500114440918
    outer loop
      vertex -7.80970001221 -2.46848249435 -6.90137481689
      vertex -7.33252239227 -3.25427889824 -6.73151493073
      vertex -7.98266172409 -3.05790162086 -6.26058006287
    endloop
  endfacet
  facet normal 0.357686817646 0.771409034729 -0.52629673481
    outer loop
      vertex -5.20570898056 -1.39636731148 -5.94609642029
      vertex -4.91071224213 -1.67579770088 -5.89223814011
      vertex -4.79844284058 -1.57734036446 -6.01146793365
    endloop
  endfacet
  facet normal 0.152848750353 0.710849881172 -0.686534583569
    outer loop
      vertex -4.91071224213 -1.67579770088 -5.89223814011
      vertex -4.62140321732 -1.78167903423 -5.85218667984
      vertex -4.79844284058 -1.57734036446 -6.01146793365
    endloop
  endfacet
  facet normal -0.00292826024815 0.789919435978 -0.613203644753
    outer loop
      vertex -4.79844284058 -1.57734036446 -6.01146793365
      vertex -4.62140321732 -1.78167903423 -5.85218667984
      vertex -4.47602510452 -1.64431810379 -5.95827913284
    endloop
  endfacet
  facet normal -0.164509221911 0.688756644726 -0.706081449986
    outer loop
      vertex -4.62140321732 -1.78167903423 -5.85218667984
      vertex -4.28094577789 -1.81510436535 -5.73660230637
      vertex -4.47602510452 -1.64431810379 -5.95827913284
    endloop
  endfacet
  facet normal -0.332517147064 0.741548717022 -0.582698762417
    outer loop
      vertex -4.47602510452 -1.64431810379 -5.95827913284
      vertex -4.28094577789 -1.81510436535 -5.73660230637
      vertex -4.22403240204 -1.6500017643 -5.84081697464
    endloop
  endfacet
  facet normal -0.552567660809 0.605540752411 -0.57270359993
    outer loop
      vertex -4.22403240204 -1.6500017643 -5.84081697464
      vertex -4.28094577789 -1.81510436535 -5.73660230637
      vertex -3.88180446625 -1.75033676624 -5.43363332748
    endloop
  endfacet
  facet normal 0.474959135056 -0.60235875845 0.641543269157
    outer loop
      vertex -1.69068157673 -3.18634867668 -6.52701377869
      vertex -2.36918663979 -3.53198933601 -6.69388866425
      vertex -1.73514246941 -2.67642831802 -7.10516262054
    endloop
  endfacet
  facet normal 0.581797242165 -0.56270134449 0.587264180183
    outer loop
      vertex -1.73514246941 -2.67642831802 -7.10516262054
      vertex -0.964890062809 -2.3195297718 -6.68124866486
      vertex -1.69068157673 -3.18634867668 -6.52701377869
    endloop
  endfacet
  facet normal -0.761733591557 -0.575043082237 0.298475116491
    outer loop
      vertex -8.89423561096 -1.86806094646 -5.94895553589
      vertex -8.94351291656 -0.748039782047 -6.46502494812
      vertex -8.29360771179 -2.09567952156 -6.62643384933
    endloop
  endfacet
  facet normal -0.651484787464 -0.673746705055 0.348759144545
    outer loop
      vertex -8.13748168945 -1.40774333477 -7.13350582123
      vertex -7.80970001221 -2.46848249435 -6.90137481689
      vertex -8.29360771179 -2.09567952156 -6.62643384933
    endloop
  endfacet
  facet normal 0.319344639778 0.854324221611 -0.410059839487
    outer loop
      vertex -4.79844284058 -1.57734036446 -6.01146793365
      vertex -5.06212949753 -1.26762068272 -6.06156206131
      vertex -5.20570898056 -1.39636731148 -5.94609642029
    endloop
  endfacet
  facet normal -0.0723010450602 0.920825839043 -0.38321313262
    outer loop
      vertex -4.79844284058 -1.57734036446 -6.01146793365
      vertex -4.47602510452 -1.64431810379 -5.95827913284
      vertex -4.65908908844 -1.39672386646 -6.07569217682
    endloop
  endfacet
  facet normal 0.114737607539 0.960623681545 -0.253056079149
    outer loop
      vertex -5.06212949753 -1.26762068272 -6.06156206131
      vertex -4.79844284058 -1.57734036446 -6.01146793365
      vertex -4.65908908844 -1.39672386646 -6.07569217682
    endloop
  endfacet
  facet normal -0.388674378395 0.850925981998 -0.353351324797
    outer loop
      vertex -4.47602510452 -1.64431810379 -5.95827913284
      vertex -4.22403240204 -1.6500017643 -5.84081697464
      vertex -4.3385014534 -1.46355438232 -5.97052574158
    endloop
  endfacet
  facet normal -0.252832829952 0.933143794537 -0.255574285984
    outer loop
      vertex -4.65908908844 -1.39672386646 -6.07569217682
      vertex -4.47602510452 -1.64431810379 -5.95827913284
      vertex -4.3385014534 -1.46355438232 -5.97052574158
    endloop
  endfacet
  facet normal -0.652216494083 0.645929396152 -0.396722614765
    outer loop
      vertex -3.88180446625 -1.75033676624 -5.43363332748
      vertex -3.89297842979 -1.50576210022 -5.59513092041
      vertex -4.22403240204 -1.6500017643 -5.84081697464
    endloop
  endfacet
  facet normal -0.629537701607 0.763399064541 -0.144582763314
    outer loop
      vertex -4.22403240204 -1.6500017643 -5.84081697464
      vertex -3.89297842979 -1.50576210022 -5.59513092041
      vertex -4.3385014534 -1.46355438232 -5.97052574158
    endloop
  endfacet
  facet normal 0.58270829916 -0.662468731403 0.470729500055
    outer loop
      vertex -0.964890062809 -2.3195297718 -6.68124866486
      vertex -1.73514246941 -2.67642831802 -7.10516262054
      vertex -1.08202826977 -0.958014190197 -7.75173377991
    endloop
  endfacet
  facet normal 0.594623804092 -0.656105875969 0.464701622725
    outer loop
      vertex -0.964890062809 -2.3195297718 -6.68124866486
      vertex -1.08202826977 -0.958014190197 -7.75173377991
      vertex -0.614858806133 -1.11763215065 -7.21528863907
    endloop
  endfacet
  facet normal 0.722618818283 -0.528662919998 0.445351034403
    outer loop
      vertex -0.614858806133 -1.11763215065 -7.21528863907
      vertex 0.133853271604 -1.21721231937 -6.10800170898
      vertex -0.964890062809 -2.3195297718 -6.68124866486
    endloop
  endfacet
  facet normal -0.714158535004 -0.673745334148 0.1898547858
    outer loop
      vertex -8.13748168945 -1.40774333477 -7.13350582123
      vertex -8.94351291656 -0.748039782047 -6.46502494812
      vertex -8.59722137451 0.322632998228 -7.13379240036
    endloop
  endfacet
  facet normal -0.738852798939 -0.611528754234 0.283070802689
    outer loop
      vertex -8.13748168945 -1.40774333477 -7.13350582123
      vertex -8.29360771179 -2.09567952156 -6.62643384933
      vertex -8.94351291656 -0.748039782047 -6.46502494812
    endloop
  endfacet
  facet normal 0.663370549679 0.748103797436 -0.016739802435
    outer loop
      vertex -5.79940128326 -0.578417897224 -5.60873889923
      vertex -5.61748981476 -1.01093780994 -5.76036834717
      vertex -5.43320226669 -0.961217820644 -5.92489528656
    endloop
  endfacet
  facet normal 0.32570925355 0.945081889629 0.02708786726
    outer loop
      vertex -5.06212949753 -1.26762068272 -6.06156206131
      vertex -5.03410387039 -0.967495858669 -6.06261873245
      vertex -5.43320226669 -0.961217820644 -5.92489528656
    endloop
  endfacet
  facet normal 0.48835465312 0.845975697041 -0.214090645313
    outer loop
      vertex -5.20570898056 -1.39636731148 -5.94609642029
      vertex -5.06212949753 -1.26762068272 -6.06156206131
      vertex -5.43320226669 -0.961217820644 -5.92489528656
    endloop
  endfacet
  facet normal 0.597681105137 0.75280803442 -0.275785058737
    outer loop
      vertex -5.20570898056 -1.39636731148 -5.94609642029
      vertex -5.43320226669 -0.961217820644 -5.92489528656
      vertex -5.61748981476 -1.01093780994 -5.76036834717
    endloop
  endfacet
  facet normal 0.0351133458316 0.999383330345 -0.000239245957346
    outer loop
      vertex -5.06212949753 -1.26762068272 -6.06156206131
      vertex -4.65908908844 -1.39672386646 -6.07569217682
      vertex -5.03410387039 -0.967495858669 -6.06261873245
    endloop
  endfacet
  facet normal -0.306742817163 0.95144367218 -0.025763720274
    outer loop
      vertex -4.65908908844 -1.39672386646 -6.07569217682
      vertex -4.3385014534 -1.46355438232 -5.97052574158
      vertex -4.48349189758 -1.17106354237 -6.02519083023
    endloop
  endfacet
  facet normal -0.115252420306 0.984701812267 0.1306874156
    outer loop
      vertex -5.03410387039 -0.967495858669 -6.06261873245
      vertex -4.65908908844 -1.39672386646 -6.07569217682
      vertex -4.48349189758 -1.17106354237 -6.02519083023
    endloop
  endfacet
  facet normal -0.633762896061 0.765020430088 -0.114404030144
    outer loop
      vertex -3.89297842979 -1.50576210022 -5.59513092041
      vertex -4.20640945435 -1.26214766502 -5.89121675491
      vertex -4.3385014534 -1.46355438232 -5.97052574158
    endloop
  endfacet
  facet normal -0.449533343315 0.891492366791 0.0562235154212
    outer loop
      vertex -4.3385014534 -1.46355438232 -5.97052574158
      vertex -4.20640945435 -1.26214766502 -5.89121675491
      vertex -4.48349189758 -1.17106354237 -6.02519083023
    endloop
  endfacet
  facet normal -0.779288768768 -0.612869858742 0.130765244365
    outer loop
      vertex -9.10159492493 1.07236039639 -6.65242767334
      vertex -8.59722137451 0.322632998228 -7.13379240036
      vertex -8.94351291656 -0.748039782047 -6.46502494812
    endloop
  endfacet
  facet normal 0.544601202011 0.823462724686 0.159118279815
    outer loop
      vertex -5.58912658691 -0.415961503983 -5.71641349792
      vertex -5.79940128326 -0.578417897224 -5.60873889923
      vertex -5.43320226669 -0.961217820644 -5.92489528656
    endloop
  endfacet
  facet normal 0.311426013708 0.913927674294 0.260288476944
    outer loop
      vertex -5.11767196655 -0.615276277065 -5.93382978439
      vertex -5.58912658691 -0.415961503983 -5.71641349792
      vertex -5.03410387039 -0.967495858669 -6.06261873245
    endloop
  endfacet
  facet normal 0.311289906502 0.913933873177 0.260429352522
    outer loop
      vertex -5.03410387039 -0.967495858669 -6.06261873245
      vertex -5.58912658691 -0.415961503983 -5.71641349792
      vertex -5.43320226669 -0.961217820644 -5.92489528656
    endloop
  endfacet
  facet normal -0.0933825299144 0.92773026228 0.361381024122
    outer loop
      vertex -4.66249513626 -0.706617951393 -5.92359352112
      vertex -5.11767196655 -0.615276277065 -5.93382978439
      vertex -5.03410387039 -0.967495858669 -6.06261873245
    endloop
  endfacet
  facet normal -0.389118641615 0.857146203518 0.33747163415
    outer loop
      vertex -4.27479219437 -0.813852965832 -5.78980779648
      vertex -4.66249513626 -0.706617951393 -5.92359352112
      vertex -4.48349189758 -1.17106354237 -6.02519083023
    endloop
  endfacet
  facet normal -0.164630740881 0.94842004776 0.270917147398
    outer loop
      vertex -4.48349189758 -1.17106354237 -6.02519083023
      vertex -4.66249513626 -0.706617951393 -5.92359352112
      vertex -5.03410387039 -0.967495858669 -6.06261873245
    endloop
  endfacet
  facet normal -0.488646090031 0.831981062889 0.262740492821
    outer loop
      vertex -4.48349189758 -1.17106354237 -6.02519083023
      vertex -4.20640945435 -1.26214766502 -5.89121675491
      vertex -4.27479219437 -0.813852965832 -5.78980779648
    endloop
  endfacet
  facet normal 0.754023492336 -0.543074846268 0.36948376894
    outer loop
      vertex 0.450171798468 0.255720824003 -6.6709318161
      vertex 0.133853271604 -1.21721231937 -6.10800170898
      vertex -0.614858806133 -1.11763215065 -7.21528863907
    endloop
  endfacet
  facet normal 0.72407823801 -0.611426174641 0.319168865681
    outer loop
      vertex -0.119333453476 0.794551968575 -7.62663936615
      vertex 0.450171798468 0.255720824003 -6.6709318161
      vertex -0.614858806133 -1.11763215065 -7.21528863907
    endloop
  endfacet
  facet normal -0.709514081478 -0.704241991043 0.0251591894776
    outer loop
      vertex -8.57263946533 2.47649812698 -7.23550605774
      vertex -8.59722137451 0.322632998228 -7.13379240036
      vertex -9.10159492493 1.07236039639 -6.65242767334
    endloop
  endfacet
  facet normal 0.763409078121 -0.595697581768 0.249701753259
    outer loop
      vertex 0.534107685089 1.41589319706 -7.04968070984
      vertex 0.450171798468 0.255720824003 -6.6709318161
      vertex -0.119333453476 0.794551968575 -7.62663936615
    endloop
  endfacet
  facet normal -0.766011416912 -0.642457902431 -0.0217802915722
    outer loop
      vertex -9.38920116425 3.18007826805 -6.23805522919
      vertex -8.57263946533 2.47649812698 -7.23550605774
      vertex -9.10159492493 1.07236039639 -6.65242767334
    endloop
  endfacet
  facet normal 0.72958958149 -0.667874693871 0.147113621235
    outer loop
      vertex 0.257368475199 2.52746844292 -7.59683990479
      vertex 0.534107685089 1.41589319706 -7.04968070984
      vertex -0.119333453476 0.794551968575 -7.62663936615
    endloop
  endfacet
  facet normal 0.841276943684 -0.515555024147 0.162653446198
    outer loop
      vertex 0.534107685089 1.41589319706 -7.04968070984
      vertex 0.968909740448 2.57688450813 -6.70645856857
      vertex 1.32724320889 2.00646924973 -5.94177293777
    endloop
  endfacet
  facet normal 0.779449164867 -0.616810023785 0.109564557672
    outer loop
      vertex 0.534107685089 1.41589319706 -7.04968070984
      vertex 0.257368475199 2.52746844292 -7.59683990479
      vertex 0.968909740448 2.57688450813 -6.70645856857
    endloop
  endfacet
  facet normal -0.727856040001 -0.676203787327 -0.113903567195
    outer loop
      vertex -9.26096343994 4.22834444046 -6.19951295853
      vertex -8.57263946533 2.47649812698 -7.23550605774
      vertex -9.38920116425 3.18007826805 -6.23805522919
    endloop
  endfacet
  facet normal -0.726490139961 -0.677455246449 -0.115180321038
    outer loop
      vertex -8.3868637085 3.99158525467 -7.17713499069
      vertex -8.57263946533 2.47649812698 -7.23550605774
      vertex -9.26096343994 4.22834444046 -6.19951295853
    endloop
  endfacet
  facet normal -0.667720139027 -0.73620480299 -0.110237494111
    outer loop
      vertex -8.3868637085 3.99158525467 -7.17713499069
      vertex -8.06818675995 2.90133857727 -7.62941837311
      vertex -8.57263946533 2.47649812698 -7.23550605774
    endloop
  endfacet
  facet normal -0.626632392406 -0.767493009567 -0.13522708416
    outer loop
      vertex -7.65655374527 3.71748042107 -7.82170391083
      vertex -8.06818675995 2.90133857727 -7.62941837311
      vertex -8.3868637085 3.99158525467 -7.17713499069
    endloop
  endfacet
  facet normal -0.291395843029 0.759496927261 -0.581595122814
    outer loop
      vertex -2.37628507614 4.22586774826 -5.91776800156
      vertex -2.05868577957 4.15126228333 -5.73878479004
      vertex -2.10742759705 4.35343933105 -5.91230535507
    endloop
  endfacet
  facet normal -0.501760542393 0.712476670742 -0.490523576736
    outer loop
      vertex -2.10742759705 4.35343933105 -5.91230535507
      vertex -2.05868577957 4.15126228333 -5.73878479004
      vertex -1.65161287785 4.31491613388 -5.56477594376
    endloop
  endfacet
  facet normal 0.831893563271 -0.554872214794 0.00836538895965
    outer loop
      vertex 0.821982860565 4.05376911163 -6.94900512695
      vertex 1.48747515678 3.60885262489 -5.9445567131
      vertex 0.968909740448 2.57688450813 -6.70645856857
    endloop
  endfacet
  facet normal -0.69710290432 -0.679024994373 -0.230157911777
    outer loop
      vertex -9.26096343994 4.22834444046 -6.19951295853
      vertex -9.14307975769 5.21673107147 -5.98551845551
      vertex -8.3868637085 3.99158525467 -7.17713499069
    endloop
  endfacet
  facet normal -0.593219339848 -0.770846128464 -0.232135996222
    outer loop
      vertex -7.6310172081 5.4984703064 -7.30502080917
      vertex -7.65655374527 3.71748042107 -7.82170391083
      vertex -8.3868637085 3.99158525467 -7.17713499069
    endloop
  endfacet
  facet normal 0.465716481209 0.715012669563 -0.521406829357
    outer loop
      vertex -4.17360639572 5.1488699913 -5.89982843399
      vertex -3.43659353256 4.62943077087 -6.00108528137
      vertex -3.96854639053 5.22754764557 -6.0907664299
    endloop
  endfacet
  facet normal 0.318583965302 0.853970885277 -0.411385446787
    outer loop
      vertex -3.96854639053 5.22754764557 -6.0907664299
      vertex -3.43659353256 4.62943077087 -6.00108528137
      vertex -3.08177757263 4.70707035065 -6.17085504532
    endloop
  endfacet
  facet normal 0.241749256849 0.773305535316 -0.5861364007
    outer loop
      vertex -3.43659353256 4.62943077087 -6.00108528137
      vertex -2.70221471786 4.36226701736 -6.02816534042
      vertex -3.08177757263 4.70707035065 -6.17085504532
    endloop
  endfacet
  facet normal 0.0261609759182 0.913186252117 -0.406701952219
    outer loop
      vertex -3.08177757263 4.70707035065 -6.17085504532
      vertex -2.70221471786 4.36226701736 -6.02816534042
      vertex -2.5348098278 4.50579977036 -6.09688568115
    endloop
  endfacet
  facet normal -0.31170758605 0.919482171535 -0.239564090967
    outer loop
      vertex -2.10742759705 4.35343933105 -5.91230535507
      vertex -2.26775693893 4.65723705292 -6.04580974579
      vertex -2.5348098278 4.50579977036 -6.09688568115
    endloop
  endfacet
  facet normal -0.223035275936 0.873542487621 -0.432641595602
    outer loop
      vertex -2.37628507614 4.22586774826 -5.91776800156
      vertex -2.10742759705 4.35343933105 -5.91230535507
      vertex -2.5348098278 4.50579977036 -6.09688568115
    endloop
  endfacet
  facet normal -0.0799141451716 0.859561741352 -0.504744827747
    outer loop
      vertex -2.37628507614 4.22586774826 -5.91776800156
      vertex -2.5348098278 4.50579977036 -6.09688568115
      vertex -2.70221471786 4.36226701736 -6.02816534042
    endloop
  endfacet
  facet normal -0.555621087551 0.764877319336 -0.325956851244
    outer loop
      vertex -1.65161287785 4.31491613388 -5.56477594376
      vertex -1.82665157318 4.5407037735 -5.78814840317
      vertex -2.10742759705 4.35343933105 -5.91230535507
    endloop
  endfacet
  facet normal -0.473543405533 0.870712995529 -0.13272356987
    outer loop
      vertex -2.10742759705 4.35343933105 -5.91230535507
      vertex -1.82665157318 4.5407037735 -5.78814840317
      vertex -2.26775693893 4.65723705292 -6.04580974579
    endloop
  endfacet
  facet normal -0.70953732729 -0.671130359173 -0.214804187417
    outer loop
      vertex -8.3868637085 3.99158525467 -7.17713499069
      vertex -9.14307975769 5.21673107147 -5.98551845551
      vertex -8.49149608612 5.37545490265 -6.62358808517
    endloop
  endfacet
  facet normal -0.62286311388 -0.741479992867 -0.249497383833
    outer loop
      vertex -8.49149608612 5.37545490265 -6.62358808517
      vertex -7.6310172081 5.4984703064 -7.30502080917
      vertex -8.3868637085 3.99158525467 -7.17713499069
    endloop
  endfacet
  facet normal 0.572136342525 0.750629246235 -0.330478131771
    outer loop
      vertex -4.17360639572 5.1488699913 -5.89982843399
      vertex -3.96854639053 5.22754764557 -6.0907664299
      vertex -4.40565681458 5.59572219849 -5.91969251633
    endloop
  endfacet
  facet normal 0.274700760841 0.903492808342 -0.32899877429
    outer loop
      vertex -3.96854639053 5.22754764557 -6.0907664299
      vertex -3.08177757263 4.70707035065 -6.17085504532
      vertex -3.66004872322 5.21117019653 -6.1785993576
    endloop
  endfacet
  facet normal -0.0696122422814 0.982641816139 -0.171956896782
    outer loop
      vertex -3.08177757263 4.70707035065 -6.17085504532
      vertex -2.5348098278 4.50579977036 -6.09688568115
      vertex -2.88085031509 4.9782743454 -6.20408058167
    endloop
  endfacet
  facet normal 0.0564786307514 0.995187342167 -0.0800767615438
    outer loop
      vertex -3.66004872322 5.21117019653 -6.1785993576
      vertex -3.08177757263 4.70707035065 -6.17085504532
      vertex -2.88085031509 4.9782743454 -6.20408058167
    endloop
  endfacet
  facet normal -0.220080822706 0.973652243614 -0.0597141124308
    outer loop
      vertex -2.88085031509 4.9782743454 -6.20408058167
      vertex -2.5348098278 4.50579977036 -6.09688568115
      vertex -2.26775693893 4.65723705292 -6.04580974579
    endloop
  endfacet
  facet normal -0.293269008398 0.951700925827 0.0908771827817
    outer loop
      vertex -2.23516345024 4.89775896072 -6.01279878616
      vertex -2.88085031509 4.9782743454 -6.20408058167
      vertex -2.26775693893 4.65723705292 -6.04580974579
    endloop
  endfacet
  facet normal -0.513235449791 0.856901288033 0.0480581223965
    outer loop
      vertex -2.26775693893 4.65723705292 -6.04580974579
      vertex -1.82665157318 4.5407037735 -5.78814840317
      vertex -2.23516345024 4.89775896072 -6.01279878616
    endloop
  endfacet
  facet normal 0.775597512722 -0.610669970512 -0.159783288836
    outer loop
      vertex 1.10526430607 5.51542711258 -6.2067694664
      vertex 0.821982860565 4.05376911163 -6.94900512695
      vertex 0.350248843431 5.02777814865 -7.29329156876
    endloop
  endfacet
  facet normal -0.547313511372 -0.753746449947 -0.363750219345
    outer loop
      vertex -7.6310172081 5.4984703064 -7.30502080917
      vertex -8.04053401947 6.19909477234 -6.66954660416
      vertex -7.35242509842 6.66965532303 -6.94211149216
    endloop
  endfacet
  facet normal -0.618435263634 -0.727126538754 -0.298034876585
    outer loop
      vertex -7.6310172081 5.4984703064 -7.30502080917
      vertex -8.49149608612 5.37545490265 -6.62358808517
      vertex -8.04053401947 6.19909477234 -6.66954660416
    endloop
  endfacet
  facet normal 0.451622158289 0.883302867413 -0.125751763582
    outer loop
      vertex -3.96854639053 5.22754764557 -6.0907664299
      vertex -4.37947559357 5.71968173981 -5.95072603226
      vertex -4.40565681458 5.59572219849 -5.91969251633
    endloop
  endfacet
  facet normal 0.276738643646 0.958015441895 -0.0749807283282
    outer loop
      vertex -3.96854639053 5.22754764557 -6.0907664299
      vertex -3.66004872322 5.21117019653 -6.1785993576
      vertex -3.8619685173 5.52532672882 -6.14485931396
    endloop
  endfacet
  facet normal 0.363733768463 0.930691182613 -0.0388807356358
    outer loop
      vertex -4.37947559357 5.71968173981 -5.95072603226
      vertex -3.96854639053 5.22754764557 -6.0907664299
      vertex -3.8619685173 5.52532672882 -6.14485931396
    endloop
  endfacet
  facet normal 0.000740133516956 0.994332373142 0.106313802302
    outer loop
      vertex -3.8619685173 5.52532672882 -6.14485931396
      vertex -3.66004872322 5.21117019653 -6.1785993576
      vertex -2.88085031509 4.9782743454 -6.20408058167
    endloop
  endfacet
  facet normal -0.031615998596 0.986045539379 0.163446247578
    outer loop
      vertex -2.90808081627 5.29096364975 -6.15312242508
      vertex -3.8619685173 5.52532672882 -6.14485931396
      vertex -2.88085031509 4.9782743454 -6.20408058167
    endloop
  endfacet
  facet normal -0.299898803234 0.937060117722 0.178826704621
    outer loop
      vertex -2.88085031509 4.9782743454 -6.20408058167
      vertex -2.23516345024 4.89775896072 -6.01279878616
      vertex -2.90808081627 5.29096364975 -6.15312242508
    endloop
  endfacet
  facet normal 0.6169449687 -0.677959024906 -0.399688005447
    outer loop
      vertex 0.140656113625 6.89536380768 -6.58897924423
      vertex 0.336010158062 6.17715501785 -6.83462381363
      vertex -0.343452811241 6.63669061661 -7.18201971054
    endloop
  endfacet
  facet normal 0.734695136547 -0.626898646355 -0.259270459414
    outer loop
      vertex 0.350248843431 5.02777814865 -7.29329156876
      vertex 0.336010158062 6.17715501785 -6.83462381363
      vertex 1.10526430607 5.51542711258 -6.2067694664
    endloop
  endfacet
  facet normal -0.56970256567 -0.702838540077 -0.425977736712
    outer loop
      vertex -7.28490352631 7.40798807144 -6.54935264587
      vertex -7.35242509842 6.66965532303 -6.94211149216
      vertex -8.04053401947 6.19909477234 -6.66954660416
    endloop
  endfacet
  facet normal -0.454788684845 -0.768359661102 -0.450322896242
    outer loop
      vertex -6.51539134979 7.44381141663 -6.98382806778
      vertex -7.35242509842 6.66965532303 -6.94211149216
      vertex -7.28490352631 7.40798807144 -6.54935264587
    endloop
  endfacet
  facet normal 0.15728443861 0.92016261816 0.358555883169
    outer loop
      vertex -3.73814344406 5.80928182602 -6.05537748337
      vertex -4.30037784576 5.80443620682 -5.9611620903
      vertex -3.8619685173 5.52532672882 -6.14485931396
    endloop
  endfacet
  facet normal 0.294093191624 0.942558825016 0.158404707909
    outer loop
      vertex -3.8619685173 5.52532672882 -6.14485931396
      vertex -4.30037784576 5.80443620682 -5.9611620903
      vertex -4.37947559357 5.71968173981 -5.95072603226
    endloop
  endfacet
  facet normal -0.0595753192902 0.959223628044 0.276298463345
    outer loop
      vertex -3.8619685173 5.52532672882 -6.14485931396
      vertex -2.90808081627 5.29096364975 -6.15312242508
      vertex -3.73814344406 5.80928182602 -6.05537748337
    endloop
  endfacet
  facet normal 0.463768780231 -0.733777344227 -0.496476948261
    outer loop
      vertex -0.567927896976 7.46741628647 -6.76182222366
      vertex -0.343452811241 6.63669061661 -7.18201971054
      vertex -1.20654582977 7.39379501343 -7.215259552
    endloop
  endfacet
  facet normal 0.558581650257 -0.669534742832 -0.489601671696
    outer loop
      vertex -0.343452811241 6.63669061661 -7.18201971054
      vertex -0.567927896976 7.46741628647 -6.76182222366
      vertex 0.140656113625 6.89536380768 -6.58897924423
    endloop
  endfacet
  facet normal -0.426672577858 -0.709442615509 -0.560929358006
    outer loop
      vertex -6.12040472031 8.29640674591 -6.54726552963
      vertex -6.51539134979 7.44381141663 -6.98382806778
      vertex -7.28490352631 7.40798807144 -6.54935264587
    endloop
  endfacet
  facet normal -0.275351852179 -0.741884052753 -0.611383199692
    outer loop
      vertex -5.28469562531 7.94952011108 -7.14330863953
      vertex -6.12040472031 8.29640674591 -6.54726552963
      vertex -5.2096657753 8.31224250793 -6.87223815918
    endloop
  endfacet
  facet normal -0.324407845736 -0.772529184818 -0.545855462551
    outer loop
      vertex -5.28469562531 7.94952011108 -7.14330863953
      vertex -6.51539134979 7.44381141663 -6.98382806778
      vertex -6.12040472031 8.29640674591 -6.54726552963
    endloop
  endfacet
  facet normal 0.293935477734 -0.744996488094 -0.598817288876
    outer loop
      vertex -1.43826055527 8.17603874207 -6.6779255867
      vertex -1.20654582977 7.39379501343 -7.215259552
      vertex -2.32907509804 8.11523246765 -7.07826805115
    endloop
  endfacet
  facet normal 0.418477207422 -0.686017215252 -0.595195114613
    outer loop
      vertex -1.20654582977 7.39379501343 -7.215259552
      vertex -1.43826055527 8.17603874207 -6.6779255867
      vertex -0.567927896976 7.46741628647 -6.76182222366
    endloop
  endfacet
  facet normal -0.258414149284 -0.691328167915 -0.674749910831
    outer loop
      vertex -4.91249608994 8.9655752182 -6.34565353394
      vertex -5.2096657753 8.31224250793 -6.87223815918
      vertex -6.12040472031 8.29640674591 -6.54726552963
    endloop
  endfacet
  facet normal -0.0823649093509 -0.709959685802 -0.69940918684
    outer loop
      vertex -4.00951337814 8.37952423096 -7.02775287628
      vertex -4.91249608994 8.9655752182 -6.34565353394
      vertex -3.9760222435 9.11894321442 -6.30320739746
    endloop
  endfacet
  facet normal -0.132935538888 -0.741260826588 -0.657921373844
    outer loop
      vertex -5.2096657753 8.31224250793 -6.87223815918
      vertex -4.91249608994 8.9655752182 -6.34565353394
      vertex -4.00951337814 8.37952423096 -7.02775287628
    endloop
  endfacet
  facet normal 0.0475283302367 -0.714522123337 -0.697996556759
    outer loop
      vertex -4.00951337814 8.37952423096 -7.02775287628
      vertex -3.9760222435 9.11894321442 -6.30320739746
      vertex -3.03790187836 9.14244556427 -6.2178478241
    endloop
  endfacet
  facet normal 0.213900521398 -0.671159505844 -0.709782719612
    outer loop
      vertex -2.32907509804 8.11523246765 -7.07826805115
      vertex -3.03790187836 9.14244556427 -6.2178478241
      vertex -1.69571614265 9.0500421524 -5.88780975342
    endloop
  endfacet
  facet normal 0.0837948471308 -0.73468464613 -0.673213839531
    outer loop
      vertex -4.00951337814 8.37952423096 -7.02775287628
      vertex -3.03790187836 9.14244556427 -6.2178478241
      vertex -2.32907509804 8.11523246765 -7.07826805115
    endloop
  endfacet
  facet normal 0.257608562708 -0.677806258202 -0.688633799553
    outer loop
      vertex -2.32907509804 8.11523246765 -7.07826805115
      vertex -1.69571614265 9.0500421524 -5.88780975342
      vertex -1.43826055527 8.17603874207 -6.6779255867
    endloop
  endfacet
  facet normal -0.204557105899 -0.707589566708 0.676367819309
    outer loop
      vertex -6.58716583252 -3.61296916008 -6.8990354538
      vertex -6.09387207031 -3.20384049416 -7.43271780014
      vertex -5.12334918976 -3.81152534485 -7.13241529465
    endloop
  endfacet
  facet normal -0.123609773815 -0.796957910061 0.591251790524
    outer loop
      vertex -6.09387207031 -3.20384049416 -7.43271780014
      vertex -4.72014570236 -2.9595990181 -7.82698488235
      vertex -5.12334918976 -3.81152534485 -7.13241529465
    endloop
  endfacet
  facet normal 0.0518125779927 -0.761862397194 0.645663321018
    outer loop
      vertex -4.72014570236 -2.9595990181 -7.82698488235
      vertex -3.55105829239 -3.17596387863 -7.56411266327
      vertex -5.12334918976 -3.81152534485 -7.13241529465
    endloop
  endfacet
  facet normal 0.0701262131333 -0.73596483469 0.673378109932
    outer loop
      vertex -5.12334918976 -3.81152534485 -7.13241529465
      vertex -3.55105829239 -3.17596387863 -7.56411266327
      vertex -3.54751801491 -3.74161863327 -7.04622411728
    endloop
  endfacet
  facet normal 0.265992552042 -0.711820065975 0.650046288967
    outer loop
      vertex -3.54751801491 -3.74161863327 -7.04622411728
      vertex -3.55105829239 -3.17596387863 -7.56411266327
      vertex -2.55867934227 -3.16089487076 -7.20704221725
    endloop
  endfacet
  facet normal -0.524520814419 -0.708768188953 0.471726179123
    outer loop
      vertex -7.80970001221 -2.46848249435 -6.90137481689
      vertex -6.94787836075 -2.67480111122 -7.40184497833
      vertex -7.33252239227 -3.25427889824 -6.73151493073
    endloop
  endfacet
  facet normal -0.329405844212 -0.810430467129 0.484452515841
    outer loop
      vertex -6.09387207031 -3.20384049416 -7.43271780014
      vertex -6.94787836075 -2.67480111122 -7.40184497833
      vertex -6.42466259003 -2.22404766083 -7.88395786285
    endloop
  endfacet
  facet normal -0.364846855402 -0.754963874817 0.544900298119
    outer loop
      vertex -6.58716583252 -3.61296916008 -6.8990354538
      vertex -6.94787836075 -2.67480111122 -7.40184497833
      vertex -6.09387207031 -3.20384049416 -7.43271780014
    endloop
  endfacet
  facet normal -0.425877064466 -0.719082415104 0.549134910107
    outer loop
      vertex -6.58716583252 -3.61296916008 -6.8990354538
      vertex -7.33252239227 -3.25427889824 -6.73151493073
      vertex -6.94787836075 -2.67480111122 -7.40184497833
    endloop
  endfacet
  facet normal -0.149943977594 -0.842732787132 0.517028272152
    outer loop
      vertex -6.09387207031 -3.20384049416 -7.43271780014
      vertex -5.60750484467 -2.17546725273 -8.15017604828
      vertex -4.72014570236 -2.9595990181 -7.82698488235
    endloop
  endfacet
  facet normal -0.247377812862 -0.845636427402 0.472972810268
    outer loop
      vertex -6.42466259003 -2.22404766083 -7.88395786285
      vertex -5.60750484467 -2.17546725273 -8.15017604828
      vertex -6.09387207031 -3.20384049416 -7.43271780014
    endloop
  endfacet
  facet normal 0.089241668582 -0.838864266872 0.536975502968
    outer loop
      vertex -4.72014570236 -2.9595990181 -7.82698488235
      vertex -3.38404655457 -2.56479454041 -7.93756818771
      vertex -3.55105829239 -3.17596387863 -7.56411266327
    endloop
  endfacet
  facet normal 0.287214517593 -0.774445176125 0.563686490059
    outer loop
      vertex -3.55105829239 -3.17596387863 -7.56411266327
      vertex -2.58972930908 -2.15609359741 -7.94991111755
      vertex -2.55867934227 -3.16089487076 -7.20704221725
    endloop
  endfacet
  facet normal 0.273271262646 -0.785797476768 0.554837942123
    outer loop
      vertex -3.38404655457 -2.56479454041 -7.93756818771
      vertex -2.58972930908 -2.15609359741 -7.94991111755
      vertex -3.55105829239 -3.17596387863 -7.56411266327
    endloop
  endfacet
  facet normal 0.382600873709 -0.748534917831 0.541582942009
    outer loop
      vertex -1.88926804066 -2.13667798042 -7.60592985153
      vertex -2.55867934227 -3.16089487076 -7.20704221725
      vertex -2.58972930908 -2.15609359741 -7.94991111755
    endloop
  endfacet
  facet normal 0.414497882128 -0.723118424416 0.552531659603
    outer loop
      vertex -1.73514246941 -2.67642831802 -7.10516262054
      vertex -2.55867934227 -3.16089487076 -7.20704221725
      vertex -1.88926804066 -2.13667798042 -7.60592985153
    endloop
  endfacet
  facet normal 0.451384544373 -0.626319766045 0.635590672493
    outer loop
      vertex -1.73514246941 -2.67642831802 -7.10516262054
      vertex -2.36918663979 -3.53198933601 -6.69388866425
      vertex -2.55867934227 -3.16089487076 -7.20704221725
    endloop
  endfacet
  facet normal -0.530007123947 -0.747986614704 0.399510324001
    outer loop
      vertex -6.94787836075 -2.67480111122 -7.40184497833
      vertex -7.80970001221 -2.46848249435 -6.90137481689
      vertex -7.35798072815 -1.68606412411 -7.63935422897
    endloop
  endfacet
  facet normal -0.594444096088 -0.727376759052 0.342869192362
    outer loop
      vertex -7.80970001221 -2.46848249435 -6.90137481689
      vertex -8.13748168945 -1.40774333477 -7.13350582123
      vertex -7.35798072815 -1.68606412411 -7.63935422897
    endloop
  endfacet
  facet normal -0.431623935699 -0.819957792759 0.37599208951
    outer loop
      vertex -7.35798072815 -1.68606412411 -7.63935422897
      vertex -6.42466259003 -2.22404766083 -7.88395786285
      vertex -6.94787836075 -2.67480111122 -7.40184497833
    endloop
  endfacet
  facet normal -0.0579131506383 -0.898204803467 0.435745567083
    outer loop
      vertex -5.60750484467 -2.17546725273 -8.15017604828
      vertex -4.82195520401 -1.4648873806 -8.5455493927
      vertex -4.72014570236 -2.9595990181 -7.82698488235
    endloop
  endfacet
  facet normal 0.0644191652536 -0.882815480232 0.465281605721
    outer loop
      vertex -4.72014570236 -2.9595990181 -7.82698488235
      vertex -3.76807332039 -1.4993981123 -8.52710056305
      vertex -3.38404655457 -2.56479454041 -7.93756818771
    endloop
  endfacet
  facet normal 0.00159259606153 -0.901304721832 0.433182686567
    outer loop
      vertex -4.82195520401 -1.4648873806 -8.5455493927
      vertex -3.76807332039 -1.4993981123 -8.52710056305
      vertex -4.72014570236 -2.9595990181 -7.82698488235
    endloop
  endfacet
  facet normal 0.201179265976 -0.886007845402 0.417752295732
    outer loop
      vertex -3.76807332039 -1.4993981123 -8.52710056305
      vertex -2.58972930908 -2.15609359741 -7.94991111755
      vertex -3.38404655457 -2.56479454041 -7.93756818771
    endloop
  endfacet
  facet normal 0.563219249249 -0.679743468761 0.46982216835
    outer loop
      vertex -1.73514246941 -2.67642831802 -7.10516262054
      vertex -1.88926804066 -2.13667798042 -7.60592985153
      vertex -1.08202826977 -0.958014190197 -7.75173377991
    endloop
  endfacet
  facet normal -0.689873754978 -0.700311422348 0.183407023549
    outer loop
      vertex -8.59722137451 0.322632998228 -7.13379240036
      vertex -7.85955572128 -0.822483539581 -7.56056499481
      vertex -8.13748168945 -1.40774333477 -7.13350582123
    endloop
  endfacet
  facet normal -0.537989139557 -0.808446109295 0.238710209727
    outer loop
      vertex -7.35798072815 -1.68606412411 -7.63935422897
      vertex -7.85955572128 -0.822483539581 -7.56056499481
      vertex -7.29600000381 -0.545386910439 -8.01740837097
    endloop
  endfacet
  facet normal -0.590432822704 -0.759276986122 0.273655891418
    outer loop
      vertex -8.13748168945 -1.40774333477 -7.13350582123
      vertex -7.85955572128 -0.822483539581 -7.56056499481
      vertex -7.35798072815 -1.68606412411 -7.63935422897
    endloop
  endfacet
  facet normal -0.397623747587 -0.868918955326 0.294745922089
    outer loop
      vertex -7.35798072815 -1.68606412411 -7.63935422897
      vertex -6.60865545273 -0.536127388477 -8.37232112885
      vertex -6.42466259003 -2.22404766083 -7.88395786285
    endloop
  endfacet
  facet normal -0.440139710903 -0.859205543995 0.260850191116
    outer loop
      vertex -7.29600000381 -0.545386910439 -8.01740837097
      vertex -6.60865545273 -0.536127388477 -8.37232112885
      vertex -7.35798072815 -1.68606412411 -7.63935422897
    endloop
  endfacet
  facet normal -0.280098259449 -0.913568019867 0.294853180647
    outer loop
      vertex -5.60750484467 -2.17546725273 -8.15017604828
      vertex -6.42466259003 -2.22404766083 -7.88395786285
      vertex -6.60865545273 -0.536127388477 -8.37232112885
    endloop
  endfacet
  facet normal -0.31257095933 -0.897038400173 0.312444478273
    outer loop
      vertex -5.91054391861 -0.598157048225 -8.59397029877
      vertex -5.60750484467 -2.17546725273 -8.15017604828
      vertex -6.60865545273 -0.536127388477 -8.37232112885
    endloop
  endfacet
  facet normal -0.197769612074 -0.933046162128 0.300519585609
    outer loop
      vertex -4.82195520401 -1.4648873806 -8.5455493927
      vertex -5.60750484467 -2.17546725273 -8.15017604828
      vertex -5.91054391861 -0.598157048225 -8.59397029877
    endloop
  endfacet
  facet normal 0.223321735859 -0.895066738129 0.385983020067
    outer loop
      vertex -2.58972930908 -2.15609359741 -7.94991111755
      vertex -3.76807332039 -1.4993981123 -8.52710056305
      vertex -2.4777302742 -0.606740891933 -8.59010028839
    endloop
  endfacet
  facet normal 0.408054500818 -0.806821227074 0.427236497402
    outer loop
      vertex -1.88926804066 -2.13667798042 -7.60592985153
      vertex -2.58972930908 -2.15609359741 -7.94991111755
      vertex -1.7747913599 -0.84471809864 -8.23216438293
    endloop
  endfacet
  facet normal 0.313421994448 -0.869433939457 0.381904751062
    outer loop
      vertex -1.7747913599 -0.84471809864 -8.23216438293
      vertex -2.58972930908 -2.15609359741 -7.94991111755
      vertex -2.4777302742 -0.606740891933 -8.59010028839
    endloop
  endfacet
  facet normal 0.498523920774 -0.798455238342 0.33755466342
    outer loop
      vertex -1.7747913599 -0.84471809864 -8.23216438293
      vertex -1.24935591221 -0.00501339137554 -8.2590970993
      vertex -1.08202826977 -0.958014190197 -7.75173377991
    endloop
  endfacet
  facet normal 0.470432400703 -0.776990890503 0.41830432415
    outer loop
      vertex -1.7747913599 -0.84471809864 -8.23216438293
      vertex -1.08202826977 -0.958014190197 -7.75173377991
      vertex -1.88926804066 -2.13667798042 -7.60592985153
    endloop
  endfacet
  facet normal -0.639604747295 -0.757693529129 0.129638835788
    outer loop
      vertex -7.85955572128 -0.822483539581 -7.56056499481
      vertex -8.59722137451 0.322632998228 -7.13379240036
      vertex -8.04275798798 0.89597260952 -7.69993829727
    endloop
  endfacet
  facet normal -0.586047887802 -0.800201833248 0.127376809716
    outer loop
      vertex -8.04275798798 0.89597260952 -7.69993829727
      vertex -7.29600000381 -0.545386910439 -8.01740837097
      vertex -7.85955572128 -0.822483539581 -7.56056499481
    endloop
  endfacet
  facet normal -0.454706788063 -0.883539915085 0.112245187163
    outer loop
      vertex -6.60865545273 -0.536127388477 -8.37232112885
      vertex -7.29600000381 -0.545386910439 -8.01740837097
      vertex -6.77724027634 1.29198122025 -8.51780319214
    endloop
  endfacet
  facet normal 0.575261890888 -0.75961792469 0.30340462923
    outer loop
      vertex -0.849881052971 0.598447203636 -8.19760513306
      vertex -1.08202826977 -0.958014190197 -7.75173377991
      vertex -1.24935591221 -0.00501339137554 -8.2590970993
    endloop
  endfacet
  facet normal 0.66617846489 -0.674703001976 0.317776829004
    outer loop
      vertex -0.614858806133 -1.11763215065 -7.21528863907
      vertex -1.08202826977 -0.958014190197 -7.75173377991
      vertex -0.119333453476 0.794551968575 -7.62663936615
    endloop
  endfacet
  facet normal 0.636170744896 -0.711393177509 0.298674553633
    outer loop
      vertex -1.08202826977 -0.958014190197 -7.75173377991
      vertex -0.849881052971 0.598447203636 -8.19760513306
      vertex -0.119333453476 0.794551968575 -7.62663936615
    endloop
  endfacet
  facet normal -0.701095640659 -0.712605714798 0.0256502367556
    outer loop
      vertex -8.59722137451 0.322632998228 -7.13379240036
      vertex -8.57263946533 2.47649812698 -7.23550605774
      vertex -8.04275798798 0.89597260952 -7.69993829727
    endloop
  endfacet
  facet normal -0.535647451878 -0.839344382286 0.0926433205605
    outer loop
      vertex -8.04275798798 0.89597260952 -7.69993829727
      vertex -7.46308040619 1.58900952339 -8.14636707306
      vertex -7.29600000381 -0.545386910439 -8.01740837097
    endloop
  endfacet
  facet normal -0.504537522793 -0.858541667461 0.0913679301739
    outer loop
      vertex -7.46308040619 1.58900952339 -8.14636707306
      vertex -6.77724027634 1.29198122025 -8.51780319214
      vertex -7.29600000381 -0.545386910439 -8.01740837097
    endloop
  endfacet
  facet normal 0.636235535145 -0.744200527668 0.203396111727
    outer loop
      vertex -0.849881052971 0.598447203636 -8.19760513306
      vertex -0.373798877001 1.54547429085 -8.04942131042
      vertex -0.119333453476 0.794551968575 -7.62663936615
    endloop
  endfacet
  facet normal -0.62548995018 -0.779988586903 -0.0194973237813
    outer loop
      vertex -8.04275798798 0.89597260952 -7.69993829727
      vertex -8.57263946533 2.47649812698 -7.23550605774
      vertex -8.06818675995 2.90133857727 -7.62941837311
    endloop
  endfacet
  facet normal -0.624598681927 -0.780701577663 -0.0195336993784
    outer loop
      vertex -8.06818675995 2.90133857727 -7.62941837311
      vertex -7.46308040619 1.58900952339 -8.14636707306
      vertex -8.04275798798 0.89597260952 -7.69993829727
    endloop
  endfacet
  facet normal -0.461492329836 -0.886124789715 -0.042516682297
    outer loop
      vertex -6.69932460785 3.25527143478 -8.46418190002
      vertex -6.77724027634 1.29198122025 -8.51780319214
      vertex -7.46308040619 1.58900952339 -8.14636707306
    endloop
  endfacet
  facet normal 0.714383006096 -0.684879660606 0.143515586853
    outer loop
      vertex 0.257368475199 2.52746844292 -7.59683990479
      vertex -0.119333453476 0.794551968575 -7.62663936615
      vertex -0.373798877001 1.54547429085 -8.04942131042
    endloop
  endfacet
  facet normal -0.544532179832 -0.835115790367 -0.0778865218163
    outer loop
      vertex -8.06818675995 2.90133857727 -7.62941837311
      vertex -7.65655374527 3.71748042107 -7.82170391083
      vertex -7.46308040619 1.58900952339 -8.14636707306
    endloop
  endfacet
  facet normal -0.528238832951 -0.845232069492 -0.080910615623
    outer loop
      vertex -7.65655374527 3.71748042107 -7.82170391083
      vertex -6.69932460785 3.25527143478 -8.46418190002
      vertex -7.46308040619 1.58900952339 -8.14636707306
    endloop
  endfacet
  facet normal 0.635737657547 -0.770033538342 0.0537213087082
    outer loop
      vertex -0.121034815907 3.532310009 -7.97935152054
      vertex 0.257368475199 2.52746844292 -7.59683990479
      vertex -0.373798877001 1.54547429085 -8.04942131042
    endloop
  endfacet
  facet normal 0.781624495983 -0.623264014721 0.0245982520282
    outer loop
      vertex 0.968909740448 2.57688450813 -6.70645856857
      vertex 0.257368475199 2.52746844292 -7.59683990479
      vertex 0.821982860565 4.05376911163 -6.94900512695
    endloop
  endfacet
  facet normal 0.733184814453 -0.679808855057 -0.0173210315406
    outer loop
      vertex 0.257368475199 2.52746844292 -7.59683990479
      vertex -0.121034815907 3.532310009 -7.97935152054
      vertex 0.821982860565 4.05376911163 -6.94900512695
    endloop
  endfacet
  facet normal -0.553483188152 -0.797722697258 -0.239363417029
    outer loop
      vertex -7.65655374527 3.71748042107 -7.82170391083
      vertex -7.6310172081 5.4984703064 -7.30502080917
      vertex -6.88493680954 4.56446552277 -8.1029291153
    endloop
  endfacet
  facet normal -0.493168711662 -0.85400134325 -0.165729805827
    outer loop
      vertex -6.69932460785 3.25527143478 -8.46418190002
      vertex -7.65655374527 3.71748042107 -7.82170391083
      vertex -6.88493680954 4.56446552277 -8.1029291153
    endloop
  endfacet
  facet normal -0.406311631203 -0.893959403038 -0.189069911838
    outer loop
      vertex -6.69932460785 3.25527143478 -8.46418190002
      vertex -6.88493680954 4.56446552277 -8.1029291153
      vertex -5.92965173721 4.42245578766 -8.56714820862
    endloop
  endfacet
  facet normal 0.62707144022 -0.763343572617 -0.155203089118
    outer loop
      vertex -0.183152198792 5.37315225601 -7.65609931946
      vertex -0.121034815907 3.532310009 -7.97935152054
      vertex -0.625685572624 4.46395921707 -8.20448875427
    endloop
  endfacet
  facet normal 0.709342837334 -0.698190927505 -0.0967583507299
    outer loop
      vertex 0.821982860565 4.05376911163 -6.94900512695
      vertex -0.121034815907 3.532310009 -7.97935152054
      vertex 0.350248843431 5.02777814865 -7.29329156876
    endloop
  endfacet
  facet normal 0.622492611408 -0.766983866692 -0.15568780899
    outer loop
      vertex -0.121034815907 3.532310009 -7.97935152054
      vertex -0.183152198792 5.37315225601 -7.65609931946
      vertex 0.350248843431 5.02777814865 -7.29329156876
    endloop
  endfacet
  facet normal -0.484882354736 -0.817419826984 -0.310988605022
    outer loop
      vertex -7.6310172081 5.4984703064 -7.30502080917
      vertex -6.59142065048 5.95986127853 -7.74615859985
      vertex -6.88493680954 4.56446552277 -8.1029291153
    endloop
  endfacet
  facet normal -0.367951899767 -0.879357278347 -0.302228659391
    outer loop
      vertex -6.88493680954 4.56446552277 -8.1029291153
      vertex -6.59142065048 5.95986127853 -7.74615859985
      vertex -5.65307569504 6.18332767487 -8.06198883057
    endloop
  endfacet
  facet normal -0.37795561552 -0.872499644756 -0.309667497873
    outer loop
      vertex -5.92965173721 4.42245578766 -8.56714820862
      vertex -6.88493680954 4.56446552277 -8.1029291153
      vertex -5.65307569504 6.18332767487 -8.06198883057
    endloop
  endfacet
  facet normal -0.305506080389 -0.901477515697 -0.306601196527
    outer loop
      vertex -5.92965173721 4.42245578766 -8.56714820862
      vertex -5.65307569504 6.18332767487 -8.06198883057
      vertex -5.00047016144 5.32695865631 -8.57441329956
    endloop
  endfacet
  facet normal 0.489888876677 -0.830944657326 -0.263704031706
    outer loop
      vertex -1.30100750923 5.31069993973 -8.33391189575
      vertex -0.803512990475 6.03986692429 -7.80920648575
      vertex -0.625685572624 4.46395921707 -8.20448875427
    endloop
  endfacet
  facet normal 0.48869946599 -0.831632614136 -0.263742387295
    outer loop
      vertex -0.625685572624 4.46395921707 -8.20448875427
      vertex -0.803512990475 6.03986692429 -7.80920648575
      vertex -0.183152198792 5.37315225601 -7.65609931946
    endloop
  endfacet
  facet normal -0.495757550001 -0.789200901985 -0.362472593784
    outer loop
      vertex -7.6310172081 5.4984703064 -7.30502080917
      vertex -7.35242509842 6.66965532303 -6.94211149216
      vertex -6.59142065048 5.95986127853 -7.74615859985
    endloop
  endfacet
  facet normal -0.202795907855 -0.900631129742 -0.384366184473
    outer loop
      vertex -5.00047016144 5.32695865631 -8.57441329956
      vertex -5.65307569504 6.18332767487 -8.06198883057
      vertex -4.65498828888 6.7992310524 -8.02387714386
    endloop
  endfacet
  facet normal -0.170148834586 -0.90923500061 -0.379922538996
    outer loop
      vertex -5.00047016144 5.32695865631 -8.57441329956
      vertex -4.65498828888 6.7992310524 -8.02387714386
      vertex -4.08288240433 5.47076320648 -8.68603610992
    endloop
  endfacet
  facet normal -0.0722634419799 -0.904722452164 -0.419827729464
    outer loop
      vertex -4.65498828888 6.7992310524 -8.02387714386
      vertex -3.20778107643 6.19581413269 -8.41948127747
      vertex -4.08288240433 5.47076320648 -8.68603610992
    endloop
  endfacet
  facet normal 0.164020732045 -0.907247543335 -0.387297123671
    outer loop
      vertex -3.20778107643 6.19581413269 -8.41948127747
      vertex -2.61444330215 6.77563381195 -8.06469154358
      vertex -1.98443543911 5.33788585663 -8.56455612183
    endloop
  endfacet
  facet normal 0.213238358498 -0.890061795712 -0.402888834476
    outer loop
      vertex -2.61444330215 6.77563381195 -8.06469154358
      vertex -1.66462826729 6.67864131927 -7.88104104996
      vertex -1.98443543911 5.33788585663 -8.56455612183
    endloop
  endfacet
  facet normal 0.310059189796 -0.874891042709 -0.372060388327
    outer loop
      vertex -1.98443543911 5.33788585663 -8.56455612183
      vertex -1.66462826729 6.67864131927 -7.88104104996
      vertex -1.30100750923 5.31069993973 -8.33391189575
    endloop
  endfacet
  facet normal 0.351208388805 -0.85700905323 -0.377078473568
    outer loop
      vertex -1.30100750923 5.31069993973 -8.33391189575
      vertex -1.66462826729 6.67864131927 -7.88104104996
      vertex -0.803512990475 6.03986692429 -7.80920648575
    endloop
  endfacet
  facet normal 0.562872827053 -0.747843444347 -0.352000534534
    outer loop
      vertex -0.343452811241 6.63669061661 -7.18201971054
      vertex -0.183152198792 5.37315225601 -7.65609931946
      vertex -0.803512990475 6.03986692429 -7.80920648575
    endloop
  endfacet
  facet normal 0.602056086063 -0.719440460205 -0.346314787865
    outer loop
      vertex -0.343452811241 6.63669061661 -7.18201971054
      vertex 0.336010158062 6.17715501785 -6.83462381363
      vertex -0.183152198792 5.37315225601 -7.65609931946
    endloop
  endfacet
  facet normal 0.658586621284 -0.696066141129 -0.285929441452
    outer loop
      vertex -0.183152198792 5.37315225601 -7.65609931946
      vertex 0.336010158062 6.17715501785 -6.83462381363
      vertex 0.350248843431 5.02777814865 -7.29329156876
    endloop
  endfacet
  facet normal -0.436020433903 -0.79121285677 -0.428798764944
    outer loop
      vertex -6.51539134979 7.44381141663 -6.98382806778
      vertex -6.59142065048 5.95986127853 -7.74615859985
      vertex -7.35242509842 6.66965532303 -6.94211149216
    endloop
  endfacet
  facet normal -0.378736108541 -0.815200269222 -0.438186585903
    outer loop
      vertex -6.51539134979 7.44381141663 -6.98382806778
      vertex -5.65307569504 6.18332767487 -8.06198883057
      vertex -6.59142065048 5.95986127853 -7.74615859985
    endloop
  endfacet
  facet normal -0.0474676601589 -0.883749425411 -0.46554672718
    outer loop
      vertex -4.65498828888 6.7992310524 -8.02387714386
      vertex -3.88844442368 7.51944351196 -7.68565225601
      vertex -3.20778107643 6.19581413269 -8.41948127747
    endloop
  endfacet
  facet normal 0.0324162691832 -0.866961836815 -0.49731913209
    outer loop
      vertex -3.88844442368 7.51944351196 -7.68565225601
      vertex -2.61444330215 6.77563381195 -8.06469154358
      vertex -3.20778107643 6.19581413269 -8.41948127747
    endloop
  endfacet
  facet normal 0.411077916622 -0.783456742764 -0.466058492661
    outer loop
      vertex -1.20654582977 7.39379501343 -7.215259552
      vertex -0.803512990475 6.03986692429 -7.80920648575
      vertex -1.66462826729 6.67864131927 -7.88104104996
    endloop
  endfacet
  facet normal 0.439493566751 -0.767097294331 -0.467340528965
    outer loop
      vertex -1.20654582977 7.39379501343 -7.215259552
      vertex -0.343452811241 6.63669061661 -7.18201971054
      vertex -0.803512990475 6.03986692429 -7.80920648575
    endloop
  endfacet
  facet normal -0.306682735682 -0.816723644733 -0.488782376051
    outer loop
      vertex -5.28469562531 7.94952011108 -7.14330863953
      vertex -5.65307569504 6.18332767487 -8.06198883057
      vertex -6.51539134979 7.44381141663 -6.98382806778
    endloop
  endfacet
  facet normal -0.269451618195 -0.830197095871 -0.488025158644
    outer loop
      vertex -5.65307569504 6.18332767487 -8.06198883057
      vertex -5.28469562531 7.94952011108 -7.14330863953
      vertex -4.65498828888 6.7992310524 -8.02387714386
    endloop
  endfacet
  facet normal -0.151115208864 -0.823121249676 -0.547389805317
    outer loop
      vertex -5.28469562531 7.94952011108 -7.14330863953
      vertex -3.88844442368 7.51944351196 -7.68565225601
      vertex -4.65498828888 6.7992310524 -8.02387714386
    endloop
  endfacet
  facet normal 0.052286233753 -0.850690186024 -0.523060619831
    outer loop
      vertex -3.88844442368 7.51944351196 -7.68565225601
      vertex -2.92613506317 7.74776077271 -7.48612070084
      vertex -2.61444330215 6.77563381195 -8.06469154358
    endloop
  endfacet
  facet normal 0.212363645434 -0.808290839195 -0.549151659012
    outer loop
      vertex -2.92613506317 7.74776077271 -7.48612070084
      vertex -1.66462826729 6.67864131927 -7.88104104996
      vertex -2.61444330215 6.77563381195 -8.06469154358
    endloop
  endfacet
  facet normal 0.213212743402 -0.807567536831 -0.549886345863
    outer loop
      vertex -2.32907509804 8.11523246765 -7.07826805115
      vertex -1.66462826729 6.67864131927 -7.88104104996
      vertex -2.92613506317 7.74776077271 -7.48612070084
    endloop
  endfacet
  facet normal 0.264682859182 -0.784501791 -0.560802936554
    outer loop
      vertex -2.32907509804 8.11523246765 -7.07826805115
      vertex -1.20654582977 7.39379501343 -7.215259552
      vertex -1.66462826729 6.67864131927 -7.88104104996
    endloop
  endfacet
  facet normal -0.135325312614 -0.780034065247 -0.610928714275
    outer loop
      vertex -4.00951337814 8.37952423096 -7.02775287628
      vertex -5.28469562531 7.94952011108 -7.14330863953
      vertex -5.2096657753 8.31224250793 -6.87223815918
    endloop
  endfacet
  facet normal -0.12721349299 -0.796380281448 -0.59126573801
    outer loop
      vertex -3.88844442368 7.51944351196 -7.68565225601
      vertex -5.28469562531 7.94952011108 -7.14330863953
      vertex -4.00951337814 8.37952423096 -7.02775287628
    endloop
  endfacet
  facet normal 0.084273904562 -0.732255637646 -0.675795555115
    outer loop
      vertex -2.32907509804 8.11523246765 -7.07826805115
      vertex -2.92613506317 7.74776077271 -7.48612070084
      vertex -4.00951337814 8.37952423096 -7.02775287628
    endloop
  endfacet
  facet normal 0.0198382847011 -0.792767167091 -0.609201669693
    outer loop
      vertex -2.92613506317 7.74776077271 -7.48612070084
      vertex -3.88844442368 7.51944351196 -7.68565225601
      vertex -4.00951337814 8.37952423096 -7.02775287628
    endloop
  endfacet
  facet normal -0.144279390574 -0.961248874664 0.234912976623
    outer loop
      vertex -5.91054391861 -0.598157048225 -8.59397029877
      vertex -5.071829319 0.385727286339 -8.96030330658
      vertex -4.82195520401 -1.4648873806 -8.5455493927
    endloop
  endfacet
  facet normal -0.0989525169134 -0.96807038784 0.230321675539
    outer loop
      vertex -5.071829319 0.385727286339 -8.96030330658
      vertex -4.1423201561 0.240899056196 -9.0208568573
      vertex -4.82195520401 -1.4648873806 -8.5455493927
    endloop
  endfacet
  facet normal 0.00796225480735 -0.962447047234 0.27135270834
    outer loop
      vertex -4.82195520401 -1.4648873806 -8.5455493927
      vertex -4.1423201561 0.240899056196 -9.0208568573
      vertex -3.76807332039 -1.4993981123 -8.52710056305
    endloop
  endfacet
  facet normal 0.0948194116354 -0.962863087654 0.252792328596
    outer loop
      vertex -4.1423201561 0.240899056196 -9.0208568573
      vertex -2.68962550163 0.420478373766 -8.92494773865
      vertex -3.76807332039 -1.4993981123 -8.52710056305
    endloop
  endfacet
  facet normal 0.146732851863 -0.948991239071 0.279078930616
    outer loop
      vertex -3.76807332039 -1.4993981123 -8.52710056305
      vertex -2.68962550163 0.420478373766 -8.92494773865
      vertex -2.4777302742 -0.606740891933 -8.59010028839
    endloop
  endfacet
  facet normal 0.353708267212 -0.888664722443 0.291831284761
    outer loop
      vertex -2.4777302742 -0.606740891933 -8.59010028839
      vertex -1.50093734264 0.263559728861 -8.48711585999
      vertex -1.7747913599 -0.84471809864 -8.23216438293
    endloop
  endfacet
  facet normal 0.441502004862 -0.844426333904 0.303348302841
    outer loop
      vertex -1.50093734264 0.263559728861 -8.48711585999
      vertex -1.24935591221 -0.00501339137554 -8.2590970993
      vertex -1.7747913599 -0.84471809864 -8.23216438293
    endloop
  endfacet
  facet normal -0.372339218855 -0.921827018261 0.107696317136
    outer loop
      vertex -6.77724027634 1.29198122025 -8.51780319214
      vertex -5.96648693085 1.11098766327 -8.82413291931
      vertex -6.60865545273 -0.536127388477 -8.37232112885
    endloop
  endfacet
  facet normal -0.256857335567 -0.956655979156 0.137235596776
    outer loop
      vertex -5.91054391861 -0.598157048225 -8.59397029877
      vertex -5.96648693085 1.11098766327 -8.82413291931
      vertex -5.071829319 0.385727286339 -8.96030330658
    endloop
  endfacet
  facet normal -0.31079095602 -0.940576970577 0.136835634708
    outer loop
      vertex -5.91054391861 -0.598157048225 -8.59397029877
      vertex -6.60865545273 -0.536127388477 -8.37232112885
      vertex -5.96648693085 1.11098766327 -8.82413291931
    endloop
  endfacet
  facet normal 0.308123916388 -0.921405375004 0.236794814467
    outer loop
      vertex -2.68962550163 0.420478373766 -8.92494773865
      vertex -1.50093734264 0.263559728861 -8.48711585999
      vertex -2.4777302742 -0.606740891933 -8.59010028839
    endloop
  endfacet
  facet normal -0.201024666429 -0.977463304996 0.064455576241
    outer loop
      vertex -5.96648693085 1.11098766327 -8.82413291931
      vertex -5.23949337006 2.07379961014 -9.03713607788
      vertex -5.071829319 0.385727286339 -8.96030330658
    endloop
  endfacet
  facet normal -0.0790498480201 -0.992585062981 0.0923363789916
    outer loop
      vertex -5.071829319 0.385727286339 -8.96030330658
      vertex -3.81007146835 1.83017873764 -9.19516181946
      vertex -4.1423201561 0.240899056196 -9.0208568573
    endloop
  endfacet
  facet normal -0.119290687144 -0.991223931313 0.0569638609886
    outer loop
      vertex -5.23949337006 2.07379961014 -9.03713607788
      vertex -3.81007146835 1.83017873764 -9.19516181946
      vertex -5.071829319 0.385727286339 -8.96030330658
    endloop
  endfacet
  facet normal 0.0807772949338 -0.988820433617 0.12533634901
    outer loop
      vertex -4.1423201561 0.240899056196 -9.0208568573
      vertex -3.81007146835 1.83017873764 -9.19516181946
      vertex -2.68962550163 0.420478373766 -8.92494773865
    endloop
  endfacet
  facet normal 0.107156343758 -0.988750338554 0.10435654968
    outer loop
      vertex -3.81007146835 1.83017873764 -9.19516181946
      vertex -2.42568635941 2.0157058239 -9.06470966339
      vertex -2.68962550163 0.420478373766 -8.92494773865
    endloop
  endfacet
  facet normal 0.322262853384 -0.932783424854 0.161436468363
    outer loop
      vertex -2.68962550163 0.420478373766 -8.92494773865
      vertex -1.5894536972 1.96763527393 -8.81262016296
      vertex -1.50093734264 0.263559728861 -8.48711585999
    endloop
  endfacet
  facet normal 0.279359638691 -0.951403260231 0.129576459527
    outer loop
      vertex -2.42568635941 2.0157058239 -9.06470966339
      vertex -1.5894536972 1.96763527393 -8.81262016296
      vertex -2.68962550163 0.420478373766 -8.92494773865
    endloop
  endfacet
  facet normal 0.423204034567 -0.89374268055 0.148735806346
    outer loop
      vertex -0.901124954224 1.85321211815 -8.46764183044
      vertex -1.50093734264 0.263559728861 -8.48711585999
      vertex -1.5894536972 1.96763527393 -8.81262016296
    endloop
  endfacet
  facet normal 0.471109777689 -0.866092562675 0.167150482535
    outer loop
      vertex -0.849881052971 0.598447203636 -8.19760513306
      vertex -1.50093734264 0.263559728861 -8.48711585999
      vertex -0.901124954224 1.85321211815 -8.46764183044
    endloop
  endfacet
  facet normal 0.49584120512 -0.833638131618 0.24328777194
    outer loop
      vertex -0.849881052971 0.598447203636 -8.19760513306
      vertex -1.24935591221 -0.00501339137554 -8.2590970993
      vertex -1.50093734264 0.263559728861 -8.48711585999
    endloop
  endfacet
  facet normal 0.557827234268 -0.815773904324 0.152779996395
    outer loop
      vertex -0.901124954224 1.85321211815 -8.46764183044
      vertex -0.373798877001 1.54547429085 -8.04942131042
      vertex -0.849881052971 0.598447203636 -8.19760513306
    endloop
  endfacet
  facet normal -0.350185036659 -0.936536312103 -0.0164378639311
    outer loop
      vertex -5.96648693085 1.11098766327 -8.82413291931
      vertex -6.77724027634 1.29198122025 -8.51780319214
      vertex -6.1102399826 3.06207728386 -8.73613643646
    endloop
  endfacet
  facet normal -0.407651662827 -0.912212431431 -0.0410924553871
    outer loop
      vertex -6.77724027634 1.29198122025 -8.51780319214
      vertex -6.69932460785 3.25527143478 -8.46418190002
      vertex -6.1102399826 3.06207728386 -8.73613643646
    endloop
  endfacet
  facet normal -0.305889815092 -0.951848506927 -0.0203920565546
    outer loop
      vertex -6.1102399826 3.06207728386 -8.73613643646
      vertex -5.23949337006 2.07379961014 -9.03713607788
      vertex -5.96648693085 1.11098766327 -8.82413291931
    endloop
  endfacet
  facet normal -0.107893586159 -0.99409276247 -0.0117684053257
    outer loop
      vertex -5.23949337006 2.07379961014 -9.03713607788
      vertex -4.41360807419 2.99125027657 -9.11591148376
      vertex -3.81007146835 1.83017873764 -9.19516181946
    endloop
  endfacet
  facet normal -0.240673869848 -0.967093884945 -0.0824954509735
    outer loop
      vertex -6.1102399826 3.06207728386 -8.73613643646
      vertex -5.3778629303 3.91034054756 -8.84603881836
      vertex -5.23949337006 2.07379961014 -9.03713607788
    endloop
  endfacet
  facet normal -0.190359964967 -0.977815926075 -0.087401881814
    outer loop
      vertex -5.3778629303 3.91034054756 -8.84603881836
      vertex -4.41360807419 2.99125027657 -9.11591148376
      vertex -5.23949337006 2.07379961014 -9.03713607788
    endloop
  endfacet
  facet normal 0.00324975280091 -0.997557222843 -0.0697783157229
    outer loop
      vertex -4.41360807419 2.99125027657 -9.11591148376
      vertex -4.04568624496 4.11806631088 -9.03589344025
      vertex -3.81007146835 1.83017873764 -9.19516181946
    endloop
  endfacet
  facet normal 0.0898171141744 -0.995512902737 -0.0297822076827
    outer loop
      vertex -3.81007146835 1.83017873764 -9.19516181946
      vertex -2.63559293747 3.83095526695 -9.02934169769
      vertex -2.42568635941 2.0157058239 -9.06470966339
    endloop
  endfacet
  facet normal 0.0191708113998 -0.997263669968 -0.0713974833488
    outer loop
      vertex -4.04568624496 4.11806631088 -9.03589344025
      vertex -2.63559293747 3.83095526695 -9.02934169769
      vertex -3.81007146835 1.83017873764 -9.19516181946
    endloop
  endfacet
  facet normal 0.289264917374 -0.957167387009 -0.012507119216
    outer loop
      vertex -2.42568635941 2.0157058239 -9.06470966339
      vertex -1.87249708176 3.73054099083 -8.87512302399
      vertex -1.5894536972 1.96763527393 -8.81262016296
    endloop
  endfacet
  facet normal 0.203290224075 -0.978192806244 -0.042566228658
    outer loop
      vertex -2.63559293747 3.83095526695 -9.02934169769
      vertex -1.87249708176 3.73054099083 -8.87512302399
      vertex -2.42568635941 2.0157058239 -9.06470966339
    endloop
  endfacet
  facet normal 0.447765260935 -0.894148409367 0.0022075928282
    outer loop
      vertex -1.5894536972 1.96763527393 -8.81262016296
      vertex -1.11969506741 3.80180883408 -8.58190631866
      vertex -0.901124954224 1.85321211815 -8.46764183044
    endloop
  endfacet
  facet normal 0.360783666372 -0.932317852974 -0.0248708445579
    outer loop
      vertex -1.87249708176 3.73054099083 -8.87512302399
      vertex -1.11969506741 3.80180883408 -8.58190631866
      vertex -1.5894536972 1.96763527393 -8.81262016296
    endloop
  endfacet
  facet normal 0.603075325489 -0.796199738979 0.048643220216
    outer loop
      vertex -0.373798877001 1.54547429085 -8.04942131042
      vertex -0.901124954224 1.85321211815 -8.46764183044
      vertex -0.121034815907 3.532310009 -7.97935152054
    endloop
  endfacet
  facet normal 0.518171370029 -0.85523968935 -0.00797131191939
    outer loop
      vertex -0.901124954224 1.85321211815 -8.46764183044
      vertex -1.11969506741 3.80180883408 -8.58190631866
      vertex -0.121034815907 3.532310009 -7.97935152054
    endloop
  endfacet
  facet normal -0.369090259075 -0.915047824383 -0.162664756179
    outer loop
      vertex -5.92965173721 4.42245578766 -8.56714820862
      vertex -6.1102399826 3.06207728386 -8.73613643646
      vertex -6.69932460785 3.25527143478 -8.46418190002
    endloop
  endfacet
  facet normal -0.323949486017 -0.932641863823 -0.158857956529
    outer loop
      vertex -5.92965173721 4.42245578766 -8.56714820862
      vertex -5.3778629303 3.91034054756 -8.84603881836
      vertex -6.1102399826 3.06207728386 -8.73613643646
    endloop
  endfacet
  facet normal -0.15856744349 -0.979861617088 -0.121357381344
    outer loop
      vertex -5.3778629303 3.91034054756 -8.84603881836
      vertex -4.04568624496 4.11806631088 -9.03589344025
      vertex -4.41360807419 2.99125027657 -9.11591148376
    endloop
  endfacet
  facet normal 0.531320333481 -0.842987179756 -0.0840908586979
    outer loop
      vertex -0.121034815907 3.532310009 -7.97935152054
      vertex -1.11969506741 3.80180883408 -8.58190631866
      vertex -0.625685572624 4.46395921707 -8.20448875427
    endloop
  endfacet
  facet normal -0.246186122298 -0.937648594379 -0.245372220874
    outer loop
      vertex -5.00047016144 5.32695865631 -8.57441329956
      vertex -5.3778629303 3.91034054756 -8.84603881836
      vertex -5.92965173721 4.42245578766 -8.56714820862
    endloop
  endfacet
  facet normal -0.173789560795 -0.954558730125 -0.242105022073
    outer loop
      vertex -5.3778629303 3.91034054756 -8.84603881836
      vertex -4.08288240433 5.47076320648 -8.68603610992
      vertex -4.04568624496 4.11806631088 -9.03589344025
    endloop
  endfacet
  facet normal -0.152347713709 -0.962349176407 -0.225109443069
    outer loop
      vertex -5.00047016144 5.32695865631 -8.57441329956
      vertex -4.08288240433 5.47076320648 -8.68603610992
      vertex -5.3778629303 3.91034054756 -8.84603881836
    endloop
  endfacet
  facet normal 0.0445134453475 -0.979539453983 -0.196267619729
    outer loop
      vertex -4.04568624496 4.11806631088 -9.03589344025
      vertex -2.79167175293 5.10233831406 -8.78169059753
      vertex -2.63559293747 3.83095526695 -9.02934169769
    endloop
  endfacet
  facet normal -0.000276923703495 -0.968144953251 -0.250390142202
    outer loop
      vertex -4.08288240433 5.47076320648 -8.68603610992
      vertex -2.79167175293 5.10233831406 -8.78169059753
      vertex -4.04568624496 4.11806631088 -9.03589344025
    endloop
  endfacet
  facet normal 0.219288915396 -0.954984724522 -0.199791193008
    outer loop
      vertex -2.63559293747 3.83095526695 -9.02934169769
      vertex -1.98443543911 5.33788585663 -8.56455612183
      vertex -1.87249708176 3.73054099083 -8.87512302399
    endloop
  endfacet
  facet normal 0.196144253016 -0.957686960697 -0.210625648499
    outer loop
      vertex -2.79167175293 5.10233831406 -8.78169059753
      vertex -1.98443543911 5.33788585663 -8.56455612183
      vertex -2.63559293747 3.83095526695 -9.02934169769
    endloop
  endfacet
  facet normal 0.338925331831 -0.919051826 -0.201180025935
    outer loop
      vertex -1.98443543911 5.33788585663 -8.56455612183
      vertex -1.11969506741 3.80180883408 -8.58190631866
      vertex -1.87249708176 3.73054099083 -8.87512302399
    endloop
  endfacet
  facet normal 0.32068786025 -0.927725195885 -0.191011145711
    outer loop
      vertex -1.30100750923 5.31069993973 -8.33391189575
      vertex -1.11969506741 3.80180883408 -8.58190631866
      vertex -1.98443543911 5.33788585663 -8.56455612183
    endloop
  endfacet
  facet normal 0.415859907866 -0.888072013855 -0.195930078626
    outer loop
      vertex -1.30100750923 5.31069993973 -8.33391189575
      vertex -0.625685572624 4.46395921707 -8.20448875427
      vertex -1.11969506741 3.80180883408 -8.58190631866
    endloop
  endfacet
  facet normal 0.143007233739 -0.921994268894 -0.359827011824
    outer loop
      vertex -1.98443543911 5.33788585663 -8.56455612183
      vertex -2.79167175293 5.10233831406 -8.78169059753
      vertex -3.20778107643 6.19581413269 -8.41948127747
    endloop
  endfacet
  facet normal 0.0216981526464 -0.946558594704 -0.321801126003
    outer loop
      vertex -2.79167175293 5.10233831406 -8.78169059753
      vertex -4.08288240433 5.47076320648 -8.68603610992
      vertex -3.20778107643 6.19581413269 -8.41948127747
    endloop
  endfacet
endsolid "Y329W4_Flat_top_RAS"
